https://adresowo.pl/o/mieszkanie-gdansk-wrzeszcz-1-pokoj-25-m2-r6l6h7,"Gdańsk Wrzeszcz, ",Wrzeszcz,421 999,25,"nym, - korytarz, - łazienka + ogródek Nie ma już dostępnych tego ty",adresowo,"19, 09 05 2025"
https://adresowo.pl/o/mieszkanie-gdansk-wrzeszcz-al-grunwaldzka-4-pokojowe-y9h0f9,"Gdańsk Wrzeszcz, al. Grunwaldzka",Wrzeszcz,1 369 000,77,"ca, garaż/miejsce parkingowe, ogródek, osobna kuchnia Mieszkanie do",adresowo,"19, 09 05 2025"
https://adresowo.pl/o/mieszkanie-gdansk-wrzeszcz-al-gen-jozefa-hallera-4-pokojowe-f5a8r7,"Gdańsk Wrzeszcz, al. gen. Józefa Hallera",Wrzeszcz,1 339 000,71,"zystko zostaje. Duża piwnica, ogródek, spokojna, Największy ATUT: c",adresowo,"19, 09 05 2025"
https://adresowo.pl/o/mieszkanie-gdansk-wrzeszcz-ul-romana-dmowskiego-4-pokojowe-l2z2z1,"Gdańsk Wrzeszcz, ul. Romana Dmowskiego",Wrzeszcz,725 000,50,"ewnętrzne miejsce parkingowe, ogródek, aneks kuchenny Mieszkanie do",adresowo,"19, 09 05 2025"
https://adresowo.pl/o/mieszkanie-gdansk-wrzeszcz-ul-tadeusza-kosciuszki-3-pokojowe-w8l4a1,"Gdańsk Wrzeszcz, ul. Tadeusza Kościuszki",Wrzeszcz,789 000,67,"a piwnica – 12,2 m2. Strych I ogródek jako części wspólne do dyspoz",adresowo,"19, 09 05 2025"
https://adresowo.pl/o/mieszkanie-gdansk-wrzeszcz-ul-brzozowa-2-pokojowe-k8r3f3,"Gdańsk Wrzeszcz, ul. Brzozowa",Wrzeszcz,585 000,33,"ewnętrzne miejsce parkingowe, ogródek, aneks kuchenny Mieszkanie w ",adresowo,"19, 09 05 2025"
https://adresowo.pl/o/mieszkanie-gdansk-wrzeszcz-1-pokoj-25-m2-r6l6h7,"Gdańsk Wrzeszcz, ",Wrzeszcz,421 999,25,"nym, - korytarz, - łazienka + ogródek Nie ma już dostępnych tego ty",adresowo,20-09-05-2025
https://adresowo.pl/o/mieszkanie-gdansk-wrzeszcz-al-grunwaldzka-4-pokojowe-y9h0f9,"Gdańsk Wrzeszcz, al. Grunwaldzka",Wrzeszcz,1 369 000,77,"ca, garaż/miejsce parkingowe, ogródek, osobna kuchnia Mieszkanie do",adresowo,20-09-05-2025
https://adresowo.pl/o/mieszkanie-gdansk-wrzeszcz-al-gen-jozefa-hallera-4-pokojowe-f5a8r7,"Gdańsk Wrzeszcz, al. gen. Józefa Hallera",Wrzeszcz,1 339 000,71,"zystko zostaje. Duża piwnica, ogródek, spokojna, Największy ATUT: c",adresowo,20-09-05-2025
https://adresowo.pl/o/mieszkanie-gdansk-wrzeszcz-ul-romana-dmowskiego-4-pokojowe-l2z2z1,"Gdańsk Wrzeszcz, ul. Romana Dmowskiego",Wrzeszcz,725 000,50,"ewnętrzne miejsce parkingowe, ogródek, aneks kuchenny Mieszkanie do",adresowo,20-09-05-2025
https://adresowo.pl/o/mieszkanie-gdansk-wrzeszcz-ul-tadeusza-kosciuszki-3-pokojowe-w8l4a1,"Gdańsk Wrzeszcz, ul. Tadeusza Kościuszki",Wrzeszcz,789 000,67,"a piwnica – 12,2 m2. Strych I ogródek jako części wspólne do dyspoz",adresowo,20-09-05-2025
https://adresowo.pl/o/mieszkanie-gdansk-wrzeszcz-ul-brzozowa-2-pokojowe-k8r3f3,"Gdańsk Wrzeszcz, ul. Brzozowa",Wrzeszcz,585 000,33,"ewnętrzne miejsce parkingowe, ogródek, aneks kuchenny Mieszkanie w ",adresowo,20-09-05-2025
https://adresowo.pl/o/mieszkanie-gdansk-wrzeszcz-1-pokoj-25-m2-r6l6h7,"Gdańsk Wrzeszcz, ",Wrzeszcz,421 999,25,"nym, - korytarz, - łazienka + ogródek Nie ma już dostępnych tego ty",adresowo,21-09-05-2025
https://adresowo.pl/o/mieszkanie-gdansk-wrzeszcz-al-grunwaldzka-4-pokojowe-y9h0f9,"Gdańsk Wrzeszcz, al. Grunwaldzka",Wrzeszcz,1 369 000,77,"ca, garaż/miejsce parkingowe, ogródek, osobna kuchnia Mieszkanie do",adresowo,21-09-05-2025
https://adresowo.pl/o/mieszkanie-gdansk-wrzeszcz-al-gen-jozefa-hallera-4-pokojowe-f5a8r7,"Gdańsk Wrzeszcz, al. gen. Józefa Hallera",Wrzeszcz,1 339 000,71,"zystko zostaje. Duża piwnica, ogródek, spokojna, Największy ATUT: c",adresowo,21-09-05-2025
https://adresowo.pl/o/mieszkanie-gdansk-wrzeszcz-ul-romana-dmowskiego-4-pokojowe-l2z2z1,"Gdańsk Wrzeszcz, ul. Romana Dmowskiego",Wrzeszcz,725 000,50,"ewnętrzne miejsce parkingowe, ogródek, aneks kuchenny Mieszkanie do",adresowo,21-09-05-2025
https://adresowo.pl/o/mieszkanie-gdansk-wrzeszcz-ul-tadeusza-kosciuszki-3-pokojowe-w8l4a1,"Gdańsk Wrzeszcz, ul. Tadeusza Kościuszki",Wrzeszcz,789 000,67,"a piwnica – 12,2 m2. Strych I ogródek jako części wspólne do dyspoz",adresowo,21-09-05-2025
https://adresowo.pl/o/mieszkanie-gdansk-wrzeszcz-ul-brzozowa-2-pokojowe-k8r3f3,"Gdańsk Wrzeszcz, ul. Brzozowa",Wrzeszcz,585 000,33,"ewnętrzne miejsce parkingowe, ogródek, aneks kuchenny Mieszkanie w ",adresowo,21-09-05-2025
https://adresowo.pl/o/mieszkanie-gdansk-wrzeszcz-1-pokoj-25-m2-r6l6h7,"Gdańsk Wrzeszcz, ",Wrzeszcz,421 999,25,"nym, - korytarz, - łazienka + ogródek Nie ma już dostępnych tego ty",adresowo,22-09-05-2025
https://adresowo.pl/o/mieszkanie-gdansk-wrzeszcz-al-grunwaldzka-4-pokojowe-y9h0f9,"Gdańsk Wrzeszcz, al. Grunwaldzka",Wrzeszcz,1 369 000,77,"ca, garaż/miejsce parkingowe, ogródek, osobna kuchnia Mieszkanie do",adresowo,22-09-05-2025
https://adresowo.pl/o/mieszkanie-gdansk-wrzeszcz-al-gen-jozefa-hallera-4-pokojowe-f5a8r7,"Gdańsk Wrzeszcz, al. gen. Józefa Hallera",Wrzeszcz,1 339 000,71,"zystko zostaje. Duża piwnica, ogródek, spokojna, Największy ATUT: c",adresowo,22-09-05-2025
https://adresowo.pl/o/mieszkanie-gdansk-wrzeszcz-ul-romana-dmowskiego-4-pokojowe-l2z2z1,"Gdańsk Wrzeszcz, ul. Romana Dmowskiego",Wrzeszcz,725 000,50,"ewnętrzne miejsce parkingowe, ogródek, aneks kuchenny Mieszkanie do",adresowo,22-09-05-2025
https://adresowo.pl/o/mieszkanie-gdansk-wrzeszcz-ul-tadeusza-kosciuszki-3-pokojowe-w8l4a1,"Gdańsk Wrzeszcz, ul. Tadeusza Kościuszki",Wrzeszcz,789 000,67,"a piwnica – 12,2 m2. Strych I ogródek jako części wspólne do dyspoz",adresowo,22-09-05-2025
https://adresowo.pl/o/mieszkanie-gdansk-wrzeszcz-ul-brzozowa-2-pokojowe-k8r3f3,"Gdańsk Wrzeszcz, ul. Brzozowa",Wrzeszcz,585 000,33,"ewnętrzne miejsce parkingowe, ogródek, aneks kuchenny Mieszkanie w ",adresowo,22-09-05-2025
https://adresowo.pl/o/mieszkanie-gdansk-wrzeszcz-1-pokoj-25-m2-r6l6h7,"Gdańsk Wrzeszcz, ",Wrzeszcz,421 999,25,"nym, - korytarz, - łazienka + ogródek Nie ma już dostępnych tego ty",adresowo,23-09-05-2025
https://adresowo.pl/o/mieszkanie-gdansk-wrzeszcz-al-grunwaldzka-4-pokojowe-y9h0f9,"Gdańsk Wrzeszcz, al. Grunwaldzka",Wrzeszcz,1 369 000,77,"ca, garaż/miejsce parkingowe, ogródek, osobna kuchnia Mieszkanie do",adresowo,23-09-05-2025
https://adresowo.pl/o/mieszkanie-gdansk-wrzeszcz-al-gen-jozefa-hallera-4-pokojowe-f5a8r7,"Gdańsk Wrzeszcz, al. gen. Józefa Hallera",Wrzeszcz,1 339 000,71,"zystko zostaje. Duża piwnica, ogródek, spokojna, Największy ATUT: c",adresowo,23-09-05-2025
https://adresowo.pl/o/mieszkanie-gdansk-wrzeszcz-ul-romana-dmowskiego-4-pokojowe-l2z2z1,"Gdańsk Wrzeszcz, ul. Romana Dmowskiego",Wrzeszcz,725 000,50,"ewnętrzne miejsce parkingowe, ogródek, aneks kuchenny Mieszkanie do",adresowo,23-09-05-2025
https://adresowo.pl/o/mieszkanie-gdansk-wrzeszcz-ul-tadeusza-kosciuszki-3-pokojowe-w8l4a1,"Gdańsk Wrzeszcz, ul. Tadeusza Kościuszki",Wrzeszcz,789 000,67,"a piwnica – 12,2 m2. Strych I ogródek jako części wspólne do dyspoz",adresowo,23-09-05-2025
https://adresowo.pl/o/mieszkanie-gdansk-wrzeszcz-ul-brzozowa-2-pokojowe-k8r3f3,"Gdańsk Wrzeszcz, ul. Brzozowa",Wrzeszcz,585 000,33,"ewnętrzne miejsce parkingowe, ogródek, aneks kuchenny Mieszkanie w ",adresowo,23-09-05-2025
https://adresowo.pl/o/mieszkanie-gdansk-wrzeszcz-1-pokoj-25-m2-r6l6h7,"Gdańsk Wrzeszcz, ",Wrzeszcz,421 999,25,"nym, - korytarz, - łazienka + ogródek Nie ma już dostępnych tego ty",adresowo,01-10-05-2025
https://adresowo.pl/o/mieszkanie-gdansk-wrzeszcz-al-grunwaldzka-4-pokojowe-y9h0f9,"Gdańsk Wrzeszcz, al. Grunwaldzka",Wrzeszcz,1 369 000,77,"ca, garaż/miejsce parkingowe, ogródek, osobna kuchnia Mieszkanie do",adresowo,01-10-05-2025
https://adresowo.pl/o/mieszkanie-gdansk-wrzeszcz-al-gen-jozefa-hallera-4-pokojowe-f5a8r7,"Gdańsk Wrzeszcz, al. gen. Józefa Hallera",Wrzeszcz,1 339 000,71,"zystko zostaje. Duża piwnica, ogródek, spokojna, Największy ATUT: c",adresowo,01-10-05-2025
https://adresowo.pl/o/mieszkanie-gdansk-wrzeszcz-ul-romana-dmowskiego-4-pokojowe-l2z2z1,"Gdańsk Wrzeszcz, ul. Romana Dmowskiego",Wrzeszcz,725 000,50,"ewnętrzne miejsce parkingowe, ogródek, aneks kuchenny Mieszkanie do",adresowo,01-10-05-2025
https://adresowo.pl/o/mieszkanie-gdansk-wrzeszcz-ul-tadeusza-kosciuszki-3-pokojowe-w8l4a1,"Gdańsk Wrzeszcz, ul. Tadeusza Kościuszki",Wrzeszcz,789 000,67,"a piwnica – 12,2 m2. Strych I ogródek jako części wspólne do dyspoz",adresowo,01-10-05-2025
https://adresowo.pl/o/mieszkanie-gdansk-wrzeszcz-ul-brzozowa-2-pokojowe-k8r3f3,"Gdańsk Wrzeszcz, ul. Brzozowa",Wrzeszcz,585 000,33,"ewnętrzne miejsce parkingowe, ogródek, aneks kuchenny Mieszkanie w ",adresowo,01-10-05-2025
https://adresowo.pl/o/mieszkanie-gdansk-wrzeszcz-1-pokoj-25-m2-r6l6h7,"Gdańsk Wrzeszcz, ",Wrzeszcz,421 999,25,"nym, - korytarz, - łazienka + ogródek Nie ma już dostępnych tego ty",adresowo,03-10-05-2025
https://adresowo.pl/o/mieszkanie-gdansk-wrzeszcz-al-grunwaldzka-4-pokojowe-y9h0f9,"Gdańsk Wrzeszcz, al. Grunwaldzka",Wrzeszcz,1 369 000,77,"ca, garaż/miejsce parkingowe, ogródek, osobna kuchnia Mieszkanie do",adresowo,03-10-05-2025
https://adresowo.pl/o/mieszkanie-gdansk-wrzeszcz-al-gen-jozefa-hallera-4-pokojowe-f5a8r7,"Gdańsk Wrzeszcz, al. gen. Józefa Hallera",Wrzeszcz,1 339 000,71,"zystko zostaje. Duża piwnica, ogródek, spokojna, Największy ATUT: c",adresowo,03-10-05-2025
https://adresowo.pl/o/mieszkanie-gdansk-wrzeszcz-ul-romana-dmowskiego-4-pokojowe-l2z2z1,"Gdańsk Wrzeszcz, ul. Romana Dmowskiego",Wrzeszcz,725 000,50,"ewnętrzne miejsce parkingowe, ogródek, aneks kuchenny Mieszkanie do",adresowo,03-10-05-2025
https://adresowo.pl/o/mieszkanie-gdansk-wrzeszcz-ul-tadeusza-kosciuszki-3-pokojowe-w8l4a1,"Gdańsk Wrzeszcz, ul. Tadeusza Kościuszki",Wrzeszcz,789 000,67,"a piwnica – 12,2 m2. Strych I ogródek jako części wspólne do dyspoz",adresowo,03-10-05-2025
https://adresowo.pl/o/mieszkanie-gdansk-wrzeszcz-ul-brzozowa-2-pokojowe-k8r3f3,"Gdańsk Wrzeszcz, ul. Brzozowa",Wrzeszcz,585 000,33,"ewnętrzne miejsce parkingowe, ogródek, aneks kuchenny Mieszkanie w ",adresowo,03-10-05-2025
https://adresowo.pl/o/mieszkanie-gdansk-wrzeszcz-1-pokoj-25-m2-r6l6h7,"Gdańsk Wrzeszcz, ",Wrzeszcz,421 999,25,"nym, - korytarz, - łazienka + ogródek Nie ma już dostępnych tego ty",adresowo,04-10-05-2025
https://adresowo.pl/o/mieszkanie-gdansk-wrzeszcz-al-grunwaldzka-4-pokojowe-y9h0f9,"Gdańsk Wrzeszcz, al. Grunwaldzka",Wrzeszcz,1 369 000,77,"ca, garaż/miejsce parkingowe, ogródek, osobna kuchnia Mieszkanie do",adresowo,04-10-05-2025
https://adresowo.pl/o/mieszkanie-gdansk-wrzeszcz-al-gen-jozefa-hallera-4-pokojowe-f5a8r7,"Gdańsk Wrzeszcz, al. gen. Józefa Hallera",Wrzeszcz,1 339 000,71,"zystko zostaje. Duża piwnica, ogródek, spokojna, Największy ATUT: c",adresowo,04-10-05-2025
https://adresowo.pl/o/mieszkanie-gdansk-wrzeszcz-ul-romana-dmowskiego-4-pokojowe-l2z2z1,"Gdańsk Wrzeszcz, ul. Romana Dmowskiego",Wrzeszcz,725 000,50,"ewnętrzne miejsce parkingowe, ogródek, aneks kuchenny Mieszkanie do",adresowo,04-10-05-2025
https://adresowo.pl/o/mieszkanie-gdansk-wrzeszcz-ul-tadeusza-kosciuszki-3-pokojowe-w8l4a1,"Gdańsk Wrzeszcz, ul. Tadeusza Kościuszki",Wrzeszcz,789 000,67,"a piwnica – 12,2 m2. Strych I ogródek jako części wspólne do dyspoz",adresowo,04-10-05-2025
https://adresowo.pl/o/mieszkanie-gdansk-wrzeszcz-ul-brzozowa-2-pokojowe-k8r3f3,"Gdańsk Wrzeszcz, ul. Brzozowa",Wrzeszcz,585 000,33,"ewnętrzne miejsce parkingowe, ogródek, aneks kuchenny Mieszkanie w ",adresowo,04-10-05-2025
https://adresowo.pl/o/mieszkanie-gdansk-wrzeszcz-1-pokoj-25-m2-r6l6h7,"Gdańsk Wrzeszcz, ",Wrzeszcz,421 999,25,"nym, - korytarz, - łazienka + ogródek Nie ma już dostępnych tego ty",adresowo,05-10-05-2025
https://adresowo.pl/o/mieszkanie-gdansk-wrzeszcz-al-grunwaldzka-4-pokojowe-y9h0f9,"Gdańsk Wrzeszcz, al. Grunwaldzka",Wrzeszcz,1 369 000,77,"ca, garaż/miejsce parkingowe, ogródek, osobna kuchnia Mieszkanie do",adresowo,05-10-05-2025
https://adresowo.pl/o/mieszkanie-gdansk-wrzeszcz-al-gen-jozefa-hallera-4-pokojowe-f5a8r7,"Gdańsk Wrzeszcz, al. gen. Józefa Hallera",Wrzeszcz,1 339 000,71,"zystko zostaje. Duża piwnica, ogródek, spokojna, Największy ATUT: c",adresowo,05-10-05-2025
https://adresowo.pl/o/mieszkanie-gdansk-wrzeszcz-ul-romana-dmowskiego-4-pokojowe-l2z2z1,"Gdańsk Wrzeszcz, ul. Romana Dmowskiego",Wrzeszcz,725 000,50,"ewnętrzne miejsce parkingowe, ogródek, aneks kuchenny Mieszkanie do",adresowo,05-10-05-2025
https://adresowo.pl/o/mieszkanie-gdansk-wrzeszcz-ul-tadeusza-kosciuszki-3-pokojowe-w8l4a1,"Gdańsk Wrzeszcz, ul. Tadeusza Kościuszki",Wrzeszcz,789 000,67,"a piwnica – 12,2 m2. Strych I ogródek jako części wspólne do dyspoz",adresowo,05-10-05-2025
https://adresowo.pl/o/mieszkanie-gdansk-wrzeszcz-ul-brzozowa-2-pokojowe-k8r3f3,"Gdańsk Wrzeszcz, ul. Brzozowa",Wrzeszcz,585 000,33,"ewnętrzne miejsce parkingowe, ogródek, aneks kuchenny Mieszkanie w ",adresowo,05-10-05-2025
https://adresowo.pl/o/mieszkanie-gdansk-wrzeszcz-1-pokoj-25-m2-r6l6h7,"Gdańsk Wrzeszcz, ",Wrzeszcz,421 999,25,"nym, - korytarz, - łazienka + ogródek Nie ma już dostępnych tego ty",adresowo,06-10-05-2025
https://adresowo.pl/o/mieszkanie-gdansk-wrzeszcz-al-grunwaldzka-4-pokojowe-y9h0f9,"Gdańsk Wrzeszcz, al. Grunwaldzka",Wrzeszcz,1 369 000,77,"ca, garaż/miejsce parkingowe, ogródek, osobna kuchnia Mieszkanie do",adresowo,06-10-05-2025
https://adresowo.pl/o/mieszkanie-gdansk-wrzeszcz-al-gen-jozefa-hallera-4-pokojowe-f5a8r7,"Gdańsk Wrzeszcz, al. gen. Józefa Hallera",Wrzeszcz,1 339 000,71,"zystko zostaje. Duża piwnica, ogródek, spokojna, Największy ATUT: c",adresowo,06-10-05-2025
https://adresowo.pl/o/mieszkanie-gdansk-wrzeszcz-ul-romana-dmowskiego-4-pokojowe-l2z2z1,"Gdańsk Wrzeszcz, ul. Romana Dmowskiego",Wrzeszcz,725 000,50,"ewnętrzne miejsce parkingowe, ogródek, aneks kuchenny Mieszkanie do",adresowo,06-10-05-2025
https://adresowo.pl/o/mieszkanie-gdansk-wrzeszcz-ul-tadeusza-kosciuszki-3-pokojowe-w8l4a1,"Gdańsk Wrzeszcz, ul. Tadeusza Kościuszki",Wrzeszcz,789 000,67,"a piwnica – 12,2 m2. Strych I ogródek jako części wspólne do dyspoz",adresowo,06-10-05-2025
https://adresowo.pl/o/mieszkanie-gdansk-wrzeszcz-ul-brzozowa-2-pokojowe-k8r3f3,"Gdańsk Wrzeszcz, ul. Brzozowa",Wrzeszcz,585 000,33,"ewnętrzne miejsce parkingowe, ogródek, aneks kuchenny Mieszkanie w ",adresowo,06-10-05-2025
https://adresowo.pl/o/mieszkanie-gdansk-wrzeszcz-1-pokoj-25-m2-r6l6h7,"Gdańsk Wrzeszcz, ",Wrzeszcz,421 999,25,"nym, - korytarz, - łazienka + ogródek Nie ma już dostępnych tego ty",adresowo,07-10-05-2025
https://adresowo.pl/o/mieszkanie-gdansk-wrzeszcz-al-grunwaldzka-4-pokojowe-y9h0f9,"Gdańsk Wrzeszcz, al. Grunwaldzka",Wrzeszcz,1 369 000,77,"ca, garaż/miejsce parkingowe, ogródek, osobna kuchnia Mieszkanie do",adresowo,07-10-05-2025
https://adresowo.pl/o/mieszkanie-gdansk-wrzeszcz-al-gen-jozefa-hallera-4-pokojowe-f5a8r7,"Gdańsk Wrzeszcz, al. gen. Józefa Hallera",Wrzeszcz,1 339 000,71,"zystko zostaje. Duża piwnica, ogródek, spokojna, Największy ATUT: c",adresowo,07-10-05-2025
https://adresowo.pl/o/mieszkanie-gdansk-wrzeszcz-ul-romana-dmowskiego-4-pokojowe-l2z2z1,"Gdańsk Wrzeszcz, ul. Romana Dmowskiego",Wrzeszcz,725 000,50,"ewnętrzne miejsce parkingowe, ogródek, aneks kuchenny Mieszkanie do",adresowo,07-10-05-2025
https://adresowo.pl/o/mieszkanie-gdansk-wrzeszcz-ul-tadeusza-kosciuszki-3-pokojowe-w8l4a1,"Gdańsk Wrzeszcz, ul. Tadeusza Kościuszki",Wrzeszcz,789 000,67,"a piwnica – 12,2 m2. Strych I ogródek jako części wspólne do dyspoz",adresowo,07-10-05-2025
https://adresowo.pl/o/mieszkanie-gdansk-wrzeszcz-ul-brzozowa-2-pokojowe-k8r3f3,"Gdańsk Wrzeszcz, ul. Brzozowa",Wrzeszcz,585 000,33,"ewnętrzne miejsce parkingowe, ogródek, aneks kuchenny Mieszkanie w ",adresowo,07-10-05-2025
https://adresowo.pl/o/mieszkanie-gdansk-wrzeszcz-1-pokoj-25-m2-r6l6h7,"Gdańsk Wrzeszcz, ",Wrzeszcz,421 999,25,"nym, - korytarz, - łazienka + ogródek Nie ma już dostępnych tego ty",adresowo,08-10-05-2025
https://adresowo.pl/o/mieszkanie-gdansk-wrzeszcz-al-grunwaldzka-4-pokojowe-y9h0f9,"Gdańsk Wrzeszcz, al. Grunwaldzka",Wrzeszcz,1 369 000,77,"ca, garaż/miejsce parkingowe, ogródek, osobna kuchnia Mieszkanie do",adresowo,08-10-05-2025
https://adresowo.pl/o/mieszkanie-gdansk-wrzeszcz-al-gen-jozefa-hallera-4-pokojowe-f5a8r7,"Gdańsk Wrzeszcz, al. gen. Józefa Hallera",Wrzeszcz,1 339 000,71,"zystko zostaje. Duża piwnica, ogródek, spokojna, Największy ATUT: c",adresowo,08-10-05-2025
https://adresowo.pl/o/mieszkanie-gdansk-wrzeszcz-ul-romana-dmowskiego-4-pokojowe-l2z2z1,"Gdańsk Wrzeszcz, ul. Romana Dmowskiego",Wrzeszcz,725 000,50,"ewnętrzne miejsce parkingowe, ogródek, aneks kuchenny Mieszkanie do",adresowo,08-10-05-2025
https://adresowo.pl/o/mieszkanie-gdansk-wrzeszcz-ul-tadeusza-kosciuszki-3-pokojowe-w8l4a1,"Gdańsk Wrzeszcz, ul. Tadeusza Kościuszki",Wrzeszcz,789 000,67,"a piwnica – 12,2 m2. Strych I ogródek jako części wspólne do dyspoz",adresowo,08-10-05-2025
https://adresowo.pl/o/mieszkanie-gdansk-wrzeszcz-ul-brzozowa-2-pokojowe-k8r3f3,"Gdańsk Wrzeszcz, ul. Brzozowa",Wrzeszcz,585 000,33,"ewnętrzne miejsce parkingowe, ogródek, aneks kuchenny Mieszkanie w ",adresowo,08-10-05-2025
https://adresowo.pl/o/mieszkanie-gdansk-wrzeszcz-1-pokoj-25-m2-r6l6h7,"Gdańsk Wrzeszcz, ",Wrzeszcz,421 999,25,"nym, - korytarz, - łazienka + ogródek Nie ma już dostępnych tego ty",adresowo,09-10-05-2025
https://adresowo.pl/o/mieszkanie-gdansk-wrzeszcz-al-grunwaldzka-4-pokojowe-y9h0f9,"Gdańsk Wrzeszcz, al. Grunwaldzka",Wrzeszcz,1 369 000,77,"ca, garaż/miejsce parkingowe, ogródek, osobna kuchnia Mieszkanie do",adresowo,09-10-05-2025
https://adresowo.pl/o/mieszkanie-gdansk-wrzeszcz-al-gen-jozefa-hallera-4-pokojowe-f5a8r7,"Gdańsk Wrzeszcz, al. gen. Józefa Hallera",Wrzeszcz,1 339 000,71,"zystko zostaje. Duża piwnica, ogródek, spokojna, Największy ATUT: c",adresowo,09-10-05-2025
https://adresowo.pl/o/mieszkanie-gdansk-wrzeszcz-ul-romana-dmowskiego-4-pokojowe-l2z2z1,"Gdańsk Wrzeszcz, ul. Romana Dmowskiego",Wrzeszcz,725 000,50,"ewnętrzne miejsce parkingowe, ogródek, aneks kuchenny Mieszkanie do",adresowo,09-10-05-2025
https://adresowo.pl/o/mieszkanie-gdansk-wrzeszcz-ul-tadeusza-kosciuszki-3-pokojowe-w8l4a1,"Gdańsk Wrzeszcz, ul. Tadeusza Kościuszki",Wrzeszcz,789 000,67,"a piwnica – 12,2 m2. Strych I ogródek jako części wspólne do dyspoz",adresowo,09-10-05-2025
https://adresowo.pl/o/mieszkanie-gdansk-wrzeszcz-ul-brzozowa-2-pokojowe-k8r3f3,"Gdańsk Wrzeszcz, ul. Brzozowa",Wrzeszcz,585 000,33,"ewnętrzne miejsce parkingowe, ogródek, aneks kuchenny Mieszkanie w ",adresowo,09-10-05-2025
https://adresowo.pl/o/mieszkanie-gdansk-wrzeszcz-1-pokoj-25-m2-r6l6h7,"Gdańsk Wrzeszcz, ",Wrzeszcz,421 999,25,"nym, - korytarz, - łazienka + ogródek Nie ma już dostępnych tego ty",adresowo,10-10-05-2025
https://adresowo.pl/o/mieszkanie-gdansk-wrzeszcz-al-grunwaldzka-4-pokojowe-y9h0f9,"Gdańsk Wrzeszcz, al. Grunwaldzka",Wrzeszcz,1 369 000,77,"ca, garaż/miejsce parkingowe, ogródek, osobna kuchnia Mieszkanie do",adresowo,10-10-05-2025
https://adresowo.pl/o/mieszkanie-gdansk-wrzeszcz-al-gen-jozefa-hallera-4-pokojowe-f5a8r7,"Gdańsk Wrzeszcz, al. gen. Józefa Hallera",Wrzeszcz,1 339 000,71,"zystko zostaje. Duża piwnica, ogródek, spokojna, Największy ATUT: c",adresowo,10-10-05-2025
https://adresowo.pl/o/mieszkanie-gdansk-wrzeszcz-ul-romana-dmowskiego-4-pokojowe-l2z2z1,"Gdańsk Wrzeszcz, ul. Romana Dmowskiego",Wrzeszcz,725 000,50,"ewnętrzne miejsce parkingowe, ogródek, aneks kuchenny Mieszkanie do",adresowo,10-10-05-2025
https://adresowo.pl/o/mieszkanie-gdansk-wrzeszcz-ul-tadeusza-kosciuszki-3-pokojowe-w8l4a1,"Gdańsk Wrzeszcz, ul. Tadeusza Kościuszki",Wrzeszcz,789 000,67,"a piwnica – 12,2 m2. Strych I ogródek jako części wspólne do dyspoz",adresowo,10-10-05-2025
https://adresowo.pl/o/mieszkanie-gdansk-wrzeszcz-ul-brzozowa-2-pokojowe-k8r3f3,"Gdańsk Wrzeszcz, ul. Brzozowa",Wrzeszcz,585 000,33,"ewnętrzne miejsce parkingowe, ogródek, aneks kuchenny Mieszkanie w ",adresowo,10-10-05-2025
https://adresowo.pl/o/mieszkanie-gdansk-wrzeszcz-1-pokoj-25-m2-r6l6h7,"Gdańsk Wrzeszcz, ",Wrzeszcz,421 999,25,"nym, - korytarz, - łazienka + ogródek Nie ma już dostępnych tego ty",adresowo,11-10-05-2025
https://adresowo.pl/o/mieszkanie-gdansk-wrzeszcz-al-grunwaldzka-4-pokojowe-y9h0f9,"Gdańsk Wrzeszcz, al. Grunwaldzka",Wrzeszcz,1 369 000,77,"ca, garaż/miejsce parkingowe, ogródek, osobna kuchnia Mieszkanie do",adresowo,11-10-05-2025
https://adresowo.pl/o/mieszkanie-gdansk-wrzeszcz-al-gen-jozefa-hallera-4-pokojowe-f5a8r7,"Gdańsk Wrzeszcz, al. gen. Józefa Hallera",Wrzeszcz,1 339 000,71,"zystko zostaje. Duża piwnica, ogródek, spokojna, Największy ATUT: c",adresowo,11-10-05-2025
https://adresowo.pl/o/mieszkanie-gdansk-wrzeszcz-ul-romana-dmowskiego-4-pokojowe-l2z2z1,"Gdańsk Wrzeszcz, ul. Romana Dmowskiego",Wrzeszcz,725 000,50,"ewnętrzne miejsce parkingowe, ogródek, aneks kuchenny Mieszkanie do",adresowo,11-10-05-2025
https://adresowo.pl/o/mieszkanie-gdansk-wrzeszcz-ul-tadeusza-kosciuszki-3-pokojowe-w8l4a1,"Gdańsk Wrzeszcz, ul. Tadeusza Kościuszki",Wrzeszcz,789 000,67,"a piwnica – 12,2 m2. Strych I ogródek jako części wspólne do dyspoz",adresowo,11-10-05-2025
https://adresowo.pl/o/mieszkanie-gdansk-wrzeszcz-ul-brzozowa-2-pokojowe-k8r3f3,"Gdańsk Wrzeszcz, ul. Brzozowa",Wrzeszcz,585 000,33,"ewnętrzne miejsce parkingowe, ogródek, aneks kuchenny Mieszkanie w ",adresowo,11-10-05-2025
https://adresowo.pl/o/mieszkanie-gdansk-wrzeszcz-1-pokoj-25-m2-r6l6h7,"Gdańsk Wrzeszcz, ",Wrzeszcz,421 999,25,"nym, - korytarz, - łazienka + ogródek Nie ma już dostępnych tego ty",adresowo,12-10-05-2025
https://adresowo.pl/o/mieszkanie-gdansk-wrzeszcz-al-grunwaldzka-4-pokojowe-y9h0f9,"Gdańsk Wrzeszcz, al. Grunwaldzka",Wrzeszcz,1 369 000,77,"ca, garaż/miejsce parkingowe, ogródek, osobna kuchnia Mieszkanie do",adresowo,12-10-05-2025
https://adresowo.pl/o/mieszkanie-gdansk-wrzeszcz-al-gen-jozefa-hallera-4-pokojowe-f5a8r7,"Gdańsk Wrzeszcz, al. gen. Józefa Hallera",Wrzeszcz,1 339 000,71,"zystko zostaje. Duża piwnica, ogródek, spokojna, Największy ATUT: c",adresowo,12-10-05-2025
https://adresowo.pl/o/mieszkanie-gdansk-wrzeszcz-ul-romana-dmowskiego-4-pokojowe-l2z2z1,"Gdańsk Wrzeszcz, ul. Romana Dmowskiego",Wrzeszcz,725 000,50,"ewnętrzne miejsce parkingowe, ogródek, aneks kuchenny Mieszkanie do",adresowo,12-10-05-2025
https://adresowo.pl/o/mieszkanie-gdansk-wrzeszcz-ul-tadeusza-kosciuszki-3-pokojowe-w8l4a1,"Gdańsk Wrzeszcz, ul. Tadeusza Kościuszki",Wrzeszcz,789 000,67,"a piwnica – 12,2 m2. Strych I ogródek jako części wspólne do dyspoz",adresowo,12-10-05-2025
https://adresowo.pl/o/mieszkanie-gdansk-wrzeszcz-ul-brzozowa-2-pokojowe-k8r3f3,"Gdańsk Wrzeszcz, ul. Brzozowa",Wrzeszcz,585 000,33,"ewnętrzne miejsce parkingowe, ogródek, aneks kuchenny Mieszkanie w ",adresowo,12-10-05-2025
https://adresowo.pl/o/mieszkanie-gdansk-wrzeszcz-1-pokoj-25-m2-r6l6h7,"Gdańsk Wrzeszcz, ",Wrzeszcz,421 999,25,"nym, - korytarz, - łazienka + ogródek Nie ma już dostępnych tego ty",adresowo,13-10-05-2025
https://adresowo.pl/o/mieszkanie-gdansk-wrzeszcz-al-grunwaldzka-4-pokojowe-y9h0f9,"Gdańsk Wrzeszcz, al. Grunwaldzka",Wrzeszcz,1 369 000,77,"ca, garaż/miejsce parkingowe, ogródek, osobna kuchnia Mieszkanie do",adresowo,13-10-05-2025
https://adresowo.pl/o/mieszkanie-gdansk-wrzeszcz-al-gen-jozefa-hallera-4-pokojowe-f5a8r7,"Gdańsk Wrzeszcz, al. gen. Józefa Hallera",Wrzeszcz,1 339 000,71,"zystko zostaje. Duża piwnica, ogródek, spokojna, Największy ATUT: c",adresowo,13-10-05-2025
https://adresowo.pl/o/mieszkanie-gdansk-wrzeszcz-ul-romana-dmowskiego-4-pokojowe-l2z2z1,"Gdańsk Wrzeszcz, ul. Romana Dmowskiego",Wrzeszcz,725 000,50,"ewnętrzne miejsce parkingowe, ogródek, aneks kuchenny Mieszkanie do",adresowo,13-10-05-2025
https://adresowo.pl/o/mieszkanie-gdansk-wrzeszcz-ul-tadeusza-kosciuszki-3-pokojowe-w8l4a1,"Gdańsk Wrzeszcz, ul. Tadeusza Kościuszki",Wrzeszcz,789 000,67,"a piwnica – 12,2 m2. Strych I ogródek jako części wspólne do dyspoz",adresowo,13-10-05-2025
https://adresowo.pl/o/mieszkanie-gdansk-wrzeszcz-ul-brzozowa-2-pokojowe-k8r3f3,"Gdańsk Wrzeszcz, ul. Brzozowa",Wrzeszcz,585 000,33,"ewnętrzne miejsce parkingowe, ogródek, aneks kuchenny Mieszkanie w ",adresowo,13-10-05-2025
https://adresowo.pl/o/mieszkanie-gdansk-wrzeszcz-1-pokoj-25-m2-r6l6h7,"Gdańsk Wrzeszcz, ",Wrzeszcz,421 999,25,"nym, - korytarz, - łazienka + ogródek Nie ma już dostępnych tego ty",adresowo,14-10-05-2025
https://adresowo.pl/o/mieszkanie-gdansk-wrzeszcz-al-grunwaldzka-4-pokojowe-y9h0f9,"Gdańsk Wrzeszcz, al. Grunwaldzka",Wrzeszcz,1 369 000,77,"ca, garaż/miejsce parkingowe, ogródek, osobna kuchnia Mieszkanie do",adresowo,14-10-05-2025
https://adresowo.pl/o/mieszkanie-gdansk-wrzeszcz-al-gen-jozefa-hallera-4-pokojowe-f5a8r7,"Gdańsk Wrzeszcz, al. gen. Józefa Hallera",Wrzeszcz,1 339 000,71,"zystko zostaje. Duża piwnica, ogródek, spokojna, Największy ATUT: c",adresowo,14-10-05-2025
https://adresowo.pl/o/mieszkanie-gdansk-wrzeszcz-ul-romana-dmowskiego-4-pokojowe-l2z2z1,"Gdańsk Wrzeszcz, ul. Romana Dmowskiego",Wrzeszcz,725 000,50,"ewnętrzne miejsce parkingowe, ogródek, aneks kuchenny Mieszkanie do",adresowo,14-10-05-2025
https://adresowo.pl/o/mieszkanie-gdansk-wrzeszcz-ul-tadeusza-kosciuszki-3-pokojowe-w8l4a1,"Gdańsk Wrzeszcz, ul. Tadeusza Kościuszki",Wrzeszcz,789 000,67,"a piwnica – 12,2 m2. Strych I ogródek jako części wspólne do dyspoz",adresowo,14-10-05-2025
https://adresowo.pl/o/mieszkanie-gdansk-wrzeszcz-ul-brzozowa-2-pokojowe-k8r3f3,"Gdańsk Wrzeszcz, ul. Brzozowa",Wrzeszcz,585 000,33,"ewnętrzne miejsce parkingowe, ogródek, aneks kuchenny Mieszkanie w ",adresowo,14-10-05-2025
https://adresowo.pl/o/mieszkanie-gdansk-wrzeszcz-1-pokoj-25-m2-r6l6h7,"Gdańsk Wrzeszcz, ",Wrzeszcz,421 999,25,"nym, - korytarz, - łazienka + ogródek Nie ma już dostępnych tego ty",adresowo,15-10-05-2025
https://adresowo.pl/o/mieszkanie-gdansk-wrzeszcz-al-grunwaldzka-4-pokojowe-y9h0f9,"Gdańsk Wrzeszcz, al. Grunwaldzka",Wrzeszcz,1 369 000,77,"ca, garaż/miejsce parkingowe, ogródek, osobna kuchnia Mieszkanie do",adresowo,15-10-05-2025
https://adresowo.pl/o/mieszkanie-gdansk-wrzeszcz-al-gen-jozefa-hallera-4-pokojowe-f5a8r7,"Gdańsk Wrzeszcz, al. gen. Józefa Hallera",Wrzeszcz,1 339 000,71,"zystko zostaje. Duża piwnica, ogródek, spokojna, Największy ATUT: c",adresowo,15-10-05-2025
https://adresowo.pl/o/mieszkanie-gdansk-wrzeszcz-ul-romana-dmowskiego-4-pokojowe-l2z2z1,"Gdańsk Wrzeszcz, ul. Romana Dmowskiego",Wrzeszcz,725 000,50,"ewnętrzne miejsce parkingowe, ogródek, aneks kuchenny Mieszkanie do",adresowo,15-10-05-2025
https://adresowo.pl/o/mieszkanie-gdansk-wrzeszcz-ul-tadeusza-kosciuszki-3-pokojowe-w8l4a1,"Gdańsk Wrzeszcz, ul. Tadeusza Kościuszki",Wrzeszcz,789 000,67,"a piwnica – 12,2 m2. Strych I ogródek jako części wspólne do dyspoz",adresowo,15-10-05-2025
https://adresowo.pl/o/mieszkanie-gdansk-wrzeszcz-ul-brzozowa-2-pokojowe-k8r3f3,"Gdańsk Wrzeszcz, ul. Brzozowa",Wrzeszcz,585 000,33,"ewnętrzne miejsce parkingowe, ogródek, aneks kuchenny Mieszkanie w ",adresowo,15-10-05-2025
https://adresowo.pl/o/mieszkanie-gdansk-wrzeszcz-1-pokoj-25-m2-r6l6h7,"Gdańsk Wrzeszcz, ",Wrzeszcz,421 999,25,"nym, - korytarz, - łazienka + ogródek Nie ma już dostępnych tego ty",adresowo,16-10-05-2025
https://adresowo.pl/o/mieszkanie-gdansk-wrzeszcz-al-grunwaldzka-4-pokojowe-y9h0f9,"Gdańsk Wrzeszcz, al. Grunwaldzka",Wrzeszcz,1 369 000,77,"ca, garaż/miejsce parkingowe, ogródek, osobna kuchnia Mieszkanie do",adresowo,16-10-05-2025
https://adresowo.pl/o/mieszkanie-gdansk-wrzeszcz-al-gen-jozefa-hallera-4-pokojowe-f5a8r7,"Gdańsk Wrzeszcz, al. gen. Józefa Hallera",Wrzeszcz,1 339 000,71,"zystko zostaje. Duża piwnica, ogródek, spokojna, Największy ATUT: c",adresowo,16-10-05-2025
https://adresowo.pl/o/mieszkanie-gdansk-wrzeszcz-ul-romana-dmowskiego-4-pokojowe-l2z2z1,"Gdańsk Wrzeszcz, ul. Romana Dmowskiego",Wrzeszcz,725 000,50,"ewnętrzne miejsce parkingowe, ogródek, aneks kuchenny Mieszkanie do",adresowo,16-10-05-2025
https://adresowo.pl/o/mieszkanie-gdansk-wrzeszcz-ul-tadeusza-kosciuszki-3-pokojowe-w8l4a1,"Gdańsk Wrzeszcz, ul. Tadeusza Kościuszki",Wrzeszcz,789 000,67,"a piwnica – 12,2 m2. Strych I ogródek jako części wspólne do dyspoz",adresowo,16-10-05-2025
https://adresowo.pl/o/mieszkanie-gdansk-wrzeszcz-ul-brzozowa-2-pokojowe-k8r3f3,"Gdańsk Wrzeszcz, ul. Brzozowa",Wrzeszcz,585 000,33,"ewnętrzne miejsce parkingowe, ogródek, aneks kuchenny Mieszkanie w ",adresowo,16-10-05-2025
https://adresowo.pl/o/mieszkanie-gdansk-wrzeszcz-1-pokoj-25-m2-r6l6h7,"Gdańsk Wrzeszcz, ",Wrzeszcz,421 999,25,"nym, - korytarz, - łazienka + ogródek Nie ma już dostępnych tego ty",adresowo,17-10-05-2025
https://adresowo.pl/o/mieszkanie-gdansk-wrzeszcz-al-grunwaldzka-4-pokojowe-y9h0f9,"Gdańsk Wrzeszcz, al. Grunwaldzka",Wrzeszcz,1 369 000,77,"ca, garaż/miejsce parkingowe, ogródek, osobna kuchnia Mieszkanie do",adresowo,17-10-05-2025
https://adresowo.pl/o/mieszkanie-gdansk-wrzeszcz-al-gen-jozefa-hallera-4-pokojowe-f5a8r7,"Gdańsk Wrzeszcz, al. gen. Józefa Hallera",Wrzeszcz,1 339 000,71,"zystko zostaje. Duża piwnica, ogródek, spokojna, Największy ATUT: c",adresowo,17-10-05-2025
https://adresowo.pl/o/mieszkanie-gdansk-wrzeszcz-ul-romana-dmowskiego-4-pokojowe-l2z2z1,"Gdańsk Wrzeszcz, ul. Romana Dmowskiego",Wrzeszcz,725 000,50,"ewnętrzne miejsce parkingowe, ogródek, aneks kuchenny Mieszkanie do",adresowo,17-10-05-2025
https://adresowo.pl/o/mieszkanie-gdansk-wrzeszcz-ul-tadeusza-kosciuszki-3-pokojowe-w8l4a1,"Gdańsk Wrzeszcz, ul. Tadeusza Kościuszki",Wrzeszcz,789 000,67,"a piwnica – 12,2 m2. Strych I ogródek jako części wspólne do dyspoz",adresowo,17-10-05-2025
https://adresowo.pl/o/mieszkanie-gdansk-wrzeszcz-ul-brzozowa-2-pokojowe-k8r3f3,"Gdańsk Wrzeszcz, ul. Brzozowa",Wrzeszcz,585 000,33,"ewnętrzne miejsce parkingowe, ogródek, aneks kuchenny Mieszkanie w ",adresowo,17-10-05-2025
https://adresowo.pl/o/mieszkanie-gdansk-wrzeszcz-1-pokoj-25-m2-r6l6h7,"Gdańsk Wrzeszcz, ",Wrzeszcz,421 999,25,"nym, - korytarz, - łazienka + ogródek Nie ma już dostępnych tego ty",adresowo,18-10-05-2025
https://adresowo.pl/o/mieszkanie-gdansk-wrzeszcz-al-grunwaldzka-4-pokojowe-y9h0f9,"Gdańsk Wrzeszcz, al. Grunwaldzka",Wrzeszcz,1 369 000,77,"ca, garaż/miejsce parkingowe, ogródek, osobna kuchnia Mieszkanie do",adresowo,18-10-05-2025
https://adresowo.pl/o/mieszkanie-gdansk-wrzeszcz-al-gen-jozefa-hallera-4-pokojowe-f5a8r7,"Gdańsk Wrzeszcz, al. gen. Józefa Hallera",Wrzeszcz,1 339 000,71,"zystko zostaje. Duża piwnica, ogródek, spokojna, Największy ATUT: c",adresowo,18-10-05-2025
https://adresowo.pl/o/mieszkanie-gdansk-wrzeszcz-ul-romana-dmowskiego-4-pokojowe-l2z2z1,"Gdańsk Wrzeszcz, ul. Romana Dmowskiego",Wrzeszcz,725 000,50,"ewnętrzne miejsce parkingowe, ogródek, aneks kuchenny Mieszkanie do",adresowo,18-10-05-2025
https://adresowo.pl/o/mieszkanie-gdansk-wrzeszcz-ul-tadeusza-kosciuszki-3-pokojowe-w8l4a1,"Gdańsk Wrzeszcz, ul. Tadeusza Kościuszki",Wrzeszcz,789 000,67,"a piwnica – 12,2 m2. Strych I ogródek jako części wspólne do dyspoz",adresowo,18-10-05-2025
https://adresowo.pl/o/mieszkanie-gdansk-wrzeszcz-ul-brzozowa-2-pokojowe-k8r3f3,"Gdańsk Wrzeszcz, ul. Brzozowa",Wrzeszcz,585 000,33,"ewnętrzne miejsce parkingowe, ogródek, aneks kuchenny Mieszkanie w ",adresowo,18-10-05-2025
https://adresowo.pl/o/mieszkanie-gdansk-wrzeszcz-1-pokoj-25-m2-r6l6h7,"Gdańsk Wrzeszcz, ",Wrzeszcz,421 999,25,"nym, - korytarz, - łazienka + ogródek Nie ma już dostępnych tego ty",adresowo,19-10-05-2025
https://adresowo.pl/o/mieszkanie-gdansk-wrzeszcz-al-grunwaldzka-4-pokojowe-y9h0f9,"Gdańsk Wrzeszcz, al. Grunwaldzka",Wrzeszcz,1 369 000,77,"ca, garaż/miejsce parkingowe, ogródek, osobna kuchnia Mieszkanie do",adresowo,19-10-05-2025
https://adresowo.pl/o/mieszkanie-gdansk-wrzeszcz-al-gen-jozefa-hallera-4-pokojowe-f5a8r7,"Gdańsk Wrzeszcz, al. gen. Józefa Hallera",Wrzeszcz,1 339 000,71,"zystko zostaje. Duża piwnica, ogródek, spokojna, Największy ATUT: c",adresowo,19-10-05-2025
https://adresowo.pl/o/mieszkanie-gdansk-wrzeszcz-ul-romana-dmowskiego-4-pokojowe-l2z2z1,"Gdańsk Wrzeszcz, ul. Romana Dmowskiego",Wrzeszcz,725 000,50,"ewnętrzne miejsce parkingowe, ogródek, aneks kuchenny Mieszkanie do",adresowo,19-10-05-2025
https://adresowo.pl/o/mieszkanie-gdansk-wrzeszcz-ul-tadeusza-kosciuszki-3-pokojowe-w8l4a1,"Gdańsk Wrzeszcz, ul. Tadeusza Kościuszki",Wrzeszcz,789 000,67,"a piwnica – 12,2 m2. Strych I ogródek jako części wspólne do dyspoz",adresowo,19-10-05-2025
https://adresowo.pl/o/mieszkanie-gdansk-wrzeszcz-ul-brzozowa-2-pokojowe-k8r3f3,"Gdańsk Wrzeszcz, ul. Brzozowa",Wrzeszcz,585 000,33,"ewnętrzne miejsce parkingowe, ogródek, aneks kuchenny Mieszkanie w ",adresowo,19-10-05-2025
https://adresowo.pl/o/mieszkanie-gdansk-wrzeszcz-1-pokoj-25-m2-r6l6h7,"Gdańsk Wrzeszcz, ",Wrzeszcz,421 999,25,"nym, - korytarz, - łazienka + ogródek Nie ma już dostępnych tego ty",adresowo,20-10-05-2025
https://adresowo.pl/o/mieszkanie-gdansk-wrzeszcz-al-grunwaldzka-4-pokojowe-y9h0f9,"Gdańsk Wrzeszcz, al. Grunwaldzka",Wrzeszcz,1 369 000,77,"ca, garaż/miejsce parkingowe, ogródek, osobna kuchnia Mieszkanie do",adresowo,20-10-05-2025
https://adresowo.pl/o/mieszkanie-gdansk-wrzeszcz-al-gen-jozefa-hallera-4-pokojowe-f5a8r7,"Gdańsk Wrzeszcz, al. gen. Józefa Hallera",Wrzeszcz,1 339 000,71,"zystko zostaje. Duża piwnica, ogródek, spokojna, Największy ATUT: c",adresowo,20-10-05-2025
https://adresowo.pl/o/mieszkanie-gdansk-wrzeszcz-ul-romana-dmowskiego-4-pokojowe-l2z2z1,"Gdańsk Wrzeszcz, ul. Romana Dmowskiego",Wrzeszcz,725 000,50,"ewnętrzne miejsce parkingowe, ogródek, aneks kuchenny Mieszkanie do",adresowo,20-10-05-2025
https://adresowo.pl/o/mieszkanie-gdansk-wrzeszcz-ul-tadeusza-kosciuszki-3-pokojowe-w8l4a1,"Gdańsk Wrzeszcz, ul. Tadeusza Kościuszki",Wrzeszcz,789 000,67,"a piwnica – 12,2 m2. Strych I ogródek jako części wspólne do dyspoz",adresowo,20-10-05-2025
https://adresowo.pl/o/mieszkanie-gdansk-wrzeszcz-ul-brzozowa-2-pokojowe-k8r3f3,"Gdańsk Wrzeszcz, ul. Brzozowa",Wrzeszcz,585 000,33,"ewnętrzne miejsce parkingowe, ogródek, aneks kuchenny Mieszkanie w ",adresowo,20-10-05-2025
https://adresowo.pl/o/mieszkanie-gdansk-wrzeszcz-1-pokoj-25-m2-r6l6h7,"Gdańsk Wrzeszcz, ",Wrzeszcz,421 999,25,"nym, - korytarz, - łazienka + ogródek Nie ma już dostępnych tego ty",adresowo,21-10-05-2025
https://adresowo.pl/o/mieszkanie-gdansk-wrzeszcz-al-grunwaldzka-4-pokojowe-y9h0f9,"Gdańsk Wrzeszcz, al. Grunwaldzka",Wrzeszcz,1 369 000,77,"ca, garaż/miejsce parkingowe, ogródek, osobna kuchnia Mieszkanie do",adresowo,21-10-05-2025
https://adresowo.pl/o/mieszkanie-gdansk-wrzeszcz-al-gen-jozefa-hallera-4-pokojowe-f5a8r7,"Gdańsk Wrzeszcz, al. gen. Józefa Hallera",Wrzeszcz,1 339 000,71,"zystko zostaje. Duża piwnica, ogródek, spokojna, Największy ATUT: c",adresowo,21-10-05-2025
https://adresowo.pl/o/mieszkanie-gdansk-wrzeszcz-ul-romana-dmowskiego-4-pokojowe-l2z2z1,"Gdańsk Wrzeszcz, ul. Romana Dmowskiego",Wrzeszcz,725 000,50,"ewnętrzne miejsce parkingowe, ogródek, aneks kuchenny Mieszkanie do",adresowo,21-10-05-2025
https://adresowo.pl/o/mieszkanie-gdansk-wrzeszcz-ul-tadeusza-kosciuszki-3-pokojowe-w8l4a1,"Gdańsk Wrzeszcz, ul. Tadeusza Kościuszki",Wrzeszcz,789 000,67,"a piwnica – 12,2 m2. Strych I ogródek jako części wspólne do dyspoz",adresowo,21-10-05-2025
https://adresowo.pl/o/mieszkanie-gdansk-wrzeszcz-ul-brzozowa-2-pokojowe-k8r3f3,"Gdańsk Wrzeszcz, ul. Brzozowa",Wrzeszcz,585 000,33,"ewnętrzne miejsce parkingowe, ogródek, aneks kuchenny Mieszkanie w ",adresowo,21-10-05-2025
https://adresowo.pl/o/mieszkanie-gdansk-wrzeszcz-1-pokoj-25-m2-r6l6h7,"Gdańsk Wrzeszcz, ",Wrzeszcz,421 999,25,"nym, - korytarz, - łazienka + ogródek Nie ma już dostępnych tego ty",adresowo,22-10-05-2025
https://adresowo.pl/o/mieszkanie-gdansk-wrzeszcz-al-grunwaldzka-4-pokojowe-y9h0f9,"Gdańsk Wrzeszcz, al. Grunwaldzka",Wrzeszcz,1 369 000,77,"ca, garaż/miejsce parkingowe, ogródek, osobna kuchnia Mieszkanie do",adresowo,22-10-05-2025
https://adresowo.pl/o/mieszkanie-gdansk-wrzeszcz-al-gen-jozefa-hallera-4-pokojowe-f5a8r7,"Gdańsk Wrzeszcz, al. gen. Józefa Hallera",Wrzeszcz,1 339 000,71,"zystko zostaje. Duża piwnica, ogródek, spokojna, Największy ATUT: c",adresowo,22-10-05-2025
https://adresowo.pl/o/mieszkanie-gdansk-wrzeszcz-ul-romana-dmowskiego-4-pokojowe-l2z2z1,"Gdańsk Wrzeszcz, ul. Romana Dmowskiego",Wrzeszcz,725 000,50,"ewnętrzne miejsce parkingowe, ogródek, aneks kuchenny Mieszkanie do",adresowo,22-10-05-2025
https://adresowo.pl/o/mieszkanie-gdansk-wrzeszcz-ul-tadeusza-kosciuszki-3-pokojowe-w8l4a1,"Gdańsk Wrzeszcz, ul. Tadeusza Kościuszki",Wrzeszcz,789 000,67,"a piwnica – 12,2 m2. Strych I ogródek jako części wspólne do dyspoz",adresowo,22-10-05-2025
https://adresowo.pl/o/mieszkanie-gdansk-wrzeszcz-ul-brzozowa-2-pokojowe-k8r3f3,"Gdańsk Wrzeszcz, ul. Brzozowa",Wrzeszcz,585 000,33,"ewnętrzne miejsce parkingowe, ogródek, aneks kuchenny Mieszkanie w ",adresowo,22-10-05-2025
https://adresowo.pl/o/mieszkanie-gdansk-wrzeszcz-1-pokoj-25-m2-r6l6h7,"Gdańsk Wrzeszcz, ",Wrzeszcz,421 999,25,"nym, - korytarz, - łazienka + ogródek Nie ma już dostępnych tego ty",adresowo,23-10-05-2025
https://adresowo.pl/o/mieszkanie-gdansk-wrzeszcz-al-grunwaldzka-4-pokojowe-y9h0f9,"Gdańsk Wrzeszcz, al. Grunwaldzka",Wrzeszcz,1 369 000,77,"ca, garaż/miejsce parkingowe, ogródek, osobna kuchnia Mieszkanie do",adresowo,23-10-05-2025
https://adresowo.pl/o/mieszkanie-gdansk-wrzeszcz-al-gen-jozefa-hallera-4-pokojowe-f5a8r7,"Gdańsk Wrzeszcz, al. gen. Józefa Hallera",Wrzeszcz,1 339 000,71,"zystko zostaje. Duża piwnica, ogródek, spokojna, Największy ATUT: c",adresowo,23-10-05-2025
https://adresowo.pl/o/mieszkanie-gdansk-wrzeszcz-ul-romana-dmowskiego-4-pokojowe-l2z2z1,"Gdańsk Wrzeszcz, ul. Romana Dmowskiego",Wrzeszcz,725 000,50,"ewnętrzne miejsce parkingowe, ogródek, aneks kuchenny Mieszkanie do",adresowo,23-10-05-2025
https://adresowo.pl/o/mieszkanie-gdansk-wrzeszcz-ul-tadeusza-kosciuszki-3-pokojowe-w8l4a1,"Gdańsk Wrzeszcz, ul. Tadeusza Kościuszki",Wrzeszcz,789 000,67,"a piwnica – 12,2 m2. Strych I ogródek jako części wspólne do dyspoz",adresowo,23-10-05-2025
https://adresowo.pl/o/mieszkanie-gdansk-wrzeszcz-ul-brzozowa-2-pokojowe-k8r3f3,"Gdańsk Wrzeszcz, ul. Brzozowa",Wrzeszcz,585 000,33,"ewnętrzne miejsce parkingowe, ogródek, aneks kuchenny Mieszkanie w ",adresowo,23-10-05-2025
https://adresowo.pl/o/mieszkanie-gdansk-wrzeszcz-1-pokoj-25-m2-r6l6h7,"Gdańsk Wrzeszcz, ",Wrzeszcz,421 999,25,"nym, - korytarz, - łazienka + ogródek Nie ma już dostępnych tego ty",adresowo,02-11-05-2025
https://adresowo.pl/o/mieszkanie-gdansk-wrzeszcz-al-grunwaldzka-4-pokojowe-y9h0f9,"Gdańsk Wrzeszcz, al. Grunwaldzka",Wrzeszcz,1 369 000,77,"ca, garaż/miejsce parkingowe, ogródek, osobna kuchnia Mieszkanie do",adresowo,02-11-05-2025
https://adresowo.pl/o/mieszkanie-gdansk-wrzeszcz-al-gen-jozefa-hallera-4-pokojowe-f5a8r7,"Gdańsk Wrzeszcz, al. gen. Józefa Hallera",Wrzeszcz,1 339 000,71,"zystko zostaje. Duża piwnica, ogródek, spokojna, Największy ATUT: c",adresowo,02-11-05-2025
https://adresowo.pl/o/mieszkanie-gdansk-wrzeszcz-ul-romana-dmowskiego-4-pokojowe-l2z2z1,"Gdańsk Wrzeszcz, ul. Romana Dmowskiego",Wrzeszcz,725 000,50,"ewnętrzne miejsce parkingowe, ogródek, aneks kuchenny Mieszkanie do",adresowo,02-11-05-2025
https://adresowo.pl/o/mieszkanie-gdansk-wrzeszcz-ul-tadeusza-kosciuszki-3-pokojowe-w8l4a1,"Gdańsk Wrzeszcz, ul. Tadeusza Kościuszki",Wrzeszcz,789 000,67,"a piwnica – 12,2 m2. Strych I ogródek jako części wspólne do dyspoz",adresowo,02-11-05-2025
https://adresowo.pl/o/mieszkanie-gdansk-wrzeszcz-ul-brzozowa-2-pokojowe-k8r3f3,"Gdańsk Wrzeszcz, ul. Brzozowa",Wrzeszcz,585 000,33,"ewnętrzne miejsce parkingowe, ogródek, aneks kuchenny Mieszkanie w ",adresowo,02-11-05-2025
https://adresowo.pl/o/mieszkanie-gdansk-wrzeszcz-1-pokoj-25-m2-r6l6h7,"Gdańsk Wrzeszcz, ",Wrzeszcz,421 999,25,"nym, - korytarz, - łazienka + ogródek Nie ma już dostępnych tego ty",adresowo,03-11-05-2025
https://adresowo.pl/o/mieszkanie-gdansk-wrzeszcz-al-grunwaldzka-4-pokojowe-y9h0f9,"Gdańsk Wrzeszcz, al. Grunwaldzka",Wrzeszcz,1 369 000,77,"ca, garaż/miejsce parkingowe, ogródek, osobna kuchnia Mieszkanie do",adresowo,03-11-05-2025
https://adresowo.pl/o/mieszkanie-gdansk-wrzeszcz-al-gen-jozefa-hallera-4-pokojowe-f5a8r7,"Gdańsk Wrzeszcz, al. gen. Józefa Hallera",Wrzeszcz,1 339 000,71,"zystko zostaje. Duża piwnica, ogródek, spokojna, Największy ATUT: c",adresowo,03-11-05-2025
https://adresowo.pl/o/mieszkanie-gdansk-wrzeszcz-ul-romana-dmowskiego-4-pokojowe-l2z2z1,"Gdańsk Wrzeszcz, ul. Romana Dmowskiego",Wrzeszcz,725 000,50,"ewnętrzne miejsce parkingowe, ogródek, aneks kuchenny Mieszkanie do",adresowo,03-11-05-2025
https://adresowo.pl/o/mieszkanie-gdansk-wrzeszcz-ul-tadeusza-kosciuszki-3-pokojowe-w8l4a1,"Gdańsk Wrzeszcz, ul. Tadeusza Kościuszki",Wrzeszcz,789 000,67,"a piwnica – 12,2 m2. Strych I ogródek jako części wspólne do dyspoz",adresowo,03-11-05-2025
https://adresowo.pl/o/mieszkanie-gdansk-wrzeszcz-ul-brzozowa-2-pokojowe-k8r3f3,"Gdańsk Wrzeszcz, ul. Brzozowa",Wrzeszcz,585 000,33,"ewnętrzne miejsce parkingowe, ogródek, aneks kuchenny Mieszkanie w ",adresowo,03-11-05-2025
https://adresowo.pl/o/mieszkanie-gdansk-wrzeszcz-1-pokoj-25-m2-r6l6h7,"Gdańsk Wrzeszcz, ",Wrzeszcz,421 999,25,"nym, - korytarz, - łazienka + ogródek Nie ma już dostępnych tego ty",adresowo,04-11-05-2025
https://adresowo.pl/o/mieszkanie-gdansk-wrzeszcz-al-grunwaldzka-4-pokojowe-y9h0f9,"Gdańsk Wrzeszcz, al. Grunwaldzka",Wrzeszcz,1 369 000,77,"ca, garaż/miejsce parkingowe, ogródek, osobna kuchnia Mieszkanie do",adresowo,04-11-05-2025
https://adresowo.pl/o/mieszkanie-gdansk-wrzeszcz-al-gen-jozefa-hallera-4-pokojowe-f5a8r7,"Gdańsk Wrzeszcz, al. gen. Józefa Hallera",Wrzeszcz,1 339 000,71,"zystko zostaje. Duża piwnica, ogródek, spokojna, Największy ATUT: c",adresowo,04-11-05-2025
https://adresowo.pl/o/mieszkanie-gdansk-wrzeszcz-ul-romana-dmowskiego-4-pokojowe-l2z2z1,"Gdańsk Wrzeszcz, ul. Romana Dmowskiego",Wrzeszcz,725 000,50,"ewnętrzne miejsce parkingowe, ogródek, aneks kuchenny Mieszkanie do",adresowo,04-11-05-2025
https://adresowo.pl/o/mieszkanie-gdansk-wrzeszcz-ul-tadeusza-kosciuszki-3-pokojowe-w8l4a1,"Gdańsk Wrzeszcz, ul. Tadeusza Kościuszki",Wrzeszcz,789 000,67,"a piwnica – 12,2 m2. Strych I ogródek jako części wspólne do dyspoz",adresowo,04-11-05-2025
https://adresowo.pl/o/mieszkanie-gdansk-wrzeszcz-ul-brzozowa-2-pokojowe-k8r3f3,"Gdańsk Wrzeszcz, ul. Brzozowa",Wrzeszcz,585 000,33,"ewnętrzne miejsce parkingowe, ogródek, aneks kuchenny Mieszkanie w ",adresowo,04-11-05-2025
https://adresowo.pl/o/mieszkanie-gdansk-wrzeszcz-1-pokoj-25-m2-r6l6h7,"Gdańsk Wrzeszcz, ",Wrzeszcz,421 999,25,"nym, - korytarz, - łazienka + ogródek Nie ma już dostępnych tego ty",adresowo,05-11-05-2025
https://adresowo.pl/o/mieszkanie-gdansk-wrzeszcz-al-grunwaldzka-4-pokojowe-y9h0f9,"Gdańsk Wrzeszcz, al. Grunwaldzka",Wrzeszcz,1 369 000,77,"ca, garaż/miejsce parkingowe, ogródek, osobna kuchnia Mieszkanie do",adresowo,05-11-05-2025
https://adresowo.pl/o/mieszkanie-gdansk-wrzeszcz-al-gen-jozefa-hallera-4-pokojowe-f5a8r7,"Gdańsk Wrzeszcz, al. gen. Józefa Hallera",Wrzeszcz,1 339 000,71,"zystko zostaje. Duża piwnica, ogródek, spokojna, Największy ATUT: c",adresowo,05-11-05-2025
https://adresowo.pl/o/mieszkanie-gdansk-wrzeszcz-ul-romana-dmowskiego-4-pokojowe-l2z2z1,"Gdańsk Wrzeszcz, ul. Romana Dmowskiego",Wrzeszcz,725 000,50,"ewnętrzne miejsce parkingowe, ogródek, aneks kuchenny Mieszkanie do",adresowo,05-11-05-2025
https://adresowo.pl/o/mieszkanie-gdansk-wrzeszcz-ul-tadeusza-kosciuszki-3-pokojowe-w8l4a1,"Gdańsk Wrzeszcz, ul. Tadeusza Kościuszki",Wrzeszcz,789 000,67,"a piwnica – 12,2 m2. Strych I ogródek jako części wspólne do dyspoz",adresowo,05-11-05-2025
https://adresowo.pl/o/mieszkanie-gdansk-wrzeszcz-ul-brzozowa-2-pokojowe-k8r3f3,"Gdańsk Wrzeszcz, ul. Brzozowa",Wrzeszcz,585 000,33,"ewnętrzne miejsce parkingowe, ogródek, aneks kuchenny Mieszkanie w ",adresowo,05-11-05-2025
https://adresowo.pl/o/mieszkanie-gdansk-wrzeszcz-1-pokoj-25-m2-r6l6h7,"Gdańsk Wrzeszcz, ",Wrzeszcz,421 999,25,"nym, - korytarz, - łazienka + ogródek Nie ma już dostępnych tego ty",adresowo,06-11-05-2025
https://adresowo.pl/o/mieszkanie-gdansk-wrzeszcz-al-grunwaldzka-4-pokojowe-y9h0f9,"Gdańsk Wrzeszcz, al. Grunwaldzka",Wrzeszcz,1 369 000,77,"ca, garaż/miejsce parkingowe, ogródek, osobna kuchnia Mieszkanie do",adresowo,06-11-05-2025
https://adresowo.pl/o/mieszkanie-gdansk-wrzeszcz-al-gen-jozefa-hallera-4-pokojowe-f5a8r7,"Gdańsk Wrzeszcz, al. gen. Józefa Hallera",Wrzeszcz,1 339 000,71,"zystko zostaje. Duża piwnica, ogródek, spokojna, Największy ATUT: c",adresowo,06-11-05-2025
https://adresowo.pl/o/mieszkanie-gdansk-wrzeszcz-ul-romana-dmowskiego-4-pokojowe-l2z2z1,"Gdańsk Wrzeszcz, ul. Romana Dmowskiego",Wrzeszcz,725 000,50,"ewnętrzne miejsce parkingowe, ogródek, aneks kuchenny Mieszkanie do",adresowo,06-11-05-2025
https://adresowo.pl/o/mieszkanie-gdansk-wrzeszcz-ul-tadeusza-kosciuszki-3-pokojowe-w8l4a1,"Gdańsk Wrzeszcz, ul. Tadeusza Kościuszki",Wrzeszcz,789 000,67,"a piwnica – 12,2 m2. Strych I ogródek jako części wspólne do dyspoz",adresowo,06-11-05-2025
https://adresowo.pl/o/mieszkanie-gdansk-wrzeszcz-ul-brzozowa-2-pokojowe-k8r3f3,"Gdańsk Wrzeszcz, ul. Brzozowa",Wrzeszcz,585 000,33,"ewnętrzne miejsce parkingowe, ogródek, aneks kuchenny Mieszkanie w ",adresowo,06-11-05-2025
https://adresowo.pl/o/mieszkanie-gdansk-wrzeszcz-1-pokoj-25-m2-r6l6h7,"Gdańsk Wrzeszcz, ",Wrzeszcz,421 999,25,"nym, - korytarz, - łazienka + ogródek Nie ma już dostępnych tego ty",adresowo,07-11-05-2025
https://adresowo.pl/o/mieszkanie-gdansk-wrzeszcz-al-grunwaldzka-4-pokojowe-y9h0f9,"Gdańsk Wrzeszcz, al. Grunwaldzka",Wrzeszcz,1 369 000,77,"ca, garaż/miejsce parkingowe, ogródek, osobna kuchnia Mieszkanie do",adresowo,07-11-05-2025
https://adresowo.pl/o/mieszkanie-gdansk-wrzeszcz-al-gen-jozefa-hallera-4-pokojowe-f5a8r7,"Gdańsk Wrzeszcz, al. gen. Józefa Hallera",Wrzeszcz,1 339 000,71,"zystko zostaje. Duża piwnica, ogródek, spokojna, Największy ATUT: c",adresowo,07-11-05-2025
https://adresowo.pl/o/mieszkanie-gdansk-wrzeszcz-ul-romana-dmowskiego-4-pokojowe-l2z2z1,"Gdańsk Wrzeszcz, ul. Romana Dmowskiego",Wrzeszcz,725 000,50,"ewnętrzne miejsce parkingowe, ogródek, aneks kuchenny Mieszkanie do",adresowo,07-11-05-2025
https://adresowo.pl/o/mieszkanie-gdansk-wrzeszcz-ul-tadeusza-kosciuszki-3-pokojowe-w8l4a1,"Gdańsk Wrzeszcz, ul. Tadeusza Kościuszki",Wrzeszcz,789 000,67,"a piwnica – 12,2 m2. Strych I ogródek jako części wspólne do dyspoz",adresowo,07-11-05-2025
https://adresowo.pl/o/mieszkanie-gdansk-wrzeszcz-ul-brzozowa-2-pokojowe-k8r3f3,"Gdańsk Wrzeszcz, ul. Brzozowa",Wrzeszcz,585 000,33,"ewnętrzne miejsce parkingowe, ogródek, aneks kuchenny Mieszkanie w ",adresowo,07-11-05-2025
https://adresowo.pl/o/mieszkanie-gdansk-wrzeszcz-1-pokoj-25-m2-r6l6h7,"Gdańsk Wrzeszcz, ",Wrzeszcz,421 999,25,"nym, - korytarz, - łazienka + ogródek Nie ma już dostępnych tego ty",adresowo,08-11-05-2025
https://adresowo.pl/o/mieszkanie-gdansk-wrzeszcz-al-grunwaldzka-4-pokojowe-y9h0f9,"Gdańsk Wrzeszcz, al. Grunwaldzka",Wrzeszcz,1 369 000,77,"ca, garaż/miejsce parkingowe, ogródek, osobna kuchnia Mieszkanie do",adresowo,08-11-05-2025
https://adresowo.pl/o/mieszkanie-gdansk-wrzeszcz-al-gen-jozefa-hallera-4-pokojowe-f5a8r7,"Gdańsk Wrzeszcz, al. gen. Józefa Hallera",Wrzeszcz,1 339 000,71,"zystko zostaje. Duża piwnica, ogródek, spokojna, Największy ATUT: c",adresowo,08-11-05-2025
https://adresowo.pl/o/mieszkanie-gdansk-wrzeszcz-ul-romana-dmowskiego-4-pokojowe-l2z2z1,"Gdańsk Wrzeszcz, ul. Romana Dmowskiego",Wrzeszcz,725 000,50,"ewnętrzne miejsce parkingowe, ogródek, aneks kuchenny Mieszkanie do",adresowo,08-11-05-2025
https://adresowo.pl/o/mieszkanie-gdansk-wrzeszcz-ul-tadeusza-kosciuszki-3-pokojowe-w8l4a1,"Gdańsk Wrzeszcz, ul. Tadeusza Kościuszki",Wrzeszcz,789 000,67,"a piwnica – 12,2 m2. Strych I ogródek jako części wspólne do dyspoz",adresowo,08-11-05-2025
https://adresowo.pl/o/mieszkanie-gdansk-wrzeszcz-ul-brzozowa-2-pokojowe-k8r3f3,"Gdańsk Wrzeszcz, ul. Brzozowa",Wrzeszcz,585 000,33,"ewnętrzne miejsce parkingowe, ogródek, aneks kuchenny Mieszkanie w ",adresowo,08-11-05-2025
https://adresowo.pl/o/mieszkanie-gdansk-wrzeszcz-1-pokoj-25-m2-r6l6h7,"Gdańsk Wrzeszcz, ",Wrzeszcz,421 999,25,"nym, - korytarz, - łazienka + ogródek Nie ma już dostępnych tego ty",adresowo,09-11-05-2025
https://adresowo.pl/o/mieszkanie-gdansk-wrzeszcz-al-grunwaldzka-4-pokojowe-y9h0f9,"Gdańsk Wrzeszcz, al. Grunwaldzka",Wrzeszcz,1 369 000,77,"ca, garaż/miejsce parkingowe, ogródek, osobna kuchnia Mieszkanie do",adresowo,09-11-05-2025
https://adresowo.pl/o/mieszkanie-gdansk-wrzeszcz-al-gen-jozefa-hallera-4-pokojowe-f5a8r7,"Gdańsk Wrzeszcz, al. gen. Józefa Hallera",Wrzeszcz,1 339 000,71,"zystko zostaje. Duża piwnica, ogródek, spokojna, Największy ATUT: c",adresowo,09-11-05-2025
https://adresowo.pl/o/mieszkanie-gdansk-wrzeszcz-ul-romana-dmowskiego-4-pokojowe-l2z2z1,"Gdańsk Wrzeszcz, ul. Romana Dmowskiego",Wrzeszcz,725 000,50,"ewnętrzne miejsce parkingowe, ogródek, aneks kuchenny Mieszkanie do",adresowo,09-11-05-2025
https://adresowo.pl/o/mieszkanie-gdansk-wrzeszcz-ul-tadeusza-kosciuszki-3-pokojowe-w8l4a1,"Gdańsk Wrzeszcz, ul. Tadeusza Kościuszki",Wrzeszcz,789 000,67,"a piwnica – 12,2 m2. Strych I ogródek jako części wspólne do dyspoz",adresowo,09-11-05-2025
https://adresowo.pl/o/mieszkanie-gdansk-wrzeszcz-ul-brzozowa-2-pokojowe-k8r3f3,"Gdańsk Wrzeszcz, ul. Brzozowa",Wrzeszcz,585 000,33,"ewnętrzne miejsce parkingowe, ogródek, aneks kuchenny Mieszkanie w ",adresowo,09-11-05-2025
https://adresowo.pl/o/mieszkanie-gdansk-wrzeszcz-1-pokoj-25-m2-r6l6h7,"Gdańsk Wrzeszcz, ",Wrzeszcz,421 999,25,"nym, - korytarz, - łazienka + ogródek Nie ma już dostępnych tego ty",adresowo,10-11-05-2025
https://adresowo.pl/o/mieszkanie-gdansk-wrzeszcz-al-grunwaldzka-4-pokojowe-y9h0f9,"Gdańsk Wrzeszcz, al. Grunwaldzka",Wrzeszcz,1 369 000,77,"ca, garaż/miejsce parkingowe, ogródek, osobna kuchnia Mieszkanie do",adresowo,10-11-05-2025
https://adresowo.pl/o/mieszkanie-gdansk-wrzeszcz-al-gen-jozefa-hallera-4-pokojowe-f5a8r7,"Gdańsk Wrzeszcz, al. gen. Józefa Hallera",Wrzeszcz,1 339 000,71,"zystko zostaje. Duża piwnica, ogródek, spokojna, Największy ATUT: c",adresowo,10-11-05-2025
https://adresowo.pl/o/mieszkanie-gdansk-wrzeszcz-ul-romana-dmowskiego-4-pokojowe-l2z2z1,"Gdańsk Wrzeszcz, ul. Romana Dmowskiego",Wrzeszcz,725 000,50,"ewnętrzne miejsce parkingowe, ogródek, aneks kuchenny Mieszkanie do",adresowo,10-11-05-2025
https://adresowo.pl/o/mieszkanie-gdansk-wrzeszcz-ul-tadeusza-kosciuszki-3-pokojowe-w8l4a1,"Gdańsk Wrzeszcz, ul. Tadeusza Kościuszki",Wrzeszcz,789 000,67,"a piwnica – 12,2 m2. Strych I ogródek jako części wspólne do dyspoz",adresowo,10-11-05-2025
https://adresowo.pl/o/mieszkanie-gdansk-wrzeszcz-ul-brzozowa-2-pokojowe-k8r3f3,"Gdańsk Wrzeszcz, ul. Brzozowa",Wrzeszcz,585 000,33,"ewnętrzne miejsce parkingowe, ogródek, aneks kuchenny Mieszkanie w ",adresowo,10-11-05-2025
https://adresowo.pl/o/mieszkanie-gdansk-wrzeszcz-1-pokoj-25-m2-r6l6h7,"Gdańsk Wrzeszcz, ",Wrzeszcz,421 999,25,"nym, - korytarz, - łazienka + ogródek Nie ma już dostępnych tego ty",adresowo,11-11-05-2025
https://adresowo.pl/o/mieszkanie-gdansk-wrzeszcz-al-grunwaldzka-4-pokojowe-y9h0f9,"Gdańsk Wrzeszcz, al. Grunwaldzka",Wrzeszcz,1 369 000,77,"ca, garaż/miejsce parkingowe, ogródek, osobna kuchnia Mieszkanie do",adresowo,11-11-05-2025
https://adresowo.pl/o/mieszkanie-gdansk-wrzeszcz-al-gen-jozefa-hallera-4-pokojowe-f5a8r7,"Gdańsk Wrzeszcz, al. gen. Józefa Hallera",Wrzeszcz,1 339 000,71,"zystko zostaje. Duża piwnica, ogródek, spokojna, Największy ATUT: c",adresowo,11-11-05-2025
https://adresowo.pl/o/mieszkanie-gdansk-wrzeszcz-ul-romana-dmowskiego-4-pokojowe-l2z2z1,"Gdańsk Wrzeszcz, ul. Romana Dmowskiego",Wrzeszcz,725 000,50,"ewnętrzne miejsce parkingowe, ogródek, aneks kuchenny Mieszkanie do",adresowo,11-11-05-2025
https://adresowo.pl/o/mieszkanie-gdansk-wrzeszcz-ul-tadeusza-kosciuszki-3-pokojowe-w8l4a1,"Gdańsk Wrzeszcz, ul. Tadeusza Kościuszki",Wrzeszcz,789 000,67,"a piwnica – 12,2 m2. Strych I ogródek jako części wspólne do dyspoz",adresowo,11-11-05-2025
https://adresowo.pl/o/mieszkanie-gdansk-wrzeszcz-ul-brzozowa-2-pokojowe-k8r3f3,"Gdańsk Wrzeszcz, ul. Brzozowa",Wrzeszcz,585 000,33,"ewnętrzne miejsce parkingowe, ogródek, aneks kuchenny Mieszkanie w ",adresowo,11-11-05-2025
https://adresowo.pl/o/mieszkanie-gdansk-wrzeszcz-1-pokoj-25-m2-r6l6h7,"Gdańsk Wrzeszcz, ",Wrzeszcz,421 999,25,"nym, - korytarz, - łazienka + ogródek Nie ma już dostępnych tego ty",adresowo,12-11-05-2025
https://adresowo.pl/o/mieszkanie-gdansk-wrzeszcz-al-grunwaldzka-4-pokojowe-y9h0f9,"Gdańsk Wrzeszcz, al. Grunwaldzka",Wrzeszcz,1 369 000,77,"ca, garaż/miejsce parkingowe, ogródek, osobna kuchnia Mieszkanie do",adresowo,12-11-05-2025
https://adresowo.pl/o/mieszkanie-gdansk-wrzeszcz-al-gen-jozefa-hallera-4-pokojowe-f5a8r7,"Gdańsk Wrzeszcz, al. gen. Józefa Hallera",Wrzeszcz,1 339 000,71,"zystko zostaje. Duża piwnica, ogródek, spokojna, Największy ATUT: c",adresowo,12-11-05-2025
https://adresowo.pl/o/mieszkanie-gdansk-wrzeszcz-ul-romana-dmowskiego-4-pokojowe-l2z2z1,"Gdańsk Wrzeszcz, ul. Romana Dmowskiego",Wrzeszcz,725 000,50,"ewnętrzne miejsce parkingowe, ogródek, aneks kuchenny Mieszkanie do",adresowo,12-11-05-2025
https://adresowo.pl/o/mieszkanie-gdansk-wrzeszcz-ul-tadeusza-kosciuszki-3-pokojowe-w8l4a1,"Gdańsk Wrzeszcz, ul. Tadeusza Kościuszki",Wrzeszcz,789 000,67,"a piwnica – 12,2 m2. Strych I ogródek jako części wspólne do dyspoz",adresowo,12-11-05-2025
https://adresowo.pl/o/mieszkanie-gdansk-wrzeszcz-ul-brzozowa-2-pokojowe-k8r3f3,"Gdańsk Wrzeszcz, ul. Brzozowa",Wrzeszcz,585 000,33,"ewnętrzne miejsce parkingowe, ogródek, aneks kuchenny Mieszkanie w ",adresowo,12-11-05-2025
https://adresowo.pl/o/mieszkanie-gdansk-wrzeszcz-1-pokoj-25-m2-r6l6h7,"Gdańsk Wrzeszcz, ",Wrzeszcz,421 999,25,"nym, - korytarz, - łazienka + ogródek Nie ma już dostępnych tego ty",adresowo,13-11-05-2025
https://adresowo.pl/o/mieszkanie-gdansk-wrzeszcz-al-grunwaldzka-4-pokojowe-y9h0f9,"Gdańsk Wrzeszcz, al. Grunwaldzka",Wrzeszcz,1 369 000,77,"ca, garaż/miejsce parkingowe, ogródek, osobna kuchnia Mieszkanie do",adresowo,13-11-05-2025
https://adresowo.pl/o/mieszkanie-gdansk-wrzeszcz-al-gen-jozefa-hallera-4-pokojowe-f5a8r7,"Gdańsk Wrzeszcz, al. gen. Józefa Hallera",Wrzeszcz,1 339 000,71,"zystko zostaje. Duża piwnica, ogródek, spokojna, Największy ATUT: c",adresowo,13-11-05-2025
https://adresowo.pl/o/mieszkanie-gdansk-wrzeszcz-ul-romana-dmowskiego-4-pokojowe-l2z2z1,"Gdańsk Wrzeszcz, ul. Romana Dmowskiego",Wrzeszcz,725 000,50,"ewnętrzne miejsce parkingowe, ogródek, aneks kuchenny Mieszkanie do",adresowo,13-11-05-2025
https://adresowo.pl/o/mieszkanie-gdansk-wrzeszcz-ul-tadeusza-kosciuszki-3-pokojowe-w8l4a1,"Gdańsk Wrzeszcz, ul. Tadeusza Kościuszki",Wrzeszcz,789 000,67,"a piwnica – 12,2 m2. Strych I ogródek jako części wspólne do dyspoz",adresowo,13-11-05-2025
https://adresowo.pl/o/mieszkanie-gdansk-wrzeszcz-ul-brzozowa-2-pokojowe-k8r3f3,"Gdańsk Wrzeszcz, ul. Brzozowa",Wrzeszcz,585 000,33,"ewnętrzne miejsce parkingowe, ogródek, aneks kuchenny Mieszkanie w ",adresowo,13-11-05-2025
https://adresowo.pl/o/mieszkanie-gdansk-wrzeszcz-1-pokoj-25-m2-r6l6h7,"Gdańsk Wrzeszcz, ",Wrzeszcz,421 999,25,"nym, - korytarz, - łazienka + ogródek Nie ma już dostępnych tego ty",adresowo,14-11-05-2025
https://adresowo.pl/o/mieszkanie-gdansk-wrzeszcz-al-grunwaldzka-4-pokojowe-y9h0f9,"Gdańsk Wrzeszcz, al. Grunwaldzka",Wrzeszcz,1 369 000,77,"ca, garaż/miejsce parkingowe, ogródek, osobna kuchnia Mieszkanie do",adresowo,14-11-05-2025
https://adresowo.pl/o/mieszkanie-gdansk-wrzeszcz-al-gen-jozefa-hallera-4-pokojowe-f5a8r7,"Gdańsk Wrzeszcz, al. gen. Józefa Hallera",Wrzeszcz,1 339 000,71,"zystko zostaje. Duża piwnica, ogródek, spokojna, Największy ATUT: c",adresowo,14-11-05-2025
https://adresowo.pl/o/mieszkanie-gdansk-wrzeszcz-ul-romana-dmowskiego-4-pokojowe-l2z2z1,"Gdańsk Wrzeszcz, ul. Romana Dmowskiego",Wrzeszcz,725 000,50,"ewnętrzne miejsce parkingowe, ogródek, aneks kuchenny Mieszkanie do",adresowo,14-11-05-2025
https://adresowo.pl/o/mieszkanie-gdansk-wrzeszcz-ul-tadeusza-kosciuszki-3-pokojowe-w8l4a1,"Gdańsk Wrzeszcz, ul. Tadeusza Kościuszki",Wrzeszcz,789 000,67,"a piwnica – 12,2 m2. Strych I ogródek jako części wspólne do dyspoz",adresowo,14-11-05-2025
https://adresowo.pl/o/mieszkanie-gdansk-wrzeszcz-ul-brzozowa-2-pokojowe-k8r3f3,"Gdańsk Wrzeszcz, ul. Brzozowa",Wrzeszcz,585 000,33,"ewnętrzne miejsce parkingowe, ogródek, aneks kuchenny Mieszkanie w ",adresowo,14-11-05-2025
https://adresowo.pl/o/mieszkanie-gdansk-wrzeszcz-1-pokoj-25-m2-r6l6h7,"Gdańsk Wrzeszcz, ",Wrzeszcz,421 999,25,"nym, - korytarz, - łazienka + ogródek Nie ma już dostępnych tego ty",adresowo,15-11-05-2025
https://adresowo.pl/o/mieszkanie-gdansk-wrzeszcz-al-grunwaldzka-4-pokojowe-y9h0f9,"Gdańsk Wrzeszcz, al. Grunwaldzka",Wrzeszcz,1 369 000,77,"ca, garaż/miejsce parkingowe, ogródek, osobna kuchnia Mieszkanie do",adresowo,15-11-05-2025
https://adresowo.pl/o/mieszkanie-gdansk-wrzeszcz-al-gen-jozefa-hallera-4-pokojowe-f5a8r7,"Gdańsk Wrzeszcz, al. gen. Józefa Hallera",Wrzeszcz,1 339 000,71,"zystko zostaje. Duża piwnica, ogródek, spokojna, Największy ATUT: c",adresowo,15-11-05-2025
https://adresowo.pl/o/mieszkanie-gdansk-wrzeszcz-ul-romana-dmowskiego-4-pokojowe-l2z2z1,"Gdańsk Wrzeszcz, ul. Romana Dmowskiego",Wrzeszcz,725 000,50,"ewnętrzne miejsce parkingowe, ogródek, aneks kuchenny Mieszkanie do",adresowo,15-11-05-2025
https://adresowo.pl/o/mieszkanie-gdansk-wrzeszcz-ul-tadeusza-kosciuszki-3-pokojowe-w8l4a1,"Gdańsk Wrzeszcz, ul. Tadeusza Kościuszki",Wrzeszcz,789 000,67,"a piwnica – 12,2 m2. Strych I ogródek jako części wspólne do dyspoz",adresowo,15-11-05-2025
https://adresowo.pl/o/mieszkanie-gdansk-wrzeszcz-ul-brzozowa-2-pokojowe-k8r3f3,"Gdańsk Wrzeszcz, ul. Brzozowa",Wrzeszcz,585 000,33,"ewnętrzne miejsce parkingowe, ogródek, aneks kuchenny Mieszkanie w ",adresowo,15-11-05-2025
https://adresowo.pl/o/mieszkanie-gdansk-wrzeszcz-1-pokoj-25-m2-r6l6h7,"Gdańsk Wrzeszcz, ",Wrzeszcz,421 999,25,"nym, - korytarz, - łazienka + ogródek Nie ma już dostępnych tego ty",adresowo,16-11-05-2025
https://adresowo.pl/o/mieszkanie-gdansk-wrzeszcz-al-grunwaldzka-4-pokojowe-y9h0f9,"Gdańsk Wrzeszcz, al. Grunwaldzka",Wrzeszcz,1 369 000,77,"ca, garaż/miejsce parkingowe, ogródek, osobna kuchnia Mieszkanie do",adresowo,16-11-05-2025
https://adresowo.pl/o/mieszkanie-gdansk-wrzeszcz-al-gen-jozefa-hallera-4-pokojowe-f5a8r7,"Gdańsk Wrzeszcz, al. gen. Józefa Hallera",Wrzeszcz,1 339 000,71,"zystko zostaje. Duża piwnica, ogródek, spokojna, Największy ATUT: c",adresowo,16-11-05-2025
https://adresowo.pl/o/mieszkanie-gdansk-wrzeszcz-ul-romana-dmowskiego-4-pokojowe-l2z2z1,"Gdańsk Wrzeszcz, ul. Romana Dmowskiego",Wrzeszcz,725 000,50,"ewnętrzne miejsce parkingowe, ogródek, aneks kuchenny Mieszkanie do",adresowo,16-11-05-2025
https://adresowo.pl/o/mieszkanie-gdansk-wrzeszcz-ul-tadeusza-kosciuszki-3-pokojowe-w8l4a1,"Gdańsk Wrzeszcz, ul. Tadeusza Kościuszki",Wrzeszcz,789 000,67,"a piwnica – 12,2 m2. Strych I ogródek jako części wspólne do dyspoz",adresowo,16-11-05-2025
https://adresowo.pl/o/mieszkanie-gdansk-wrzeszcz-ul-brzozowa-2-pokojowe-k8r3f3,"Gdańsk Wrzeszcz, ul. Brzozowa",Wrzeszcz,585 000,33,"ewnętrzne miejsce parkingowe, ogródek, aneks kuchenny Mieszkanie w ",adresowo,16-11-05-2025
https://adresowo.pl/o/mieszkanie-gdansk-wrzeszcz-1-pokoj-25-m2-r6l6h7,"Gdańsk Wrzeszcz, ",Wrzeszcz,421 999,25,"nym, - korytarz, - łazienka + ogródek Nie ma już dostępnych tego ty",adresowo,17-11-05-2025
https://adresowo.pl/o/mieszkanie-gdansk-wrzeszcz-al-grunwaldzka-4-pokojowe-y9h0f9,"Gdańsk Wrzeszcz, al. Grunwaldzka",Wrzeszcz,1 369 000,77,"ca, garaż/miejsce parkingowe, ogródek, osobna kuchnia Mieszkanie do",adresowo,17-11-05-2025
https://adresowo.pl/o/mieszkanie-gdansk-wrzeszcz-al-gen-jozefa-hallera-4-pokojowe-f5a8r7,"Gdańsk Wrzeszcz, al. gen. Józefa Hallera",Wrzeszcz,1 339 000,71,"zystko zostaje. Duża piwnica, ogródek, spokojna, Największy ATUT: c",adresowo,17-11-05-2025
https://adresowo.pl/o/mieszkanie-gdansk-wrzeszcz-ul-romana-dmowskiego-4-pokojowe-l2z2z1,"Gdańsk Wrzeszcz, ul. Romana Dmowskiego",Wrzeszcz,725 000,50,"ewnętrzne miejsce parkingowe, ogródek, aneks kuchenny Mieszkanie do",adresowo,17-11-05-2025
https://adresowo.pl/o/mieszkanie-gdansk-wrzeszcz-ul-tadeusza-kosciuszki-3-pokojowe-w8l4a1,"Gdańsk Wrzeszcz, ul. Tadeusza Kościuszki",Wrzeszcz,789 000,67,"a piwnica – 12,2 m2. Strych I ogródek jako części wspólne do dyspoz",adresowo,17-11-05-2025
https://adresowo.pl/o/mieszkanie-gdansk-wrzeszcz-ul-brzozowa-2-pokojowe-k8r3f3,"Gdańsk Wrzeszcz, ul. Brzozowa",Wrzeszcz,585 000,33,"ewnętrzne miejsce parkingowe, ogródek, aneks kuchenny Mieszkanie w ",adresowo,17-11-05-2025
https://adresowo.pl/o/mieszkanie-gdansk-wrzeszcz-1-pokoj-25-m2-r6l6h7,"Gdańsk Wrzeszcz, ",Wrzeszcz,421 999,25,"nym, - korytarz, - łazienka + ogródek Nie ma już dostępnych tego ty",adresowo,18-11-05-2025
https://adresowo.pl/o/mieszkanie-gdansk-wrzeszcz-al-grunwaldzka-4-pokojowe-y9h0f9,"Gdańsk Wrzeszcz, al. Grunwaldzka",Wrzeszcz,1 369 000,77,"ca, garaż/miejsce parkingowe, ogródek, osobna kuchnia Mieszkanie do",adresowo,18-11-05-2025
https://adresowo.pl/o/mieszkanie-gdansk-wrzeszcz-al-gen-jozefa-hallera-4-pokojowe-f5a8r7,"Gdańsk Wrzeszcz, al. gen. Józefa Hallera",Wrzeszcz,1 339 000,71,"zystko zostaje. Duża piwnica, ogródek, spokojna, Największy ATUT: c",adresowo,18-11-05-2025
https://adresowo.pl/o/mieszkanie-gdansk-wrzeszcz-ul-romana-dmowskiego-4-pokojowe-l2z2z1,"Gdańsk Wrzeszcz, ul. Romana Dmowskiego",Wrzeszcz,725 000,50,"ewnętrzne miejsce parkingowe, ogródek, aneks kuchenny Mieszkanie do",adresowo,18-11-05-2025
https://adresowo.pl/o/mieszkanie-gdansk-wrzeszcz-ul-tadeusza-kosciuszki-3-pokojowe-w8l4a1,"Gdańsk Wrzeszcz, ul. Tadeusza Kościuszki",Wrzeszcz,789 000,67,"a piwnica – 12,2 m2. Strych I ogródek jako części wspólne do dyspoz",adresowo,18-11-05-2025
https://adresowo.pl/o/mieszkanie-gdansk-wrzeszcz-ul-brzozowa-2-pokojowe-k8r3f3,"Gdańsk Wrzeszcz, ul. Brzozowa",Wrzeszcz,585 000,33,"ewnętrzne miejsce parkingowe, ogródek, aneks kuchenny Mieszkanie w ",adresowo,18-11-05-2025
https://adresowo.pl/o/mieszkanie-gdansk-wrzeszcz-1-pokoj-25-m2-r6l6h7,"Gdańsk Wrzeszcz, ",Wrzeszcz,421 999,25,"nym, - korytarz, - łazienka + ogródek Nie ma już dostępnych tego ty",adresowo,19-11-05-2025
https://adresowo.pl/o/mieszkanie-gdansk-wrzeszcz-al-grunwaldzka-4-pokojowe-y9h0f9,"Gdańsk Wrzeszcz, al. Grunwaldzka",Wrzeszcz,1 369 000,77,"ca, garaż/miejsce parkingowe, ogródek, osobna kuchnia Mieszkanie do",adresowo,19-11-05-2025
https://adresowo.pl/o/mieszkanie-gdansk-wrzeszcz-al-gen-jozefa-hallera-4-pokojowe-f5a8r7,"Gdańsk Wrzeszcz, al. gen. Józefa Hallera",Wrzeszcz,1 339 000,71,"zystko zostaje. Duża piwnica, ogródek, spokojna, Największy ATUT: c",adresowo,19-11-05-2025
https://adresowo.pl/o/mieszkanie-gdansk-wrzeszcz-ul-romana-dmowskiego-4-pokojowe-l2z2z1,"Gdańsk Wrzeszcz, ul. Romana Dmowskiego",Wrzeszcz,725 000,50,"ewnętrzne miejsce parkingowe, ogródek, aneks kuchenny Mieszkanie do",adresowo,19-11-05-2025
https://adresowo.pl/o/mieszkanie-gdansk-wrzeszcz-ul-tadeusza-kosciuszki-3-pokojowe-w8l4a1,"Gdańsk Wrzeszcz, ul. Tadeusza Kościuszki",Wrzeszcz,789 000,67,"a piwnica – 12,2 m2. Strych I ogródek jako części wspólne do dyspoz",adresowo,19-11-05-2025
https://adresowo.pl/o/mieszkanie-gdansk-wrzeszcz-ul-brzozowa-2-pokojowe-k8r3f3,"Gdańsk Wrzeszcz, ul. Brzozowa",Wrzeszcz,585 000,33,"ewnętrzne miejsce parkingowe, ogródek, aneks kuchenny Mieszkanie w ",adresowo,19-11-05-2025
https://adresowo.pl/o/mieszkanie-gdansk-wrzeszcz-1-pokoj-25-m2-r6l6h7,"Gdańsk Wrzeszcz, ",Wrzeszcz,421 999,25,"nym, - korytarz, - łazienka + ogródek Nie ma już dostępnych tego ty",adresowo,20-11-05-2025
https://adresowo.pl/o/mieszkanie-gdansk-wrzeszcz-al-grunwaldzka-4-pokojowe-y9h0f9,"Gdańsk Wrzeszcz, al. Grunwaldzka",Wrzeszcz,1 369 000,77,"ca, garaż/miejsce parkingowe, ogródek, osobna kuchnia Mieszkanie do",adresowo,20-11-05-2025
https://adresowo.pl/o/mieszkanie-gdansk-wrzeszcz-al-gen-jozefa-hallera-4-pokojowe-f5a8r7,"Gdańsk Wrzeszcz, al. gen. Józefa Hallera",Wrzeszcz,1 339 000,71,"zystko zostaje. Duża piwnica, ogródek, spokojna, Największy ATUT: c",adresowo,20-11-05-2025
https://adresowo.pl/o/mieszkanie-gdansk-wrzeszcz-ul-romana-dmowskiego-4-pokojowe-l2z2z1,"Gdańsk Wrzeszcz, ul. Romana Dmowskiego",Wrzeszcz,725 000,50,"ewnętrzne miejsce parkingowe, ogródek, aneks kuchenny Mieszkanie do",adresowo,20-11-05-2025
https://adresowo.pl/o/mieszkanie-gdansk-wrzeszcz-ul-tadeusza-kosciuszki-3-pokojowe-w8l4a1,"Gdańsk Wrzeszcz, ul. Tadeusza Kościuszki",Wrzeszcz,789 000,67,"a piwnica – 12,2 m2. Strych I ogródek jako części wspólne do dyspoz",adresowo,20-11-05-2025
https://adresowo.pl/o/mieszkanie-gdansk-wrzeszcz-ul-brzozowa-2-pokojowe-k8r3f3,"Gdańsk Wrzeszcz, ul. Brzozowa",Wrzeszcz,585 000,33,"ewnętrzne miejsce parkingowe, ogródek, aneks kuchenny Mieszkanie w ",adresowo,20-11-05-2025
https://adresowo.pl/o/mieszkanie-gdansk-wrzeszcz-1-pokoj-25-m2-r6l6h7,"Gdańsk Wrzeszcz, ",Wrzeszcz,421 999,25,"nym, - korytarz, - łazienka + ogródek Nie ma już dostępnych tego ty",adresowo,21-11-05-2025
https://adresowo.pl/o/mieszkanie-gdansk-wrzeszcz-al-grunwaldzka-4-pokojowe-y9h0f9,"Gdańsk Wrzeszcz, al. Grunwaldzka",Wrzeszcz,1 369 000,77,"ca, garaż/miejsce parkingowe, ogródek, osobna kuchnia Mieszkanie do",adresowo,21-11-05-2025
https://adresowo.pl/o/mieszkanie-gdansk-wrzeszcz-al-gen-jozefa-hallera-4-pokojowe-f5a8r7,"Gdańsk Wrzeszcz, al. gen. Józefa Hallera",Wrzeszcz,1 339 000,71,"zystko zostaje. Duża piwnica, ogródek, spokojna, Największy ATUT: c",adresowo,21-11-05-2025
https://adresowo.pl/o/mieszkanie-gdansk-wrzeszcz-ul-romana-dmowskiego-4-pokojowe-l2z2z1,"Gdańsk Wrzeszcz, ul. Romana Dmowskiego",Wrzeszcz,725 000,50,"ewnętrzne miejsce parkingowe, ogródek, aneks kuchenny Mieszkanie do",adresowo,21-11-05-2025
https://adresowo.pl/o/mieszkanie-gdansk-wrzeszcz-ul-tadeusza-kosciuszki-3-pokojowe-w8l4a1,"Gdańsk Wrzeszcz, ul. Tadeusza Kościuszki",Wrzeszcz,789 000,67,"a piwnica – 12,2 m2. Strych I ogródek jako części wspólne do dyspoz",adresowo,21-11-05-2025
https://adresowo.pl/o/mieszkanie-gdansk-wrzeszcz-ul-brzozowa-2-pokojowe-k8r3f3,"Gdańsk Wrzeszcz, ul. Brzozowa",Wrzeszcz,585 000,33,"ewnętrzne miejsce parkingowe, ogródek, aneks kuchenny Mieszkanie w ",adresowo,21-11-05-2025
https://adresowo.pl/o/mieszkanie-gdansk-wrzeszcz-1-pokoj-25-m2-r6l6h7,"Gdańsk Wrzeszcz, ",Wrzeszcz,421 999,25,"nym, - korytarz, - łazienka + ogródek Nie ma już dostępnych tego ty",adresowo,22-11-05-2025
https://adresowo.pl/o/mieszkanie-gdansk-wrzeszcz-al-grunwaldzka-4-pokojowe-y9h0f9,"Gdańsk Wrzeszcz, al. Grunwaldzka",Wrzeszcz,1 369 000,77,"ca, garaż/miejsce parkingowe, ogródek, osobna kuchnia Mieszkanie do",adresowo,22-11-05-2025
https://adresowo.pl/o/mieszkanie-gdansk-wrzeszcz-al-gen-jozefa-hallera-4-pokojowe-f5a8r7,"Gdańsk Wrzeszcz, al. gen. Józefa Hallera",Wrzeszcz,1 339 000,71,"zystko zostaje. Duża piwnica, ogródek, spokojna, Największy ATUT: c",adresowo,22-11-05-2025
https://adresowo.pl/o/mieszkanie-gdansk-wrzeszcz-ul-romana-dmowskiego-4-pokojowe-l2z2z1,"Gdańsk Wrzeszcz, ul. Romana Dmowskiego",Wrzeszcz,725 000,50,"ewnętrzne miejsce parkingowe, ogródek, aneks kuchenny Mieszkanie do",adresowo,22-11-05-2025
https://adresowo.pl/o/mieszkanie-gdansk-wrzeszcz-ul-tadeusza-kosciuszki-3-pokojowe-w8l4a1,"Gdańsk Wrzeszcz, ul. Tadeusza Kościuszki",Wrzeszcz,789 000,67,"a piwnica – 12,2 m2. Strych I ogródek jako części wspólne do dyspoz",adresowo,22-11-05-2025
https://adresowo.pl/o/mieszkanie-gdansk-wrzeszcz-ul-brzozowa-2-pokojowe-k8r3f3,"Gdańsk Wrzeszcz, ul. Brzozowa",Wrzeszcz,585 000,33,"ewnętrzne miejsce parkingowe, ogródek, aneks kuchenny Mieszkanie w ",adresowo,22-11-05-2025
https://adresowo.pl/o/mieszkanie-gdansk-wrzeszcz-1-pokoj-25-m2-r6l6h7,"Gdańsk Wrzeszcz, ",Wrzeszcz,421 999,25,"nym, - korytarz, - łazienka + ogródek Nie ma już dostępnych tego ty",adresowo,23-11-05-2025
https://adresowo.pl/o/mieszkanie-gdansk-wrzeszcz-al-grunwaldzka-4-pokojowe-y9h0f9,"Gdańsk Wrzeszcz, al. Grunwaldzka",Wrzeszcz,1 369 000,77,"ca, garaż/miejsce parkingowe, ogródek, osobna kuchnia Mieszkanie do",adresowo,23-11-05-2025
https://adresowo.pl/o/mieszkanie-gdansk-wrzeszcz-al-gen-jozefa-hallera-4-pokojowe-f5a8r7,"Gdańsk Wrzeszcz, al. gen. Józefa Hallera",Wrzeszcz,1 339 000,71,"zystko zostaje. Duża piwnica, ogródek, spokojna, Największy ATUT: c",adresowo,23-11-05-2025
https://adresowo.pl/o/mieszkanie-gdansk-wrzeszcz-ul-romana-dmowskiego-4-pokojowe-l2z2z1,"Gdańsk Wrzeszcz, ul. Romana Dmowskiego",Wrzeszcz,725 000,50,"ewnętrzne miejsce parkingowe, ogródek, aneks kuchenny Mieszkanie do",adresowo,23-11-05-2025
https://adresowo.pl/o/mieszkanie-gdansk-wrzeszcz-ul-tadeusza-kosciuszki-3-pokojowe-w8l4a1,"Gdańsk Wrzeszcz, ul. Tadeusza Kościuszki",Wrzeszcz,789 000,67,"a piwnica – 12,2 m2. Strych I ogródek jako części wspólne do dyspoz",adresowo,23-11-05-2025
https://adresowo.pl/o/mieszkanie-gdansk-wrzeszcz-ul-brzozowa-2-pokojowe-k8r3f3,"Gdańsk Wrzeszcz, ul. Brzozowa",Wrzeszcz,585 000,33,"ewnętrzne miejsce parkingowe, ogródek, aneks kuchenny Mieszkanie w ",adresowo,23-11-05-2025
https://adresowo.pl/o/mieszkanie-gdansk-wrzeszcz-1-pokoj-25-m2-r6l6h7,"Gdańsk Wrzeszcz, ",Wrzeszcz,421 999,25,"nym, - korytarz, - łazienka + ogródek Nie ma już dostępnych tego ty",adresowo,02-12-05-2025
https://adresowo.pl/o/mieszkanie-gdansk-wrzeszcz-al-grunwaldzka-4-pokojowe-y9h0f9,"Gdańsk Wrzeszcz, al. Grunwaldzka",Wrzeszcz,1 369 000,77,"ca, garaż/miejsce parkingowe, ogródek, osobna kuchnia Mieszkanie do",adresowo,02-12-05-2025
https://adresowo.pl/o/mieszkanie-gdansk-wrzeszcz-al-gen-jozefa-hallera-4-pokojowe-f5a8r7,"Gdańsk Wrzeszcz, al. gen. Józefa Hallera",Wrzeszcz,1 339 000,71,"zystko zostaje. Duża piwnica, ogródek, spokojna, Największy ATUT: c",adresowo,02-12-05-2025
https://adresowo.pl/o/mieszkanie-gdansk-wrzeszcz-ul-romana-dmowskiego-4-pokojowe-l2z2z1,"Gdańsk Wrzeszcz, ul. Romana Dmowskiego",Wrzeszcz,725 000,50,"ewnętrzne miejsce parkingowe, ogródek, aneks kuchenny Mieszkanie do",adresowo,02-12-05-2025
https://adresowo.pl/o/mieszkanie-gdansk-wrzeszcz-ul-tadeusza-kosciuszki-3-pokojowe-w8l4a1,"Gdańsk Wrzeszcz, ul. Tadeusza Kościuszki",Wrzeszcz,789 000,67,"a piwnica – 12,2 m2. Strych I ogródek jako części wspólne do dyspoz",adresowo,02-12-05-2025
https://adresowo.pl/o/mieszkanie-gdansk-wrzeszcz-ul-brzozowa-2-pokojowe-k8r3f3,"Gdańsk Wrzeszcz, ul. Brzozowa",Wrzeszcz,585 000,33,"ewnętrzne miejsce parkingowe, ogródek, aneks kuchenny Mieszkanie w ",adresowo,02-12-05-2025
https://adresowo.pl/o/mieszkanie-gdansk-wrzeszcz-1-pokoj-25-m2-r6l6h7,"Gdańsk Wrzeszcz, ",Wrzeszcz,421 999,25,"nym, - korytarz, - łazienka + ogródek Nie ma już dostępnych tego ty",adresowo,03-12-05-2025
https://adresowo.pl/o/mieszkanie-gdansk-wrzeszcz-al-grunwaldzka-4-pokojowe-y9h0f9,"Gdańsk Wrzeszcz, al. Grunwaldzka",Wrzeszcz,1 369 000,77,"ca, garaż/miejsce parkingowe, ogródek, osobna kuchnia Mieszkanie do",adresowo,03-12-05-2025
https://adresowo.pl/o/mieszkanie-gdansk-wrzeszcz-al-gen-jozefa-hallera-4-pokojowe-f5a8r7,"Gdańsk Wrzeszcz, al. gen. Józefa Hallera",Wrzeszcz,1 339 000,71,"zystko zostaje. Duża piwnica, ogródek, spokojna, Największy ATUT: c",adresowo,03-12-05-2025
https://adresowo.pl/o/mieszkanie-gdansk-wrzeszcz-ul-romana-dmowskiego-4-pokojowe-l2z2z1,"Gdańsk Wrzeszcz, ul. Romana Dmowskiego",Wrzeszcz,725 000,50,"ewnętrzne miejsce parkingowe, ogródek, aneks kuchenny Mieszkanie do",adresowo,03-12-05-2025
https://adresowo.pl/o/mieszkanie-gdansk-wrzeszcz-ul-tadeusza-kosciuszki-3-pokojowe-w8l4a1,"Gdańsk Wrzeszcz, ul. Tadeusza Kościuszki",Wrzeszcz,789 000,67,"a piwnica – 12,2 m2. Strych I ogródek jako części wspólne do dyspoz",adresowo,03-12-05-2025
https://adresowo.pl/o/mieszkanie-gdansk-wrzeszcz-ul-brzozowa-2-pokojowe-k8r3f3,"Gdańsk Wrzeszcz, ul. Brzozowa",Wrzeszcz,585 000,33,"ewnętrzne miejsce parkingowe, ogródek, aneks kuchenny Mieszkanie w ",adresowo,03-12-05-2025
