https://www.morizon.pl/oferta/sprzedaz-mieszkanie-gdansk-wrzeszcz-do-studzienki-42m2-mzn2045387996,Klimatyczne mieszkanie w sercu Wrzeszcza,Wrzeszcz,599 999 zł,39 m²,iczny. Dodatkowym atutem jest ogródek przynależny do nieruchomości.,adresowo,"19, 09 05 2025"
https://www.morizon.pl/oferta/sprzedaz-mieszkanie-gdansk-wrzeszcz-do-studzienki-42m2-mzn2045387996,Klimatyczne mieszkanie w sercu Wrzeszcza,Wrzeszcz,599 999 zł,39 m²,iczny. Dodatkowym atutem jest ogródek przynależny do nieruchomości.,adresowo,"19, 09 05 2025"
https://www.morizon.pl/oferta/sprzedaz-mieszkanie-gdansk-wrzeszcz-partyzantow-103m2-mzn2045363105,Świetna Komunikacja | Wrzeszcz | Wysokie sufity,Wrzeszcz,1 179 000 zł,96 m²," 37 m² • 1 pokój • piętro 1/4 Z ogrodem, na kameralnym osiedlu pod Gd",adresowo,"19, 09 05 2025"
https://www.morizon.pl/oferta/sprzedaz-mieszkanie-gdansk-wrzeszcz-partyzantow-103m2-mzn2045363105,Świetna Komunikacja | Wrzeszcz | Wysokie sufity,Wrzeszcz,1 179 000 zł,96 m²," 37 m² • 1 pokój • piętro 1/4 Z ogrodem, na kameralnym osiedlu pod Gd",adresowo,"19, 09 05 2025"
https://www.morizon.pl/oferta/sprzedaz-mieszkanie-gdansk-wrzeszcz-mlynska-52m2-mzn2045355191,IDEALNY NA WYNAJEM i DO ZAMIESZKANIA bez PCC,Wrzeszcz,629 670 zł,45 m²,45 m² • 2 pokoje • piętro 2/4 Ogród | miejsce naziemne | pracowni,adresowo,"19, 09 05 2025"
https://www.morizon.pl/oferta/sprzedaz-mieszkanie-gdansk-wrzeszcz-mlynska-52m2-mzn2045355191,IDEALNY NA WYNAJEM i DO ZAMIESZKANIA bez PCC,Wrzeszcz,629 670 zł,45 m²,45 m² • 2 pokoje • piętro 2/4 Ogród | miejsce naziemne | pracowni,adresowo,"19, 09 05 2025"
https://www.morizon.pl/oferta/sprzedaz-mieszkanie-gdansk-wrzeszcz-47m2-mzn2045354656,Wygodne mieszkanie na skraju miasta i lasu,Wrzeszcz,775 977 zł,47 m²,je • piętro 2/4 3 sypialnie | Ogród i garaż 118 m² 11 000 zł Wars,adresowo,"19, 09 05 2025"
https://www.morizon.pl/oferta/sprzedaz-mieszkanie-gdansk-wrzeszcz-47m2-mzn2045354656,Wygodne mieszkanie na skraju miasta i lasu,Wrzeszcz,775 977 zł,47 m²,je • piętro 2/4 3 sypialnie | Ogród i garaż 118 m² 11 000 zł Wars,adresowo,"19, 09 05 2025"
https://www.morizon.pl/oferta/sprzedaz-mieszkanie-gdansk-wrzeszcz-66m2-mzn2045294577,Wygodne mieszkanie na skraju miasta i lasu,Wrzeszcz,872 000 zł,74 m²,je • piętro 2/4 3 sypialnie | Ogród i garaż 118 m² 11 000 zł Wars,adresowo,"19, 09 05 2025"
https://www.morizon.pl/oferta/sprzedaz-mieszkanie-gdansk-wrzeszcz-66m2-mzn2045294577,Wygodne mieszkanie na skraju miasta i lasu,Wrzeszcz,872 000 zł,74 m²,je • piętro 2/4 3 sypialnie | Ogród i garaż 118 m² 11 000 zł Wars,adresowo,"19, 09 05 2025"
https://www.morizon.pl/oferta/sprzedaz-mieszkanie-gdansk-wrzeszcz-65m2-mzn2045294576,Wygodne mieszkanie na skraju miasta i lasu,Wrzeszcz,872 000 zł,74 m²,je • piętro 2/4 3 sypialnie | Ogród i garaż 118 m² 11 000 zł Wars,adresowo,"19, 09 05 2025"
https://www.morizon.pl/oferta/sprzedaz-mieszkanie-gdansk-wrzeszcz-65m2-mzn2045294576,Wygodne mieszkanie na skraju miasta i lasu,Wrzeszcz,872 000 zł,74 m²,je • piętro 2/4 3 sypialnie | Ogród i garaż 118 m² 11 000 zł Wars,adresowo,"19, 09 05 2025"
https://www.morizon.pl/oferta/sprzedaz-mieszkanie-gdansk-wrzeszcz-66m2-mzn2045293903,Wygodne mieszkanie na skraju miasta i lasu,Wrzeszcz,872 000 zł,74 m²,je • piętro 2/4 3 sypialnie | Ogród i garaż 118 m² 11 000 zł Wars,adresowo,"19, 09 05 2025"
https://www.morizon.pl/oferta/sprzedaz-mieszkanie-gdansk-wrzeszcz-66m2-mzn2045293903,Wygodne mieszkanie na skraju miasta i lasu,Wrzeszcz,872 000 zł,74 m²,je • piętro 2/4 3 sypialnie | Ogród i garaż 118 m² 11 000 zł Wars,adresowo,"19, 09 05 2025"
https://www.morizon.pl/oferta/sprzedaz-mieszkanie-gdansk-wrzeszcz-47m2-mzn2045293902,Wygodne mieszkanie na skraju miasta i lasu,Wrzeszcz,775 977 zł,47 m²,je • piętro 2/4 3 sypialnie | Ogród i garaż 118 m² 11 000 zł Wars,adresowo,"19, 09 05 2025"
https://www.morizon.pl/oferta/sprzedaz-mieszkanie-gdansk-wrzeszcz-47m2-mzn2045293902,Wygodne mieszkanie na skraju miasta i lasu,Wrzeszcz,775 977 zł,47 m²,je • piętro 2/4 3 sypialnie | Ogród i garaż 118 m² 11 000 zł Wars,adresowo,"19, 09 05 2025"
https://www.morizon.pl/oferta/sprzedaz-mieszkanie-gdansk-wrzeszcz-65m2-mzn2045293900,Wygodne mieszkanie na skraju miasta i lasu,Wrzeszcz,872 000 zł,74 m²,je • piętro 2/4 3 sypialnie | Ogród i garaż 118 m² 11 000 zł Wars,adresowo,"19, 09 05 2025"
https://www.morizon.pl/oferta/sprzedaz-mieszkanie-gdansk-wrzeszcz-65m2-mzn2045293900,Wygodne mieszkanie na skraju miasta i lasu,Wrzeszcz,872 000 zł,74 m²,je • piętro 2/4 3 sypialnie | Ogród i garaż 118 m² 11 000 zł Wars,adresowo,"19, 09 05 2025"
https://www.morizon.pl/oferta/sprzedaz-mieszkanie-gdansk-wrzeszcz-rozy-ostrowskiej-55m2-mzn2045213091,"Ustawne, przestronne, urządzone, 3 pok. Wrzeszcz",Wrzeszcz,775 977 zł,47 m²," parter/3 Mieszkanie 3 pokoje,ogród,parkin,.las,staw 75 m² 1 149 ",adresowo,"19, 09 05 2025"
https://www.morizon.pl/oferta/sprzedaz-mieszkanie-gdansk-wrzeszcz-rozy-ostrowskiej-55m2-mzn2045213091,"Ustawne, przestronne, urządzone, 3 pok. Wrzeszcz",Wrzeszcz,775 977 zł,47 m²," parter/3 Mieszkanie 3 pokoje,ogród,parkin,.las,staw 75 m² 1 149 ",adresowo,"19, 09 05 2025"
https://www.morizon.pl/oferta/sprzedaz-mieszkanie-gdansk-wrzeszcz-juliusza-slowackiego-96m2-mzn2045151617,"4-pokoje, ul. Słowackiego, obok Garnizonu",Wrzeszcz,1 100 000 zł,84 m²,1 pokój • piętro 4/4 2 pokoje z ogrodem i piwnicą 47 m² 554 000 zł Gd,adresowo,"19, 09 05 2025"
https://www.morizon.pl/oferta/sprzedaz-mieszkanie-gdansk-wrzeszcz-juliusza-slowackiego-96m2-mzn2045151617,"4-pokoje, ul. Słowackiego, obok Garnizonu",Wrzeszcz,1 100 000 zł,84 m²,1 pokój • piętro 4/4 2 pokoje z ogrodem i piwnicą 47 m² 554 000 zł Gd,adresowo,"19, 09 05 2025"
https://www.morizon.pl/oferta/sprzedaz-mieszkanie-gdansk-wrzeszcz-aleja-grunwaldzka-76m2-mzn2045111114,Wyjątkowe 4-pokojowe mieszkanie we Wrzeszczu,Wrzeszcz,1 308 800 zł,81 m²,"000 zł 621 m² Skrajny szereg, ogród, garaż, cena do negocjacji 13",adresowo,"19, 09 05 2025"
https://www.morizon.pl/oferta/sprzedaz-mieszkanie-gdansk-wrzeszcz-aleja-grunwaldzka-76m2-mzn2045111114,Wyjątkowe 4-pokojowe mieszkanie we Wrzeszczu,Wrzeszcz,1 308 800 zł,81 m²,"000 zł 621 m² Skrajny szereg, ogród, garaż, cena do negocjacji 13",adresowo,"19, 09 05 2025"
https://www.morizon.pl/oferta/sprzedaz-mieszkanie-gdansk-wrzeszcz-aleja-gen-jozefa-hallera-48m2-mzn2045108359,Mieszkanie 2-pokojowe Gdańsk Wrzeszcz,Wrzeszcz,905 000 zł,42 m²,"000 zł 621 m² Skrajny szereg, ogród, garaż, cena do negocjacji 13",adresowo,"19, 09 05 2025"
https://www.morizon.pl/oferta/sprzedaz-mieszkanie-gdansk-wrzeszcz-aleja-gen-jozefa-hallera-48m2-mzn2045108359,Mieszkanie 2-pokojowe Gdańsk Wrzeszcz,Wrzeszcz,905 000 zł,42 m²,"000 zł 621 m² Skrajny szereg, ogród, garaż, cena do negocjacji 13",adresowo,"19, 09 05 2025"
https://www.morizon.pl/oferta/sprzedaz-mieszkanie-gdansk-wrzeszcz-juliusza-slowackiego-50m2-mzn2044876980,Ogród | miejsce naziemne | pracownia/kancelaria,Wrzeszcz,599 000 zł,42 m²,Ogród | miejsce naziemne | pracowni,adresowo,"19, 09 05 2025"
https://www.morizon.pl/oferta/sprzedaz-mieszkanie-gdansk-wrzeszcz-juliusza-slowackiego-50m2-mzn2044876980,Ogród | miejsce naziemne | pracownia/kancelaria,Wrzeszcz,599 000 zł,42 m²,Ogród | miejsce naziemne | pracowni,adresowo,"19, 09 05 2025"
https://www.morizon.pl/oferta/sprzedaz-mieszkanie-gdansk-wrzeszcz-romualda-traugutta-48m2-mzn2044512236,Mieszkanie inwestycyjne ! 3 Pokoje ! ul. Traugutta,Wrzeszcz,599 000 zł,42 m²,45 m² • 2 pokoje • piętro 2/4 Ogród | miejsce naziemne | pracowni,adresowo,"19, 09 05 2025"
https://www.morizon.pl/oferta/sprzedaz-mieszkanie-gdansk-wrzeszcz-romualda-traugutta-48m2-mzn2044512236,Mieszkanie inwestycyjne ! 3 Pokoje ! ul. Traugutta,Wrzeszcz,599 000 zł,42 m²,45 m² • 2 pokoje • piętro 2/4 Ogród | miejsce naziemne | pracowni,adresowo,"19, 09 05 2025"
https://www.morizon.pl/oferta/sprzedaz-mieszkanie-gdansk-wrzeszcz-do-studzienki-42m2-mzn2045387996,Klimatyczne mieszkanie w sercu Wrzeszcza,Wrzeszcz,599 999 zł,39 m²,iczny. Dodatkowym atutem jest ogródek przynależny do nieruchomości.,adresowo,20-09-05-2025
https://www.morizon.pl/oferta/sprzedaz-mieszkanie-gdansk-wrzeszcz-do-studzienki-42m2-mzn2045387996,Klimatyczne mieszkanie w sercu Wrzeszcza,Wrzeszcz,599 999 zł,39 m²,iczny. Dodatkowym atutem jest ogródek przynależny do nieruchomości.,adresowo,20-09-05-2025
https://www.morizon.pl/oferta/sprzedaz-mieszkanie-gdansk-wrzeszcz-partyzantow-103m2-mzn2045363105,Świetna Komunikacja | Wrzeszcz | Wysokie sufity,Wrzeszcz,1 179 000 zł,96 m²," 37 m² • 1 pokój • piętro 1/4 Z ogrodem, na kameralnym osiedlu pod Gd",adresowo,20-09-05-2025
https://www.morizon.pl/oferta/sprzedaz-mieszkanie-gdansk-wrzeszcz-partyzantow-103m2-mzn2045363105,Świetna Komunikacja | Wrzeszcz | Wysokie sufity,Wrzeszcz,1 179 000 zł,96 m²," 37 m² • 1 pokój • piętro 1/4 Z ogrodem, na kameralnym osiedlu pod Gd",adresowo,20-09-05-2025
https://www.morizon.pl/oferta/sprzedaz-mieszkanie-gdansk-wrzeszcz-mlynska-52m2-mzn2045355191,IDEALNY NA WYNAJEM i DO ZAMIESZKANIA bez PCC,Wrzeszcz,629 670 zł,45 m²,45 m² • 2 pokoje • piętro 2/4 Ogród | miejsce naziemne | pracowni,adresowo,20-09-05-2025
https://www.morizon.pl/oferta/sprzedaz-mieszkanie-gdansk-wrzeszcz-mlynska-52m2-mzn2045355191,IDEALNY NA WYNAJEM i DO ZAMIESZKANIA bez PCC,Wrzeszcz,629 670 zł,45 m²,45 m² • 2 pokoje • piętro 2/4 Ogród | miejsce naziemne | pracowni,adresowo,20-09-05-2025
https://www.morizon.pl/oferta/sprzedaz-mieszkanie-gdansk-wrzeszcz-47m2-mzn2045354656,Wygodne mieszkanie na skraju miasta i lasu,Wrzeszcz,775 977 zł,47 m²,je • piętro 2/4 3 sypialnie | Ogród i garaż 118 m² 11 000 zł Wars,adresowo,20-09-05-2025
https://www.morizon.pl/oferta/sprzedaz-mieszkanie-gdansk-wrzeszcz-47m2-mzn2045354656,Wygodne mieszkanie na skraju miasta i lasu,Wrzeszcz,775 977 zł,47 m²,je • piętro 2/4 3 sypialnie | Ogród i garaż 118 m² 11 000 zł Wars,adresowo,20-09-05-2025
https://www.morizon.pl/oferta/sprzedaz-mieszkanie-gdansk-wrzeszcz-66m2-mzn2045294577,Wygodne mieszkanie na skraju miasta i lasu,Wrzeszcz,872 000 zł,74 m²,je • piętro 2/4 3 sypialnie | Ogród i garaż 118 m² 11 000 zł Wars,adresowo,20-09-05-2025
https://www.morizon.pl/oferta/sprzedaz-mieszkanie-gdansk-wrzeszcz-66m2-mzn2045294577,Wygodne mieszkanie na skraju miasta i lasu,Wrzeszcz,872 000 zł,74 m²,je • piętro 2/4 3 sypialnie | Ogród i garaż 118 m² 11 000 zł Wars,adresowo,20-09-05-2025
https://www.morizon.pl/oferta/sprzedaz-mieszkanie-gdansk-wrzeszcz-65m2-mzn2045294576,Wygodne mieszkanie na skraju miasta i lasu,Wrzeszcz,872 000 zł,74 m²,je • piętro 2/4 3 sypialnie | Ogród i garaż 118 m² 11 000 zł Wars,adresowo,20-09-05-2025
https://www.morizon.pl/oferta/sprzedaz-mieszkanie-gdansk-wrzeszcz-65m2-mzn2045294576,Wygodne mieszkanie na skraju miasta i lasu,Wrzeszcz,872 000 zł,74 m²,je • piętro 2/4 3 sypialnie | Ogród i garaż 118 m² 11 000 zł Wars,adresowo,20-09-05-2025
https://www.morizon.pl/oferta/sprzedaz-mieszkanie-gdansk-wrzeszcz-66m2-mzn2045293903,Wygodne mieszkanie na skraju miasta i lasu,Wrzeszcz,872 000 zł,74 m²,je • piętro 2/4 3 sypialnie | Ogród i garaż 118 m² 11 000 zł Wars,adresowo,20-09-05-2025
https://www.morizon.pl/oferta/sprzedaz-mieszkanie-gdansk-wrzeszcz-66m2-mzn2045293903,Wygodne mieszkanie na skraju miasta i lasu,Wrzeszcz,872 000 zł,74 m²,je • piętro 2/4 3 sypialnie | Ogród i garaż 118 m² 11 000 zł Wars,adresowo,20-09-05-2025
https://www.morizon.pl/oferta/sprzedaz-mieszkanie-gdansk-wrzeszcz-47m2-mzn2045293902,Wygodne mieszkanie na skraju miasta i lasu,Wrzeszcz,775 977 zł,47 m²,je • piętro 2/4 3 sypialnie | Ogród i garaż 118 m² 11 000 zł Wars,adresowo,20-09-05-2025
https://www.morizon.pl/oferta/sprzedaz-mieszkanie-gdansk-wrzeszcz-47m2-mzn2045293902,Wygodne mieszkanie na skraju miasta i lasu,Wrzeszcz,775 977 zł,47 m²,je • piętro 2/4 3 sypialnie | Ogród i garaż 118 m² 11 000 zł Wars,adresowo,20-09-05-2025
https://www.morizon.pl/oferta/sprzedaz-mieszkanie-gdansk-wrzeszcz-65m2-mzn2045293900,Wygodne mieszkanie na skraju miasta i lasu,Wrzeszcz,872 000 zł,74 m²,je • piętro 2/4 3 sypialnie | Ogród i garaż 118 m² 11 000 zł Wars,adresowo,20-09-05-2025
https://www.morizon.pl/oferta/sprzedaz-mieszkanie-gdansk-wrzeszcz-65m2-mzn2045293900,Wygodne mieszkanie na skraju miasta i lasu,Wrzeszcz,872 000 zł,74 m²,je • piętro 2/4 3 sypialnie | Ogród i garaż 118 m² 11 000 zł Wars,adresowo,20-09-05-2025
https://www.morizon.pl/oferta/sprzedaz-mieszkanie-gdansk-wrzeszcz-rozy-ostrowskiej-55m2-mzn2045213091,"Ustawne, przestronne, urządzone, 3 pok. Wrzeszcz",Wrzeszcz,775 977 zł,47 m²," parter/3 Mieszkanie 3 pokoje,ogród,parkin,.las,staw 75 m² 1 149 ",adresowo,20-09-05-2025
https://www.morizon.pl/oferta/sprzedaz-mieszkanie-gdansk-wrzeszcz-rozy-ostrowskiej-55m2-mzn2045213091,"Ustawne, przestronne, urządzone, 3 pok. Wrzeszcz",Wrzeszcz,775 977 zł,47 m²," parter/3 Mieszkanie 3 pokoje,ogród,parkin,.las,staw 75 m² 1 149 ",adresowo,20-09-05-2025
https://www.morizon.pl/oferta/sprzedaz-mieszkanie-gdansk-wrzeszcz-juliusza-slowackiego-96m2-mzn2045151617,"4-pokoje, ul. Słowackiego, obok Garnizonu",Wrzeszcz,1 100 000 zł,84 m²,1 pokój • piętro 4/4 2 pokoje z ogrodem i piwnicą 47 m² 554 000 zł Gd,adresowo,20-09-05-2025
https://www.morizon.pl/oferta/sprzedaz-mieszkanie-gdansk-wrzeszcz-juliusza-slowackiego-96m2-mzn2045151617,"4-pokoje, ul. Słowackiego, obok Garnizonu",Wrzeszcz,1 100 000 zł,84 m²,1 pokój • piętro 4/4 2 pokoje z ogrodem i piwnicą 47 m² 554 000 zł Gd,adresowo,20-09-05-2025
https://www.morizon.pl/oferta/sprzedaz-mieszkanie-gdansk-wrzeszcz-aleja-grunwaldzka-76m2-mzn2045111114,Wyjątkowe 4-pokojowe mieszkanie we Wrzeszczu,Wrzeszcz,1 308 800 zł,81 m²,"000 zł 621 m² Skrajny szereg, ogród, garaż, cena do negocjacji 13",adresowo,20-09-05-2025
https://www.morizon.pl/oferta/sprzedaz-mieszkanie-gdansk-wrzeszcz-aleja-grunwaldzka-76m2-mzn2045111114,Wyjątkowe 4-pokojowe mieszkanie we Wrzeszczu,Wrzeszcz,1 308 800 zł,81 m²,"000 zł 621 m² Skrajny szereg, ogród, garaż, cena do negocjacji 13",adresowo,20-09-05-2025
https://www.morizon.pl/oferta/sprzedaz-mieszkanie-gdansk-wrzeszcz-aleja-gen-jozefa-hallera-48m2-mzn2045108359,Mieszkanie 2-pokojowe Gdańsk Wrzeszcz,Wrzeszcz,905 000 zł,42 m²,"000 zł 621 m² Skrajny szereg, ogród, garaż, cena do negocjacji 13",adresowo,20-09-05-2025
https://www.morizon.pl/oferta/sprzedaz-mieszkanie-gdansk-wrzeszcz-aleja-gen-jozefa-hallera-48m2-mzn2045108359,Mieszkanie 2-pokojowe Gdańsk Wrzeszcz,Wrzeszcz,905 000 zł,42 m²,"000 zł 621 m² Skrajny szereg, ogród, garaż, cena do negocjacji 13",adresowo,20-09-05-2025
https://www.morizon.pl/oferta/sprzedaz-mieszkanie-gdansk-wrzeszcz-juliusza-slowackiego-50m2-mzn2044876980,Ogród | miejsce naziemne | pracownia/kancelaria,Wrzeszcz,599 000 zł,42 m²,Ogród | miejsce naziemne | pracowni,adresowo,20-09-05-2025
https://www.morizon.pl/oferta/sprzedaz-mieszkanie-gdansk-wrzeszcz-juliusza-slowackiego-50m2-mzn2044876980,Ogród | miejsce naziemne | pracownia/kancelaria,Wrzeszcz,599 000 zł,42 m²,Ogród | miejsce naziemne | pracowni,adresowo,20-09-05-2025
https://www.morizon.pl/oferta/sprzedaz-mieszkanie-gdansk-wrzeszcz-romualda-traugutta-48m2-mzn2044512236,Mieszkanie inwestycyjne ! 3 Pokoje ! ul. Traugutta,Wrzeszcz,599 000 zł,42 m²,45 m² • 2 pokoje • piętro 2/4 Ogród | miejsce naziemne | pracowni,adresowo,20-09-05-2025
https://www.morizon.pl/oferta/sprzedaz-mieszkanie-gdansk-wrzeszcz-romualda-traugutta-48m2-mzn2044512236,Mieszkanie inwestycyjne ! 3 Pokoje ! ul. Traugutta,Wrzeszcz,599 000 zł,42 m²,45 m² • 2 pokoje • piętro 2/4 Ogród | miejsce naziemne | pracowni,adresowo,20-09-05-2025
https://www.morizon.pl/oferta/sprzedaz-mieszkanie-gdansk-wrzeszcz-do-studzienki-42m2-mzn2045387996,Klimatyczne mieszkanie w sercu Wrzeszcza,Wrzeszcz,599 999 zł,39 m²,iczny. Dodatkowym atutem jest ogródek przynależny do nieruchomości.,adresowo,21-09-05-2025
https://www.morizon.pl/oferta/sprzedaz-mieszkanie-gdansk-wrzeszcz-do-studzienki-42m2-mzn2045387996,Klimatyczne mieszkanie w sercu Wrzeszcza,Wrzeszcz,599 999 zł,39 m²,iczny. Dodatkowym atutem jest ogródek przynależny do nieruchomości.,adresowo,21-09-05-2025
https://www.morizon.pl/oferta/sprzedaz-mieszkanie-gdansk-wrzeszcz-partyzantow-103m2-mzn2045363105,Świetna Komunikacja | Wrzeszcz | Wysokie sufity,Wrzeszcz,1 179 000 zł,96 m²," 37 m² • 1 pokój • piętro 1/4 Z ogrodem, na kameralnym osiedlu pod Gd",adresowo,21-09-05-2025
https://www.morizon.pl/oferta/sprzedaz-mieszkanie-gdansk-wrzeszcz-partyzantow-103m2-mzn2045363105,Świetna Komunikacja | Wrzeszcz | Wysokie sufity,Wrzeszcz,1 179 000 zł,96 m²," 37 m² • 1 pokój • piętro 1/4 Z ogrodem, na kameralnym osiedlu pod Gd",adresowo,21-09-05-2025
https://www.morizon.pl/oferta/sprzedaz-mieszkanie-gdansk-wrzeszcz-mlynska-52m2-mzn2045355191,IDEALNY NA WYNAJEM i DO ZAMIESZKANIA bez PCC,Wrzeszcz,629 670 zł,45 m²,45 m² • 2 pokoje • piętro 2/4 Ogród | miejsce naziemne | pracowni,adresowo,21-09-05-2025
https://www.morizon.pl/oferta/sprzedaz-mieszkanie-gdansk-wrzeszcz-mlynska-52m2-mzn2045355191,IDEALNY NA WYNAJEM i DO ZAMIESZKANIA bez PCC,Wrzeszcz,629 670 zł,45 m²,45 m² • 2 pokoje • piętro 2/4 Ogród | miejsce naziemne | pracowni,adresowo,21-09-05-2025
https://www.morizon.pl/oferta/sprzedaz-mieszkanie-gdansk-wrzeszcz-47m2-mzn2045354656,Wygodne mieszkanie na skraju miasta i lasu,Wrzeszcz,775 977 zł,47 m²,je • piętro 2/4 3 sypialnie | Ogród i garaż 118 m² 11 000 zł Wars,adresowo,21-09-05-2025
https://www.morizon.pl/oferta/sprzedaz-mieszkanie-gdansk-wrzeszcz-47m2-mzn2045354656,Wygodne mieszkanie na skraju miasta i lasu,Wrzeszcz,775 977 zł,47 m²,je • piętro 2/4 3 sypialnie | Ogród i garaż 118 m² 11 000 zł Wars,adresowo,21-09-05-2025
https://www.morizon.pl/oferta/sprzedaz-mieszkanie-gdansk-wrzeszcz-66m2-mzn2045294577,Wygodne mieszkanie na skraju miasta i lasu,Wrzeszcz,872 000 zł,74 m²,je • piętro 2/4 3 sypialnie | Ogród i garaż 118 m² 11 000 zł Wars,adresowo,21-09-05-2025
https://www.morizon.pl/oferta/sprzedaz-mieszkanie-gdansk-wrzeszcz-66m2-mzn2045294577,Wygodne mieszkanie na skraju miasta i lasu,Wrzeszcz,872 000 zł,74 m²,je • piętro 2/4 3 sypialnie | Ogród i garaż 118 m² 11 000 zł Wars,adresowo,21-09-05-2025
https://www.morizon.pl/oferta/sprzedaz-mieszkanie-gdansk-wrzeszcz-65m2-mzn2045294576,Wygodne mieszkanie na skraju miasta i lasu,Wrzeszcz,872 000 zł,74 m²,je • piętro 2/4 3 sypialnie | Ogród i garaż 118 m² 11 000 zł Wars,adresowo,21-09-05-2025
https://www.morizon.pl/oferta/sprzedaz-mieszkanie-gdansk-wrzeszcz-65m2-mzn2045294576,Wygodne mieszkanie na skraju miasta i lasu,Wrzeszcz,872 000 zł,74 m²,je • piętro 2/4 3 sypialnie | Ogród i garaż 118 m² 11 000 zł Wars,adresowo,21-09-05-2025
https://www.morizon.pl/oferta/sprzedaz-mieszkanie-gdansk-wrzeszcz-66m2-mzn2045293903,Wygodne mieszkanie na skraju miasta i lasu,Wrzeszcz,872 000 zł,74 m²,je • piętro 2/4 3 sypialnie | Ogród i garaż 118 m² 11 000 zł Wars,adresowo,21-09-05-2025
https://www.morizon.pl/oferta/sprzedaz-mieszkanie-gdansk-wrzeszcz-66m2-mzn2045293903,Wygodne mieszkanie na skraju miasta i lasu,Wrzeszcz,872 000 zł,74 m²,je • piętro 2/4 3 sypialnie | Ogród i garaż 118 m² 11 000 zł Wars,adresowo,21-09-05-2025
https://www.morizon.pl/oferta/sprzedaz-mieszkanie-gdansk-wrzeszcz-47m2-mzn2045293902,Wygodne mieszkanie na skraju miasta i lasu,Wrzeszcz,775 977 zł,47 m²,je • piętro 2/4 3 sypialnie | Ogród i garaż 118 m² 11 000 zł Wars,adresowo,21-09-05-2025
https://www.morizon.pl/oferta/sprzedaz-mieszkanie-gdansk-wrzeszcz-47m2-mzn2045293902,Wygodne mieszkanie na skraju miasta i lasu,Wrzeszcz,775 977 zł,47 m²,je • piętro 2/4 3 sypialnie | Ogród i garaż 118 m² 11 000 zł Wars,adresowo,21-09-05-2025
https://www.morizon.pl/oferta/sprzedaz-mieszkanie-gdansk-wrzeszcz-65m2-mzn2045293900,Wygodne mieszkanie na skraju miasta i lasu,Wrzeszcz,872 000 zł,74 m²,je • piętro 2/4 3 sypialnie | Ogród i garaż 118 m² 11 000 zł Wars,adresowo,21-09-05-2025
https://www.morizon.pl/oferta/sprzedaz-mieszkanie-gdansk-wrzeszcz-65m2-mzn2045293900,Wygodne mieszkanie na skraju miasta i lasu,Wrzeszcz,872 000 zł,74 m²,je • piętro 2/4 3 sypialnie | Ogród i garaż 118 m² 11 000 zł Wars,adresowo,21-09-05-2025
https://www.morizon.pl/oferta/sprzedaz-mieszkanie-gdansk-wrzeszcz-rozy-ostrowskiej-55m2-mzn2045213091,"Ustawne, przestronne, urządzone, 3 pok. Wrzeszcz",Wrzeszcz,775 977 zł,47 m²," parter/3 Mieszkanie 3 pokoje,ogród,parkin,.las,staw 75 m² 1 149 ",adresowo,21-09-05-2025
https://www.morizon.pl/oferta/sprzedaz-mieszkanie-gdansk-wrzeszcz-rozy-ostrowskiej-55m2-mzn2045213091,"Ustawne, przestronne, urządzone, 3 pok. Wrzeszcz",Wrzeszcz,775 977 zł,47 m²," parter/3 Mieszkanie 3 pokoje,ogród,parkin,.las,staw 75 m² 1 149 ",adresowo,21-09-05-2025
https://www.morizon.pl/oferta/sprzedaz-mieszkanie-gdansk-wrzeszcz-juliusza-slowackiego-96m2-mzn2045151617,"4-pokoje, ul. Słowackiego, obok Garnizonu",Wrzeszcz,1 100 000 zł,84 m²,1 pokój • piętro 4/4 2 pokoje z ogrodem i piwnicą 47 m² 554 000 zł Gd,adresowo,21-09-05-2025
https://www.morizon.pl/oferta/sprzedaz-mieszkanie-gdansk-wrzeszcz-juliusza-slowackiego-96m2-mzn2045151617,"4-pokoje, ul. Słowackiego, obok Garnizonu",Wrzeszcz,1 100 000 zł,84 m²,1 pokój • piętro 4/4 2 pokoje z ogrodem i piwnicą 47 m² 554 000 zł Gd,adresowo,21-09-05-2025
https://www.morizon.pl/oferta/sprzedaz-mieszkanie-gdansk-wrzeszcz-aleja-grunwaldzka-76m2-mzn2045111114,Wyjątkowe 4-pokojowe mieszkanie we Wrzeszczu,Wrzeszcz,1 308 800 zł,81 m²,"000 zł 621 m² Skrajny szereg, ogród, garaż, cena do negocjacji 13",adresowo,21-09-05-2025
https://www.morizon.pl/oferta/sprzedaz-mieszkanie-gdansk-wrzeszcz-aleja-grunwaldzka-76m2-mzn2045111114,Wyjątkowe 4-pokojowe mieszkanie we Wrzeszczu,Wrzeszcz,1 308 800 zł,81 m²,"000 zł 621 m² Skrajny szereg, ogród, garaż, cena do negocjacji 13",adresowo,21-09-05-2025
https://www.morizon.pl/oferta/sprzedaz-mieszkanie-gdansk-wrzeszcz-aleja-gen-jozefa-hallera-48m2-mzn2045108359,Mieszkanie 2-pokojowe Gdańsk Wrzeszcz,Wrzeszcz,905 000 zł,42 m²,"000 zł 621 m² Skrajny szereg, ogród, garaż, cena do negocjacji 13",adresowo,21-09-05-2025
https://www.morizon.pl/oferta/sprzedaz-mieszkanie-gdansk-wrzeszcz-aleja-gen-jozefa-hallera-48m2-mzn2045108359,Mieszkanie 2-pokojowe Gdańsk Wrzeszcz,Wrzeszcz,905 000 zł,42 m²,"000 zł 621 m² Skrajny szereg, ogród, garaż, cena do negocjacji 13",adresowo,21-09-05-2025
https://www.morizon.pl/oferta/sprzedaz-mieszkanie-gdansk-wrzeszcz-juliusza-slowackiego-50m2-mzn2044876980,Ogród | miejsce naziemne | pracownia/kancelaria,Wrzeszcz,599 000 zł,42 m²,Ogród | miejsce naziemne | pracowni,adresowo,21-09-05-2025
https://www.morizon.pl/oferta/sprzedaz-mieszkanie-gdansk-wrzeszcz-juliusza-slowackiego-50m2-mzn2044876980,Ogród | miejsce naziemne | pracownia/kancelaria,Wrzeszcz,599 000 zł,42 m²,Ogród | miejsce naziemne | pracowni,adresowo,21-09-05-2025
https://www.morizon.pl/oferta/sprzedaz-mieszkanie-gdansk-wrzeszcz-romualda-traugutta-48m2-mzn2044512236,Mieszkanie inwestycyjne ! 3 Pokoje ! ul. Traugutta,Wrzeszcz,599 000 zł,42 m²,45 m² • 2 pokoje • piętro 2/4 Ogród | miejsce naziemne | pracowni,adresowo,21-09-05-2025
https://www.morizon.pl/oferta/sprzedaz-mieszkanie-gdansk-wrzeszcz-romualda-traugutta-48m2-mzn2044512236,Mieszkanie inwestycyjne ! 3 Pokoje ! ul. Traugutta,Wrzeszcz,599 000 zł,42 m²,45 m² • 2 pokoje • piętro 2/4 Ogród | miejsce naziemne | pracowni,adresowo,21-09-05-2025
https://www.morizon.pl/oferta/sprzedaz-mieszkanie-gdansk-wrzeszcz-do-studzienki-42m2-mzn2045387996,Klimatyczne mieszkanie w sercu Wrzeszcza,Wrzeszcz,599 999 zł,39 m²,iczny. Dodatkowym atutem jest ogródek przynależny do nieruchomości.,adresowo,22-09-05-2025
https://www.morizon.pl/oferta/sprzedaz-mieszkanie-gdansk-wrzeszcz-do-studzienki-42m2-mzn2045387996,Klimatyczne mieszkanie w sercu Wrzeszcza,Wrzeszcz,599 999 zł,39 m²,iczny. Dodatkowym atutem jest ogródek przynależny do nieruchomości.,adresowo,22-09-05-2025
https://www.morizon.pl/oferta/sprzedaz-mieszkanie-gdansk-wrzeszcz-partyzantow-103m2-mzn2045363105,Świetna Komunikacja | Wrzeszcz | Wysokie sufity,Wrzeszcz,1 179 000 zł,96 m²," 37 m² • 1 pokój • piętro 1/4 Z ogrodem, na kameralnym osiedlu pod Gd",adresowo,22-09-05-2025
https://www.morizon.pl/oferta/sprzedaz-mieszkanie-gdansk-wrzeszcz-partyzantow-103m2-mzn2045363105,Świetna Komunikacja | Wrzeszcz | Wysokie sufity,Wrzeszcz,1 179 000 zł,96 m²," 37 m² • 1 pokój • piętro 1/4 Z ogrodem, na kameralnym osiedlu pod Gd",adresowo,22-09-05-2025
https://www.morizon.pl/oferta/sprzedaz-mieszkanie-gdansk-wrzeszcz-mlynska-52m2-mzn2045355191,IDEALNY NA WYNAJEM i DO ZAMIESZKANIA bez PCC,Wrzeszcz,629 670 zł,45 m²,45 m² • 2 pokoje • piętro 2/4 Ogród | miejsce naziemne | pracowni,adresowo,22-09-05-2025
https://www.morizon.pl/oferta/sprzedaz-mieszkanie-gdansk-wrzeszcz-mlynska-52m2-mzn2045355191,IDEALNY NA WYNAJEM i DO ZAMIESZKANIA bez PCC,Wrzeszcz,629 670 zł,45 m²,45 m² • 2 pokoje • piętro 2/4 Ogród | miejsce naziemne | pracowni,adresowo,22-09-05-2025
https://www.morizon.pl/oferta/sprzedaz-mieszkanie-gdansk-wrzeszcz-47m2-mzn2045354656,Wygodne mieszkanie na skraju miasta i lasu,Wrzeszcz,775 977 zł,47 m²,je • piętro 2/4 3 sypialnie | Ogród i garaż 118 m² 11 000 zł Wars,adresowo,22-09-05-2025
https://www.morizon.pl/oferta/sprzedaz-mieszkanie-gdansk-wrzeszcz-47m2-mzn2045354656,Wygodne mieszkanie na skraju miasta i lasu,Wrzeszcz,775 977 zł,47 m²,je • piętro 2/4 3 sypialnie | Ogród i garaż 118 m² 11 000 zł Wars,adresowo,22-09-05-2025
https://www.morizon.pl/oferta/sprzedaz-mieszkanie-gdansk-wrzeszcz-66m2-mzn2045294577,Wygodne mieszkanie na skraju miasta i lasu,Wrzeszcz,872 000 zł,74 m²,je • piętro 2/4 3 sypialnie | Ogród i garaż 118 m² 11 000 zł Wars,adresowo,22-09-05-2025
https://www.morizon.pl/oferta/sprzedaz-mieszkanie-gdansk-wrzeszcz-66m2-mzn2045294577,Wygodne mieszkanie na skraju miasta i lasu,Wrzeszcz,872 000 zł,74 m²,je • piętro 2/4 3 sypialnie | Ogród i garaż 118 m² 11 000 zł Wars,adresowo,22-09-05-2025
https://www.morizon.pl/oferta/sprzedaz-mieszkanie-gdansk-wrzeszcz-65m2-mzn2045294576,Wygodne mieszkanie na skraju miasta i lasu,Wrzeszcz,872 000 zł,74 m²,je • piętro 2/4 3 sypialnie | Ogród i garaż 118 m² 11 000 zł Wars,adresowo,22-09-05-2025
https://www.morizon.pl/oferta/sprzedaz-mieszkanie-gdansk-wrzeszcz-65m2-mzn2045294576,Wygodne mieszkanie na skraju miasta i lasu,Wrzeszcz,872 000 zł,74 m²,je • piętro 2/4 3 sypialnie | Ogród i garaż 118 m² 11 000 zł Wars,adresowo,22-09-05-2025
https://www.morizon.pl/oferta/sprzedaz-mieszkanie-gdansk-wrzeszcz-66m2-mzn2045293903,Wygodne mieszkanie na skraju miasta i lasu,Wrzeszcz,872 000 zł,74 m²,je • piętro 2/4 3 sypialnie | Ogród i garaż 118 m² 11 000 zł Wars,adresowo,22-09-05-2025
https://www.morizon.pl/oferta/sprzedaz-mieszkanie-gdansk-wrzeszcz-66m2-mzn2045293903,Wygodne mieszkanie na skraju miasta i lasu,Wrzeszcz,872 000 zł,74 m²,je • piętro 2/4 3 sypialnie | Ogród i garaż 118 m² 11 000 zł Wars,adresowo,22-09-05-2025
https://www.morizon.pl/oferta/sprzedaz-mieszkanie-gdansk-wrzeszcz-47m2-mzn2045293902,Wygodne mieszkanie na skraju miasta i lasu,Wrzeszcz,775 977 zł,47 m²,je • piętro 2/4 3 sypialnie | Ogród i garaż 118 m² 11 000 zł Wars,adresowo,22-09-05-2025
https://www.morizon.pl/oferta/sprzedaz-mieszkanie-gdansk-wrzeszcz-47m2-mzn2045293902,Wygodne mieszkanie na skraju miasta i lasu,Wrzeszcz,775 977 zł,47 m²,je • piętro 2/4 3 sypialnie | Ogród i garaż 118 m² 11 000 zł Wars,adresowo,22-09-05-2025
https://www.morizon.pl/oferta/sprzedaz-mieszkanie-gdansk-wrzeszcz-65m2-mzn2045293900,Wygodne mieszkanie na skraju miasta i lasu,Wrzeszcz,872 000 zł,74 m²,je • piętro 2/4 3 sypialnie | Ogród i garaż 118 m² 11 000 zł Wars,adresowo,22-09-05-2025
https://www.morizon.pl/oferta/sprzedaz-mieszkanie-gdansk-wrzeszcz-65m2-mzn2045293900,Wygodne mieszkanie na skraju miasta i lasu,Wrzeszcz,872 000 zł,74 m²,je • piętro 2/4 3 sypialnie | Ogród i garaż 118 m² 11 000 zł Wars,adresowo,22-09-05-2025
https://www.morizon.pl/oferta/sprzedaz-mieszkanie-gdansk-wrzeszcz-rozy-ostrowskiej-55m2-mzn2045213091,"Ustawne, przestronne, urządzone, 3 pok. Wrzeszcz",Wrzeszcz,775 977 zł,47 m²," parter/3 Mieszkanie 3 pokoje,ogród,parkin,.las,staw 75 m² 1 149 ",adresowo,22-09-05-2025
https://www.morizon.pl/oferta/sprzedaz-mieszkanie-gdansk-wrzeszcz-rozy-ostrowskiej-55m2-mzn2045213091,"Ustawne, przestronne, urządzone, 3 pok. Wrzeszcz",Wrzeszcz,775 977 zł,47 m²," parter/3 Mieszkanie 3 pokoje,ogród,parkin,.las,staw 75 m² 1 149 ",adresowo,22-09-05-2025
https://www.morizon.pl/oferta/sprzedaz-mieszkanie-gdansk-wrzeszcz-juliusza-slowackiego-96m2-mzn2045151617,"4-pokoje, ul. Słowackiego, obok Garnizonu",Wrzeszcz,1 100 000 zł,84 m²,1 pokój • piętro 4/4 2 pokoje z ogrodem i piwnicą 47 m² 554 000 zł Gd,adresowo,22-09-05-2025
https://www.morizon.pl/oferta/sprzedaz-mieszkanie-gdansk-wrzeszcz-juliusza-slowackiego-96m2-mzn2045151617,"4-pokoje, ul. Słowackiego, obok Garnizonu",Wrzeszcz,1 100 000 zł,84 m²,1 pokój • piętro 4/4 2 pokoje z ogrodem i piwnicą 47 m² 554 000 zł Gd,adresowo,22-09-05-2025
https://www.morizon.pl/oferta/sprzedaz-mieszkanie-gdansk-wrzeszcz-aleja-grunwaldzka-76m2-mzn2045111114,Wyjątkowe 4-pokojowe mieszkanie we Wrzeszczu,Wrzeszcz,1 308 800 zł,81 m²,"000 zł 621 m² Skrajny szereg, ogród, garaż, cena do negocjacji 13",adresowo,22-09-05-2025
https://www.morizon.pl/oferta/sprzedaz-mieszkanie-gdansk-wrzeszcz-aleja-grunwaldzka-76m2-mzn2045111114,Wyjątkowe 4-pokojowe mieszkanie we Wrzeszczu,Wrzeszcz,1 308 800 zł,81 m²,"000 zł 621 m² Skrajny szereg, ogród, garaż, cena do negocjacji 13",adresowo,22-09-05-2025
https://www.morizon.pl/oferta/sprzedaz-mieszkanie-gdansk-wrzeszcz-aleja-gen-jozefa-hallera-48m2-mzn2045108359,Mieszkanie 2-pokojowe Gdańsk Wrzeszcz,Wrzeszcz,905 000 zł,42 m²,"000 zł 621 m² Skrajny szereg, ogród, garaż, cena do negocjacji 13",adresowo,22-09-05-2025
https://www.morizon.pl/oferta/sprzedaz-mieszkanie-gdansk-wrzeszcz-aleja-gen-jozefa-hallera-48m2-mzn2045108359,Mieszkanie 2-pokojowe Gdańsk Wrzeszcz,Wrzeszcz,905 000 zł,42 m²,"000 zł 621 m² Skrajny szereg, ogród, garaż, cena do negocjacji 13",adresowo,22-09-05-2025
https://www.morizon.pl/oferta/sprzedaz-mieszkanie-gdansk-wrzeszcz-juliusza-slowackiego-50m2-mzn2044876980,Ogród | miejsce naziemne | pracownia/kancelaria,Wrzeszcz,599 000 zł,42 m²,Ogród | miejsce naziemne | pracowni,adresowo,22-09-05-2025
https://www.morizon.pl/oferta/sprzedaz-mieszkanie-gdansk-wrzeszcz-juliusza-slowackiego-50m2-mzn2044876980,Ogród | miejsce naziemne | pracownia/kancelaria,Wrzeszcz,599 000 zł,42 m²,Ogród | miejsce naziemne | pracowni,adresowo,22-09-05-2025
https://www.morizon.pl/oferta/sprzedaz-mieszkanie-gdansk-wrzeszcz-romualda-traugutta-48m2-mzn2044512236,Mieszkanie inwestycyjne ! 3 Pokoje ! ul. Traugutta,Wrzeszcz,599 000 zł,42 m²,45 m² • 2 pokoje • piętro 2/4 Ogród | miejsce naziemne | pracowni,adresowo,22-09-05-2025
https://www.morizon.pl/oferta/sprzedaz-mieszkanie-gdansk-wrzeszcz-romualda-traugutta-48m2-mzn2044512236,Mieszkanie inwestycyjne ! 3 Pokoje ! ul. Traugutta,Wrzeszcz,599 000 zł,42 m²,45 m² • 2 pokoje • piętro 2/4 Ogród | miejsce naziemne | pracowni,adresowo,22-09-05-2025
https://www.morizon.pl/oferta/sprzedaz-mieszkanie-gdansk-wrzeszcz-do-studzienki-42m2-mzn2045387996,Klimatyczne mieszkanie w sercu Wrzeszcza,Wrzeszcz,599 999 zł,39 m²,iczny. Dodatkowym atutem jest ogródek przynależny do nieruchomości.,adresowo,23-09-05-2025
https://www.morizon.pl/oferta/sprzedaz-mieszkanie-gdansk-wrzeszcz-do-studzienki-42m2-mzn2045387996,Klimatyczne mieszkanie w sercu Wrzeszcza,Wrzeszcz,599 999 zł,39 m²,iczny. Dodatkowym atutem jest ogródek przynależny do nieruchomości.,adresowo,23-09-05-2025
https://www.morizon.pl/oferta/sprzedaz-mieszkanie-gdansk-wrzeszcz-partyzantow-103m2-mzn2045363105,Świetna Komunikacja | Wrzeszcz | Wysokie sufity,Wrzeszcz,1 179 000 zł,96 m²," 37 m² • 1 pokój • piętro 1/4 Z ogrodem, na kameralnym osiedlu pod Gd",adresowo,23-09-05-2025
https://www.morizon.pl/oferta/sprzedaz-mieszkanie-gdansk-wrzeszcz-partyzantow-103m2-mzn2045363105,Świetna Komunikacja | Wrzeszcz | Wysokie sufity,Wrzeszcz,1 179 000 zł,96 m²," 37 m² • 1 pokój • piętro 1/4 Z ogrodem, na kameralnym osiedlu pod Gd",adresowo,23-09-05-2025
https://www.morizon.pl/oferta/sprzedaz-mieszkanie-gdansk-wrzeszcz-mlynska-52m2-mzn2045355191,IDEALNY NA WYNAJEM i DO ZAMIESZKANIA bez PCC,Wrzeszcz,629 670 zł,45 m²,45 m² • 2 pokoje • piętro 2/4 Ogród | miejsce naziemne | pracowni,adresowo,23-09-05-2025
https://www.morizon.pl/oferta/sprzedaz-mieszkanie-gdansk-wrzeszcz-mlynska-52m2-mzn2045355191,IDEALNY NA WYNAJEM i DO ZAMIESZKANIA bez PCC,Wrzeszcz,629 670 zł,45 m²,45 m² • 2 pokoje • piętro 2/4 Ogród | miejsce naziemne | pracowni,adresowo,23-09-05-2025
https://www.morizon.pl/oferta/sprzedaz-mieszkanie-gdansk-wrzeszcz-47m2-mzn2045354656,Wygodne mieszkanie na skraju miasta i lasu,Wrzeszcz,775 977 zł,47 m²,je • piętro 2/4 3 sypialnie | Ogród i garaż 118 m² 11 000 zł Wars,adresowo,23-09-05-2025
https://www.morizon.pl/oferta/sprzedaz-mieszkanie-gdansk-wrzeszcz-47m2-mzn2045354656,Wygodne mieszkanie na skraju miasta i lasu,Wrzeszcz,775 977 zł,47 m²,je • piętro 2/4 3 sypialnie | Ogród i garaż 118 m² 11 000 zł Wars,adresowo,23-09-05-2025
https://www.morizon.pl/oferta/sprzedaz-mieszkanie-gdansk-wrzeszcz-66m2-mzn2045294577,Wygodne mieszkanie na skraju miasta i lasu,Wrzeszcz,872 000 zł,74 m²,je • piętro 2/4 3 sypialnie | Ogród i garaż 118 m² 11 000 zł Wars,adresowo,23-09-05-2025
https://www.morizon.pl/oferta/sprzedaz-mieszkanie-gdansk-wrzeszcz-66m2-mzn2045294577,Wygodne mieszkanie na skraju miasta i lasu,Wrzeszcz,872 000 zł,74 m²,je • piętro 2/4 3 sypialnie | Ogród i garaż 118 m² 11 000 zł Wars,adresowo,23-09-05-2025
https://www.morizon.pl/oferta/sprzedaz-mieszkanie-gdansk-wrzeszcz-65m2-mzn2045294576,Wygodne mieszkanie na skraju miasta i lasu,Wrzeszcz,872 000 zł,74 m²,je • piętro 2/4 3 sypialnie | Ogród i garaż 118 m² 11 000 zł Wars,adresowo,23-09-05-2025
https://www.morizon.pl/oferta/sprzedaz-mieszkanie-gdansk-wrzeszcz-65m2-mzn2045294576,Wygodne mieszkanie na skraju miasta i lasu,Wrzeszcz,872 000 zł,74 m²,je • piętro 2/4 3 sypialnie | Ogród i garaż 118 m² 11 000 zł Wars,adresowo,23-09-05-2025
https://www.morizon.pl/oferta/sprzedaz-mieszkanie-gdansk-wrzeszcz-66m2-mzn2045293903,Wygodne mieszkanie na skraju miasta i lasu,Wrzeszcz,872 000 zł,74 m²,je • piętro 2/4 3 sypialnie | Ogród i garaż 118 m² 11 000 zł Wars,adresowo,23-09-05-2025
https://www.morizon.pl/oferta/sprzedaz-mieszkanie-gdansk-wrzeszcz-66m2-mzn2045293903,Wygodne mieszkanie na skraju miasta i lasu,Wrzeszcz,872 000 zł,74 m²,je • piętro 2/4 3 sypialnie | Ogród i garaż 118 m² 11 000 zł Wars,adresowo,23-09-05-2025
https://www.morizon.pl/oferta/sprzedaz-mieszkanie-gdansk-wrzeszcz-47m2-mzn2045293902,Wygodne mieszkanie na skraju miasta i lasu,Wrzeszcz,775 977 zł,47 m²,je • piętro 2/4 3 sypialnie | Ogród i garaż 118 m² 11 000 zł Wars,adresowo,23-09-05-2025
https://www.morizon.pl/oferta/sprzedaz-mieszkanie-gdansk-wrzeszcz-47m2-mzn2045293902,Wygodne mieszkanie na skraju miasta i lasu,Wrzeszcz,775 977 zł,47 m²,je • piętro 2/4 3 sypialnie | Ogród i garaż 118 m² 11 000 zł Wars,adresowo,23-09-05-2025
https://www.morizon.pl/oferta/sprzedaz-mieszkanie-gdansk-wrzeszcz-65m2-mzn2045293900,Wygodne mieszkanie na skraju miasta i lasu,Wrzeszcz,872 000 zł,74 m²,je • piętro 2/4 3 sypialnie | Ogród i garaż 118 m² 11 000 zł Wars,adresowo,23-09-05-2025
https://www.morizon.pl/oferta/sprzedaz-mieszkanie-gdansk-wrzeszcz-65m2-mzn2045293900,Wygodne mieszkanie na skraju miasta i lasu,Wrzeszcz,872 000 zł,74 m²,je • piętro 2/4 3 sypialnie | Ogród i garaż 118 m² 11 000 zł Wars,adresowo,23-09-05-2025
https://www.morizon.pl/oferta/sprzedaz-mieszkanie-gdansk-wrzeszcz-rozy-ostrowskiej-55m2-mzn2045213091,"Ustawne, przestronne, urządzone, 3 pok. Wrzeszcz",Wrzeszcz,775 977 zł,47 m²," parter/5 Mieszkanie 3 pokoje,ogród,parkin,.las,staw 75 m² 1 149 ",adresowo,23-09-05-2025
https://www.morizon.pl/oferta/sprzedaz-mieszkanie-gdansk-wrzeszcz-rozy-ostrowskiej-55m2-mzn2045213091,"Ustawne, przestronne, urządzone, 3 pok. Wrzeszcz",Wrzeszcz,775 977 zł,47 m²," parter/5 Mieszkanie 3 pokoje,ogród,parkin,.las,staw 75 m² 1 149 ",adresowo,23-09-05-2025
https://www.morizon.pl/oferta/sprzedaz-mieszkanie-gdansk-wrzeszcz-juliusza-slowackiego-96m2-mzn2045151617,"4-pokoje, ul. Słowackiego, obok Garnizonu",Wrzeszcz,1 100 000 zł,84 m²,1 pokój • piętro 4/4 2 pokoje z ogrodem i piwnicą 47 m² 554 000 zł Gd,adresowo,23-09-05-2025
https://www.morizon.pl/oferta/sprzedaz-mieszkanie-gdansk-wrzeszcz-juliusza-slowackiego-96m2-mzn2045151617,"4-pokoje, ul. Słowackiego, obok Garnizonu",Wrzeszcz,1 100 000 zł,84 m²,1 pokój • piętro 4/4 2 pokoje z ogrodem i piwnicą 47 m² 554 000 zł Gd,adresowo,23-09-05-2025
https://www.morizon.pl/oferta/sprzedaz-mieszkanie-gdansk-wrzeszcz-aleja-grunwaldzka-76m2-mzn2045111114,Wyjątkowe 4-pokojowe mieszkanie we Wrzeszczu,Wrzeszcz,1 308 800 zł,81 m²,"000 zł 621 m² Skrajny szereg, ogród, garaż, cena do negocjacji 13",adresowo,23-09-05-2025
https://www.morizon.pl/oferta/sprzedaz-mieszkanie-gdansk-wrzeszcz-aleja-grunwaldzka-76m2-mzn2045111114,Wyjątkowe 4-pokojowe mieszkanie we Wrzeszczu,Wrzeszcz,1 308 800 zł,81 m²,"000 zł 621 m² Skrajny szereg, ogród, garaż, cena do negocjacji 13",adresowo,23-09-05-2025
https://www.morizon.pl/oferta/sprzedaz-mieszkanie-gdansk-wrzeszcz-aleja-gen-jozefa-hallera-48m2-mzn2045108359,Mieszkanie 2-pokojowe Gdańsk Wrzeszcz,Wrzeszcz,905 000 zł,42 m²,"000 zł 621 m² Skrajny szereg, ogród, garaż, cena do negocjacji 13",adresowo,23-09-05-2025
https://www.morizon.pl/oferta/sprzedaz-mieszkanie-gdansk-wrzeszcz-aleja-gen-jozefa-hallera-48m2-mzn2045108359,Mieszkanie 2-pokojowe Gdańsk Wrzeszcz,Wrzeszcz,905 000 zł,42 m²,"000 zł 621 m² Skrajny szereg, ogród, garaż, cena do negocjacji 13",adresowo,23-09-05-2025
https://www.morizon.pl/oferta/sprzedaz-mieszkanie-gdansk-wrzeszcz-juliusza-slowackiego-50m2-mzn2044876980,Ogród | miejsce naziemne | pracownia/kancelaria,Wrzeszcz,599 000 zł,42 m²,Ogród | miejsce naziemne | pracowni,adresowo,23-09-05-2025
https://www.morizon.pl/oferta/sprzedaz-mieszkanie-gdansk-wrzeszcz-juliusza-slowackiego-50m2-mzn2044876980,Ogród | miejsce naziemne | pracownia/kancelaria,Wrzeszcz,599 000 zł,42 m²,Ogród | miejsce naziemne | pracowni,adresowo,23-09-05-2025
https://www.morizon.pl/oferta/sprzedaz-mieszkanie-gdansk-wrzeszcz-romualda-traugutta-48m2-mzn2044512236,Mieszkanie inwestycyjne ! 3 Pokoje ! ul. Traugutta,Wrzeszcz,599 000 zł,42 m²,45 m² • 2 pokoje • piętro 2/4 Ogród | miejsce naziemne | pracowni,adresowo,23-09-05-2025
https://www.morizon.pl/oferta/sprzedaz-mieszkanie-gdansk-wrzeszcz-romualda-traugutta-48m2-mzn2044512236,Mieszkanie inwestycyjne ! 3 Pokoje ! ul. Traugutta,Wrzeszcz,599 000 zł,42 m²,45 m² • 2 pokoje • piętro 2/4 Ogród | miejsce naziemne | pracowni,adresowo,23-09-05-2025
https://www.morizon.pl/oferta/sprzedaz-mieszkanie-gdansk-wrzeszcz-do-studzienki-42m2-mzn2045387996,Klimatyczne mieszkanie w sercu Wrzeszcza,Wrzeszcz,599 999 zł,39 m²,iczny. Dodatkowym atutem jest ogródek przynależny do nieruchomości.,adresowo,01-10-05-2025
https://www.morizon.pl/oferta/sprzedaz-mieszkanie-gdansk-wrzeszcz-do-studzienki-42m2-mzn2045387996,Klimatyczne mieszkanie w sercu Wrzeszcza,Wrzeszcz,599 999 zł,39 m²,iczny. Dodatkowym atutem jest ogródek przynależny do nieruchomości.,adresowo,01-10-05-2025
https://www.morizon.pl/oferta/sprzedaz-mieszkanie-gdansk-wrzeszcz-partyzantow-103m2-mzn2045363105,Świetna Komunikacja | Wrzeszcz | Wysokie sufity,Wrzeszcz,1 179 000 zł,96 m²," 37 m² • 1 pokój • piętro 1/4 Z ogrodem, na kameralnym osiedlu pod Gd",adresowo,01-10-05-2025
https://www.morizon.pl/oferta/sprzedaz-mieszkanie-gdansk-wrzeszcz-partyzantow-103m2-mzn2045363105,Świetna Komunikacja | Wrzeszcz | Wysokie sufity,Wrzeszcz,1 179 000 zł,96 m²," 37 m² • 1 pokój • piętro 1/4 Z ogrodem, na kameralnym osiedlu pod Gd",adresowo,01-10-05-2025
https://www.morizon.pl/oferta/sprzedaz-mieszkanie-gdansk-wrzeszcz-mlynska-52m2-mzn2045355191,IDEALNY NA WYNAJEM i DO ZAMIESZKANIA bez PCC,Wrzeszcz,629 670 zł,45 m²,45 m² • 2 pokoje • piętro 2/4 Ogród | miejsce naziemne | pracowni,adresowo,01-10-05-2025
https://www.morizon.pl/oferta/sprzedaz-mieszkanie-gdansk-wrzeszcz-mlynska-52m2-mzn2045355191,IDEALNY NA WYNAJEM i DO ZAMIESZKANIA bez PCC,Wrzeszcz,629 670 zł,45 m²,45 m² • 2 pokoje • piętro 2/4 Ogród | miejsce naziemne | pracowni,adresowo,01-10-05-2025
https://www.morizon.pl/oferta/sprzedaz-mieszkanie-gdansk-wrzeszcz-47m2-mzn2045354656,Wygodne mieszkanie na skraju miasta i lasu,Wrzeszcz,775 977 zł,47 m²,je • piętro 2/4 3 sypialnie | Ogród i garaż 118 m² 11 000 zł Wars,adresowo,01-10-05-2025
https://www.morizon.pl/oferta/sprzedaz-mieszkanie-gdansk-wrzeszcz-47m2-mzn2045354656,Wygodne mieszkanie na skraju miasta i lasu,Wrzeszcz,775 977 zł,47 m²,je • piętro 2/4 3 sypialnie | Ogród i garaż 118 m² 11 000 zł Wars,adresowo,01-10-05-2025
https://www.morizon.pl/oferta/sprzedaz-mieszkanie-gdansk-wrzeszcz-66m2-mzn2045294577,Wygodne mieszkanie na skraju miasta i lasu,Wrzeszcz,872 000 zł,74 m²,je • piętro 2/4 3 sypialnie | Ogród i garaż 118 m² 11 000 zł Wars,adresowo,01-10-05-2025
https://www.morizon.pl/oferta/sprzedaz-mieszkanie-gdansk-wrzeszcz-66m2-mzn2045294577,Wygodne mieszkanie na skraju miasta i lasu,Wrzeszcz,872 000 zł,74 m²,je • piętro 2/4 3 sypialnie | Ogród i garaż 118 m² 11 000 zł Wars,adresowo,01-10-05-2025
https://www.morizon.pl/oferta/sprzedaz-mieszkanie-gdansk-wrzeszcz-65m2-mzn2045294576,Wygodne mieszkanie na skraju miasta i lasu,Wrzeszcz,872 000 zł,74 m²,je • piętro 2/4 3 sypialnie | Ogród i garaż 118 m² 11 000 zł Wars,adresowo,01-10-05-2025
https://www.morizon.pl/oferta/sprzedaz-mieszkanie-gdansk-wrzeszcz-65m2-mzn2045294576,Wygodne mieszkanie na skraju miasta i lasu,Wrzeszcz,872 000 zł,74 m²,je • piętro 2/4 3 sypialnie | Ogród i garaż 118 m² 11 000 zł Wars,adresowo,01-10-05-2025
https://www.morizon.pl/oferta/sprzedaz-mieszkanie-gdansk-wrzeszcz-47m2-mzn2045293902,Wygodne mieszkanie na skraju miasta i lasu,Wrzeszcz,775 977 zł,47 m²,je • piętro 2/4 3 sypialnie | Ogród i garaż 118 m² 11 000 zł Wars,adresowo,01-10-05-2025
https://www.morizon.pl/oferta/sprzedaz-mieszkanie-gdansk-wrzeszcz-47m2-mzn2045293902,Wygodne mieszkanie na skraju miasta i lasu,Wrzeszcz,775 977 zł,47 m²,je • piętro 2/4 3 sypialnie | Ogród i garaż 118 m² 11 000 zł Wars,adresowo,01-10-05-2025
https://www.morizon.pl/oferta/sprzedaz-mieszkanie-gdansk-wrzeszcz-66m2-mzn2045293903,Wygodne mieszkanie na skraju miasta i lasu,Wrzeszcz,872 000 zł,74 m²,je • piętro 2/4 3 sypialnie | Ogród i garaż 118 m² 11 000 zł Wars,adresowo,01-10-05-2025
https://www.morizon.pl/oferta/sprzedaz-mieszkanie-gdansk-wrzeszcz-66m2-mzn2045293903,Wygodne mieszkanie na skraju miasta i lasu,Wrzeszcz,872 000 zł,74 m²,je • piętro 2/4 3 sypialnie | Ogród i garaż 118 m² 11 000 zł Wars,adresowo,01-10-05-2025
https://www.morizon.pl/oferta/sprzedaz-mieszkanie-gdansk-wrzeszcz-65m2-mzn2045293900,Wygodne mieszkanie na skraju miasta i lasu,Wrzeszcz,872 000 zł,74 m²,je • piętro 2/4 3 sypialnie | Ogród i garaż 118 m² 11 000 zł Wars,adresowo,01-10-05-2025
https://www.morizon.pl/oferta/sprzedaz-mieszkanie-gdansk-wrzeszcz-65m2-mzn2045293900,Wygodne mieszkanie na skraju miasta i lasu,Wrzeszcz,872 000 zł,74 m²,je • piętro 2/4 3 sypialnie | Ogród i garaż 118 m² 11 000 zł Wars,adresowo,01-10-05-2025
https://www.morizon.pl/oferta/sprzedaz-mieszkanie-gdansk-wrzeszcz-rozy-ostrowskiej-55m2-mzn2045213091,"Ustawne, przestronne, urządzone, 3 pok. Wrzeszcz",Wrzeszcz,775 977 zł,47 m²," parter/5 Mieszkanie 3 pokoje,ogród,parkin,.las,staw 75 m² 1 149 ",adresowo,01-10-05-2025
https://www.morizon.pl/oferta/sprzedaz-mieszkanie-gdansk-wrzeszcz-rozy-ostrowskiej-55m2-mzn2045213091,"Ustawne, przestronne, urządzone, 3 pok. Wrzeszcz",Wrzeszcz,775 977 zł,47 m²," parter/5 Mieszkanie 3 pokoje,ogród,parkin,.las,staw 75 m² 1 149 ",adresowo,01-10-05-2025
https://www.morizon.pl/oferta/sprzedaz-mieszkanie-gdansk-wrzeszcz-juliusza-slowackiego-96m2-mzn2045151617,"4-pokoje, ul. Słowackiego, obok Garnizonu",Wrzeszcz,1 100 000 zł,84 m², 2 pokoje • parter/3 2 pokoje z ogrodem i piwnicą 47 m² 554 000 zł Gd,adresowo,01-10-05-2025
https://www.morizon.pl/oferta/sprzedaz-mieszkanie-gdansk-wrzeszcz-juliusza-slowackiego-96m2-mzn2045151617,"4-pokoje, ul. Słowackiego, obok Garnizonu",Wrzeszcz,1 100 000 zł,84 m², 2 pokoje • parter/3 2 pokoje z ogrodem i piwnicą 47 m² 554 000 zł Gd,adresowo,01-10-05-2025
https://www.morizon.pl/oferta/sprzedaz-mieszkanie-gdansk-wrzeszcz-aleja-grunwaldzka-76m2-mzn2045111114,Wyjątkowe 4-pokojowe mieszkanie we Wrzeszczu,Wrzeszcz,1 308 800 zł,81 m²,"000 zł 621 m² Skrajny szereg, ogród, garaż, cena do negocjacji 13",adresowo,01-10-05-2025
https://www.morizon.pl/oferta/sprzedaz-mieszkanie-gdansk-wrzeszcz-aleja-grunwaldzka-76m2-mzn2045111114,Wyjątkowe 4-pokojowe mieszkanie we Wrzeszczu,Wrzeszcz,1 308 800 zł,81 m²,"000 zł 621 m² Skrajny szereg, ogród, garaż, cena do negocjacji 13",adresowo,01-10-05-2025
https://www.morizon.pl/oferta/sprzedaz-mieszkanie-gdansk-wrzeszcz-aleja-gen-jozefa-hallera-48m2-mzn2045108359,Mieszkanie 2-pokojowe Gdańsk Wrzeszcz,Wrzeszcz,905 000 zł,42 m²,"000 zł 621 m² Skrajny szereg, ogród, garaż, cena do negocjacji 13",adresowo,01-10-05-2025
https://www.morizon.pl/oferta/sprzedaz-mieszkanie-gdansk-wrzeszcz-aleja-gen-jozefa-hallera-48m2-mzn2045108359,Mieszkanie 2-pokojowe Gdańsk Wrzeszcz,Wrzeszcz,905 000 zł,42 m²,"000 zł 621 m² Skrajny szereg, ogród, garaż, cena do negocjacji 13",adresowo,01-10-05-2025
https://www.morizon.pl/oferta/sprzedaz-mieszkanie-gdansk-wrzeszcz-juliusza-slowackiego-50m2-mzn2044876980,Ogród | miejsce naziemne | pracownia/kancelaria,Wrzeszcz,599 000 zł,42 m²,Ogród | miejsce naziemne | pracowni,adresowo,01-10-05-2025
https://www.morizon.pl/oferta/sprzedaz-mieszkanie-gdansk-wrzeszcz-juliusza-slowackiego-50m2-mzn2044876980,Ogród | miejsce naziemne | pracownia/kancelaria,Wrzeszcz,599 000 zł,42 m²,Ogród | miejsce naziemne | pracowni,adresowo,01-10-05-2025
https://www.morizon.pl/oferta/sprzedaz-mieszkanie-gdansk-wrzeszcz-romualda-traugutta-48m2-mzn2044512236,Mieszkanie inwestycyjne ! 3 Pokoje ! ul. Traugutta,Wrzeszcz,599 000 zł,42 m²,45 m² • 2 pokoje • piętro 2/4 Ogród | miejsce naziemne | pracowni,adresowo,01-10-05-2025
https://www.morizon.pl/oferta/sprzedaz-mieszkanie-gdansk-wrzeszcz-romualda-traugutta-48m2-mzn2044512236,Mieszkanie inwestycyjne ! 3 Pokoje ! ul. Traugutta,Wrzeszcz,599 000 zł,42 m²,45 m² • 2 pokoje • piętro 2/4 Ogród | miejsce naziemne | pracowni,adresowo,01-10-05-2025
https://www.morizon.pl/oferta/sprzedaz-mieszkanie-gdansk-wrzeszcz-do-studzienki-42m2-mzn2045387996,Klimatyczne mieszkanie w sercu Wrzeszcza,Wrzeszcz,599 999 zł,39 m²,iczny. Dodatkowym atutem jest ogródek przynależny do nieruchomości.,adresowo,03-10-05-2025
https://www.morizon.pl/oferta/sprzedaz-mieszkanie-gdansk-wrzeszcz-do-studzienki-42m2-mzn2045387996,Klimatyczne mieszkanie w sercu Wrzeszcza,Wrzeszcz,599 999 zł,39 m²,iczny. Dodatkowym atutem jest ogródek przynależny do nieruchomości.,adresowo,03-10-05-2025
https://www.morizon.pl/oferta/sprzedaz-mieszkanie-gdansk-wrzeszcz-partyzantow-103m2-mzn2045363105,Świetna Komunikacja | Wrzeszcz | Wysokie sufity,Wrzeszcz,1 179 000 zł,96 m²," 37 m² • 1 pokój • piętro 1/4 Z ogrodem, na kameralnym osiedlu pod Gd",adresowo,03-10-05-2025
https://www.morizon.pl/oferta/sprzedaz-mieszkanie-gdansk-wrzeszcz-partyzantow-103m2-mzn2045363105,Świetna Komunikacja | Wrzeszcz | Wysokie sufity,Wrzeszcz,1 179 000 zł,96 m²," 37 m² • 1 pokój • piętro 1/4 Z ogrodem, na kameralnym osiedlu pod Gd",adresowo,03-10-05-2025
https://www.morizon.pl/oferta/sprzedaz-mieszkanie-gdansk-wrzeszcz-mlynska-52m2-mzn2045355191,IDEALNY NA WYNAJEM i DO ZAMIESZKANIA bez PCC,Wrzeszcz,629 670 zł,45 m²,45 m² • 2 pokoje • piętro 2/4 Ogród | miejsce naziemne | pracowni,adresowo,03-10-05-2025
https://www.morizon.pl/oferta/sprzedaz-mieszkanie-gdansk-wrzeszcz-mlynska-52m2-mzn2045355191,IDEALNY NA WYNAJEM i DO ZAMIESZKANIA bez PCC,Wrzeszcz,629 670 zł,45 m²,45 m² • 2 pokoje • piętro 2/4 Ogród | miejsce naziemne | pracowni,adresowo,03-10-05-2025
https://www.morizon.pl/oferta/sprzedaz-mieszkanie-gdansk-wrzeszcz-47m2-mzn2045354656,Wygodne mieszkanie na skraju miasta i lasu,Wrzeszcz,775 977 zł,47 m²,je • piętro 2/4 3 sypialnie | Ogród i garaż 118 m² 11 000 zł Wars,adresowo,03-10-05-2025
https://www.morizon.pl/oferta/sprzedaz-mieszkanie-gdansk-wrzeszcz-47m2-mzn2045354656,Wygodne mieszkanie na skraju miasta i lasu,Wrzeszcz,775 977 zł,47 m²,je • piętro 2/4 3 sypialnie | Ogród i garaż 118 m² 11 000 zł Wars,adresowo,03-10-05-2025
https://www.morizon.pl/oferta/sprzedaz-mieszkanie-gdansk-wrzeszcz-66m2-mzn2045294577,Wygodne mieszkanie na skraju miasta i lasu,Wrzeszcz,872 000 zł,74 m²,je • piętro 2/4 3 sypialnie | Ogród i garaż 118 m² 11 000 zł Wars,adresowo,03-10-05-2025
https://www.morizon.pl/oferta/sprzedaz-mieszkanie-gdansk-wrzeszcz-66m2-mzn2045294577,Wygodne mieszkanie na skraju miasta i lasu,Wrzeszcz,872 000 zł,74 m²,je • piętro 2/4 3 sypialnie | Ogród i garaż 118 m² 11 000 zł Wars,adresowo,03-10-05-2025
https://www.morizon.pl/oferta/sprzedaz-mieszkanie-gdansk-wrzeszcz-65m2-mzn2045294576,Wygodne mieszkanie na skraju miasta i lasu,Wrzeszcz,872 000 zł,74 m²,je • piętro 2/4 3 sypialnie | Ogród i garaż 118 m² 11 000 zł Wars,adresowo,03-10-05-2025
https://www.morizon.pl/oferta/sprzedaz-mieszkanie-gdansk-wrzeszcz-65m2-mzn2045294576,Wygodne mieszkanie na skraju miasta i lasu,Wrzeszcz,872 000 zł,74 m²,je • piętro 2/4 3 sypialnie | Ogród i garaż 118 m² 11 000 zł Wars,adresowo,03-10-05-2025
https://www.morizon.pl/oferta/sprzedaz-mieszkanie-gdansk-wrzeszcz-47m2-mzn2045293902,Wygodne mieszkanie na skraju miasta i lasu,Wrzeszcz,775 977 zł,47 m²,je • piętro 2/4 3 sypialnie | Ogród i garaż 118 m² 11 000 zł Wars,adresowo,03-10-05-2025
https://www.morizon.pl/oferta/sprzedaz-mieszkanie-gdansk-wrzeszcz-47m2-mzn2045293902,Wygodne mieszkanie na skraju miasta i lasu,Wrzeszcz,775 977 zł,47 m²,je • piętro 2/4 3 sypialnie | Ogród i garaż 118 m² 11 000 zł Wars,adresowo,03-10-05-2025
https://www.morizon.pl/oferta/sprzedaz-mieszkanie-gdansk-wrzeszcz-66m2-mzn2045293903,Wygodne mieszkanie na skraju miasta i lasu,Wrzeszcz,872 000 zł,74 m²,je • piętro 2/4 3 sypialnie | Ogród i garaż 118 m² 11 000 zł Wars,adresowo,03-10-05-2025
https://www.morizon.pl/oferta/sprzedaz-mieszkanie-gdansk-wrzeszcz-66m2-mzn2045293903,Wygodne mieszkanie na skraju miasta i lasu,Wrzeszcz,872 000 zł,74 m²,je • piętro 2/4 3 sypialnie | Ogród i garaż 118 m² 11 000 zł Wars,adresowo,03-10-05-2025
https://www.morizon.pl/oferta/sprzedaz-mieszkanie-gdansk-wrzeszcz-65m2-mzn2045293900,Wygodne mieszkanie na skraju miasta i lasu,Wrzeszcz,872 000 zł,74 m²,je • piętro 2/4 3 sypialnie | Ogród i garaż 118 m² 11 000 zł Wars,adresowo,03-10-05-2025
https://www.morizon.pl/oferta/sprzedaz-mieszkanie-gdansk-wrzeszcz-65m2-mzn2045293900,Wygodne mieszkanie na skraju miasta i lasu,Wrzeszcz,872 000 zł,74 m²,je • piętro 2/4 3 sypialnie | Ogród i garaż 118 m² 11 000 zł Wars,adresowo,03-10-05-2025
https://www.morizon.pl/oferta/sprzedaz-mieszkanie-gdansk-wrzeszcz-rozy-ostrowskiej-55m2-mzn2045213091,"Ustawne, przestronne, urządzone, 3 pok. Wrzeszcz",Wrzeszcz,775 977 zł,47 m²," parter/5 Mieszkanie 3 pokoje,ogród,parkin,.las,staw 75 m² 1 149 ",adresowo,03-10-05-2025
https://www.morizon.pl/oferta/sprzedaz-mieszkanie-gdansk-wrzeszcz-rozy-ostrowskiej-55m2-mzn2045213091,"Ustawne, przestronne, urządzone, 3 pok. Wrzeszcz",Wrzeszcz,775 977 zł,47 m²," parter/5 Mieszkanie 3 pokoje,ogród,parkin,.las,staw 75 m² 1 149 ",adresowo,03-10-05-2025
https://www.morizon.pl/oferta/sprzedaz-mieszkanie-gdansk-wrzeszcz-juliusza-slowackiego-96m2-mzn2045151617,"4-pokoje, ul. Słowackiego, obok Garnizonu",Wrzeszcz,1 100 000 zł,84 m², 2 pokoje • parter/3 2 pokoje z ogrodem i piwnicą 47 m² 554 000 zł Gd,adresowo,03-10-05-2025
https://www.morizon.pl/oferta/sprzedaz-mieszkanie-gdansk-wrzeszcz-juliusza-slowackiego-96m2-mzn2045151617,"4-pokoje, ul. Słowackiego, obok Garnizonu",Wrzeszcz,1 100 000 zł,84 m², 2 pokoje • parter/3 2 pokoje z ogrodem i piwnicą 47 m² 554 000 zł Gd,adresowo,03-10-05-2025
https://www.morizon.pl/oferta/sprzedaz-mieszkanie-gdansk-wrzeszcz-aleja-grunwaldzka-76m2-mzn2045111114,Wyjątkowe 4-pokojowe mieszkanie we Wrzeszczu,Wrzeszcz,1 308 800 zł,81 m²,"000 zł 621 m² Skrajny szereg, ogród, garaż, cena do negocjacji 13",adresowo,03-10-05-2025
https://www.morizon.pl/oferta/sprzedaz-mieszkanie-gdansk-wrzeszcz-aleja-grunwaldzka-76m2-mzn2045111114,Wyjątkowe 4-pokojowe mieszkanie we Wrzeszczu,Wrzeszcz,1 308 800 zł,81 m²,"000 zł 621 m² Skrajny szereg, ogród, garaż, cena do negocjacji 13",adresowo,03-10-05-2025
https://www.morizon.pl/oferta/sprzedaz-mieszkanie-gdansk-wrzeszcz-aleja-gen-jozefa-hallera-48m2-mzn2045108359,Mieszkanie 2-pokojowe Gdańsk Wrzeszcz,Wrzeszcz,905 000 zł,42 m²,"000 zł 621 m² Skrajny szereg, ogród, garaż, cena do negocjacji 13",adresowo,03-10-05-2025
https://www.morizon.pl/oferta/sprzedaz-mieszkanie-gdansk-wrzeszcz-aleja-gen-jozefa-hallera-48m2-mzn2045108359,Mieszkanie 2-pokojowe Gdańsk Wrzeszcz,Wrzeszcz,905 000 zł,42 m²,"000 zł 621 m² Skrajny szereg, ogród, garaż, cena do negocjacji 13",adresowo,03-10-05-2025
https://www.morizon.pl/oferta/sprzedaz-mieszkanie-gdansk-wrzeszcz-juliusza-slowackiego-50m2-mzn2044876980,Ogród | miejsce naziemne | pracownia/kancelaria,Wrzeszcz,599 000 zł,42 m²,Ogród | miejsce naziemne | pracowni,adresowo,03-10-05-2025
https://www.morizon.pl/oferta/sprzedaz-mieszkanie-gdansk-wrzeszcz-juliusza-slowackiego-50m2-mzn2044876980,Ogród | miejsce naziemne | pracownia/kancelaria,Wrzeszcz,599 000 zł,42 m²,Ogród | miejsce naziemne | pracowni,adresowo,03-10-05-2025
https://www.morizon.pl/oferta/sprzedaz-mieszkanie-gdansk-wrzeszcz-romualda-traugutta-48m2-mzn2044512236,Mieszkanie inwestycyjne ! 3 Pokoje ! ul. Traugutta,Wrzeszcz,599 000 zł,42 m²,45 m² • 2 pokoje • piętro 2/4 Ogród | miejsce naziemne | pracowni,adresowo,03-10-05-2025
https://www.morizon.pl/oferta/sprzedaz-mieszkanie-gdansk-wrzeszcz-romualda-traugutta-48m2-mzn2044512236,Mieszkanie inwestycyjne ! 3 Pokoje ! ul. Traugutta,Wrzeszcz,599 000 zł,42 m²,45 m² • 2 pokoje • piętro 2/4 Ogród | miejsce naziemne | pracowni,adresowo,03-10-05-2025
https://www.morizon.pl/oferta/sprzedaz-mieszkanie-gdansk-wrzeszcz-do-studzienki-42m2-mzn2045387996,Klimatyczne mieszkanie w sercu Wrzeszcza,Wrzeszcz,599 999 zł,39 m²,iczny. Dodatkowym atutem jest ogródek przynależny do nieruchomości.,adresowo,04-10-05-2025
https://www.morizon.pl/oferta/sprzedaz-mieszkanie-gdansk-wrzeszcz-do-studzienki-42m2-mzn2045387996,Klimatyczne mieszkanie w sercu Wrzeszcza,Wrzeszcz,599 999 zł,39 m²,iczny. Dodatkowym atutem jest ogródek przynależny do nieruchomości.,adresowo,04-10-05-2025
https://www.morizon.pl/oferta/sprzedaz-mieszkanie-gdansk-wrzeszcz-partyzantow-103m2-mzn2045363105,Świetna Komunikacja | Wrzeszcz | Wysokie sufity,Wrzeszcz,1 179 000 zł,96 m²," 37 m² • 1 pokój • piętro 1/4 Z ogrodem, na kameralnym osiedlu pod Gd",adresowo,04-10-05-2025
https://www.morizon.pl/oferta/sprzedaz-mieszkanie-gdansk-wrzeszcz-partyzantow-103m2-mzn2045363105,Świetna Komunikacja | Wrzeszcz | Wysokie sufity,Wrzeszcz,1 179 000 zł,96 m²," 37 m² • 1 pokój • piętro 1/4 Z ogrodem, na kameralnym osiedlu pod Gd",adresowo,04-10-05-2025
https://www.morizon.pl/oferta/sprzedaz-mieszkanie-gdansk-wrzeszcz-mlynska-52m2-mzn2045355191,IDEALNY NA WYNAJEM i DO ZAMIESZKANIA bez PCC,Wrzeszcz,629 670 zł,45 m²,45 m² • 2 pokoje • piętro 2/4 Ogród | miejsce naziemne | pracowni,adresowo,04-10-05-2025
https://www.morizon.pl/oferta/sprzedaz-mieszkanie-gdansk-wrzeszcz-mlynska-52m2-mzn2045355191,IDEALNY NA WYNAJEM i DO ZAMIESZKANIA bez PCC,Wrzeszcz,629 670 zł,45 m²,45 m² • 2 pokoje • piętro 2/4 Ogród | miejsce naziemne | pracowni,adresowo,04-10-05-2025
https://www.morizon.pl/oferta/sprzedaz-mieszkanie-gdansk-wrzeszcz-47m2-mzn2045354656,Wygodne mieszkanie na skraju miasta i lasu,Wrzeszcz,775 977 zł,47 m²,je • piętro 2/4 3 sypialnie | Ogród i garaż 118 m² 11 000 zł Wars,adresowo,04-10-05-2025
https://www.morizon.pl/oferta/sprzedaz-mieszkanie-gdansk-wrzeszcz-47m2-mzn2045354656,Wygodne mieszkanie na skraju miasta i lasu,Wrzeszcz,775 977 zł,47 m²,je • piętro 2/4 3 sypialnie | Ogród i garaż 118 m² 11 000 zł Wars,adresowo,04-10-05-2025
https://www.morizon.pl/oferta/sprzedaz-mieszkanie-gdansk-wrzeszcz-66m2-mzn2045294577,Wygodne mieszkanie na skraju miasta i lasu,Wrzeszcz,872 000 zł,74 m²,je • piętro 2/4 3 sypialnie | Ogród i garaż 118 m² 11 000 zł Wars,adresowo,04-10-05-2025
https://www.morizon.pl/oferta/sprzedaz-mieszkanie-gdansk-wrzeszcz-66m2-mzn2045294577,Wygodne mieszkanie na skraju miasta i lasu,Wrzeszcz,872 000 zł,74 m²,je • piętro 2/4 3 sypialnie | Ogród i garaż 118 m² 11 000 zł Wars,adresowo,04-10-05-2025
https://www.morizon.pl/oferta/sprzedaz-mieszkanie-gdansk-wrzeszcz-65m2-mzn2045294576,Wygodne mieszkanie na skraju miasta i lasu,Wrzeszcz,872 000 zł,74 m²,je • piętro 2/4 3 sypialnie | Ogród i garaż 118 m² 11 000 zł Wars,adresowo,04-10-05-2025
https://www.morizon.pl/oferta/sprzedaz-mieszkanie-gdansk-wrzeszcz-65m2-mzn2045294576,Wygodne mieszkanie na skraju miasta i lasu,Wrzeszcz,872 000 zł,74 m²,je • piętro 2/4 3 sypialnie | Ogród i garaż 118 m² 11 000 zł Wars,adresowo,04-10-05-2025
https://www.morizon.pl/oferta/sprzedaz-mieszkanie-gdansk-wrzeszcz-47m2-mzn2045293902,Wygodne mieszkanie na skraju miasta i lasu,Wrzeszcz,775 977 zł,47 m²,je • piętro 2/4 3 sypialnie | Ogród i garaż 118 m² 11 000 zł Wars,adresowo,04-10-05-2025
https://www.morizon.pl/oferta/sprzedaz-mieszkanie-gdansk-wrzeszcz-47m2-mzn2045293902,Wygodne mieszkanie na skraju miasta i lasu,Wrzeszcz,775 977 zł,47 m²,je • piętro 2/4 3 sypialnie | Ogród i garaż 118 m² 11 000 zł Wars,adresowo,04-10-05-2025
https://www.morizon.pl/oferta/sprzedaz-mieszkanie-gdansk-wrzeszcz-66m2-mzn2045293903,Wygodne mieszkanie na skraju miasta i lasu,Wrzeszcz,872 000 zł,74 m²,je • piętro 2/4 3 sypialnie | Ogród i garaż 118 m² 11 000 zł Wars,adresowo,04-10-05-2025
https://www.morizon.pl/oferta/sprzedaz-mieszkanie-gdansk-wrzeszcz-66m2-mzn2045293903,Wygodne mieszkanie na skraju miasta i lasu,Wrzeszcz,872 000 zł,74 m²,je • piętro 2/4 3 sypialnie | Ogród i garaż 118 m² 11 000 zł Wars,adresowo,04-10-05-2025
https://www.morizon.pl/oferta/sprzedaz-mieszkanie-gdansk-wrzeszcz-65m2-mzn2045293900,Wygodne mieszkanie na skraju miasta i lasu,Wrzeszcz,872 000 zł,74 m²,je • piętro 2/4 3 sypialnie | Ogród i garaż 118 m² 11 000 zł Wars,adresowo,04-10-05-2025
https://www.morizon.pl/oferta/sprzedaz-mieszkanie-gdansk-wrzeszcz-65m2-mzn2045293900,Wygodne mieszkanie na skraju miasta i lasu,Wrzeszcz,872 000 zł,74 m²,je • piętro 2/4 3 sypialnie | Ogród i garaż 118 m² 11 000 zł Wars,adresowo,04-10-05-2025
https://www.morizon.pl/oferta/sprzedaz-mieszkanie-gdansk-wrzeszcz-rozy-ostrowskiej-55m2-mzn2045213091,"Ustawne, przestronne, urządzone, 3 pok. Wrzeszcz",Wrzeszcz,775 977 zł,47 m²," parter/5 Mieszkanie 3 pokoje,ogród,parkin,.las,staw 75 m² 1 149 ",adresowo,04-10-05-2025
https://www.morizon.pl/oferta/sprzedaz-mieszkanie-gdansk-wrzeszcz-rozy-ostrowskiej-55m2-mzn2045213091,"Ustawne, przestronne, urządzone, 3 pok. Wrzeszcz",Wrzeszcz,775 977 zł,47 m²," parter/5 Mieszkanie 3 pokoje,ogród,parkin,.las,staw 75 m² 1 149 ",adresowo,04-10-05-2025
https://www.morizon.pl/oferta/sprzedaz-mieszkanie-gdansk-wrzeszcz-juliusza-slowackiego-96m2-mzn2045151617,"4-pokoje, ul. Słowackiego, obok Garnizonu",Wrzeszcz,1 100 000 zł,84 m², 2 pokoje • parter/3 2 pokoje z ogrodem i piwnicą 47 m² 554 000 zł Gd,adresowo,04-10-05-2025
https://www.morizon.pl/oferta/sprzedaz-mieszkanie-gdansk-wrzeszcz-juliusza-slowackiego-96m2-mzn2045151617,"4-pokoje, ul. Słowackiego, obok Garnizonu",Wrzeszcz,1 100 000 zł,84 m², 2 pokoje • parter/3 2 pokoje z ogrodem i piwnicą 47 m² 554 000 zł Gd,adresowo,04-10-05-2025
https://www.morizon.pl/oferta/sprzedaz-mieszkanie-gdansk-wrzeszcz-aleja-grunwaldzka-76m2-mzn2045111114,Wyjątkowe 4-pokojowe mieszkanie we Wrzeszczu,Wrzeszcz,1 308 800 zł,81 m²,"000 zł 621 m² Skrajny szereg, ogród, garaż, cena do negocjacji 13",adresowo,04-10-05-2025
https://www.morizon.pl/oferta/sprzedaz-mieszkanie-gdansk-wrzeszcz-aleja-grunwaldzka-76m2-mzn2045111114,Wyjątkowe 4-pokojowe mieszkanie we Wrzeszczu,Wrzeszcz,1 308 800 zł,81 m²,"000 zł 621 m² Skrajny szereg, ogród, garaż, cena do negocjacji 13",adresowo,04-10-05-2025
https://www.morizon.pl/oferta/sprzedaz-mieszkanie-gdansk-wrzeszcz-aleja-gen-jozefa-hallera-48m2-mzn2045108359,Mieszkanie 2-pokojowe Gdańsk Wrzeszcz,Wrzeszcz,905 000 zł,42 m²,"000 zł 621 m² Skrajny szereg, ogród, garaż, cena do negocjacji 13",adresowo,04-10-05-2025
https://www.morizon.pl/oferta/sprzedaz-mieszkanie-gdansk-wrzeszcz-aleja-gen-jozefa-hallera-48m2-mzn2045108359,Mieszkanie 2-pokojowe Gdańsk Wrzeszcz,Wrzeszcz,905 000 zł,42 m²,"000 zł 621 m² Skrajny szereg, ogród, garaż, cena do negocjacji 13",adresowo,04-10-05-2025
https://www.morizon.pl/oferta/sprzedaz-mieszkanie-gdansk-wrzeszcz-juliusza-slowackiego-50m2-mzn2044876980,Ogród | miejsce naziemne | pracownia/kancelaria,Wrzeszcz,599 000 zł,42 m²,Ogród | miejsce naziemne | pracowni,adresowo,04-10-05-2025
https://www.morizon.pl/oferta/sprzedaz-mieszkanie-gdansk-wrzeszcz-juliusza-slowackiego-50m2-mzn2044876980,Ogród | miejsce naziemne | pracownia/kancelaria,Wrzeszcz,599 000 zł,42 m²,Ogród | miejsce naziemne | pracowni,adresowo,04-10-05-2025
https://www.morizon.pl/oferta/sprzedaz-mieszkanie-gdansk-wrzeszcz-romualda-traugutta-48m2-mzn2044512236,Mieszkanie inwestycyjne ! 3 Pokoje ! ul. Traugutta,Wrzeszcz,599 000 zł,42 m²,45 m² • 2 pokoje • piętro 2/4 Ogród | miejsce naziemne | pracowni,adresowo,04-10-05-2025
https://www.morizon.pl/oferta/sprzedaz-mieszkanie-gdansk-wrzeszcz-romualda-traugutta-48m2-mzn2044512236,Mieszkanie inwestycyjne ! 3 Pokoje ! ul. Traugutta,Wrzeszcz,599 000 zł,42 m²,45 m² • 2 pokoje • piętro 2/4 Ogród | miejsce naziemne | pracowni,adresowo,04-10-05-2025
https://www.morizon.pl/oferta/sprzedaz-mieszkanie-gdansk-wrzeszcz-do-studzienki-42m2-mzn2045387996,Klimatyczne mieszkanie w sercu Wrzeszcza,Wrzeszcz,599 999 zł,39 m²,iczny. Dodatkowym atutem jest ogródek przynależny do nieruchomości.,adresowo,05-10-05-2025
https://www.morizon.pl/oferta/sprzedaz-mieszkanie-gdansk-wrzeszcz-do-studzienki-42m2-mzn2045387996,Klimatyczne mieszkanie w sercu Wrzeszcza,Wrzeszcz,599 999 zł,39 m²,iczny. Dodatkowym atutem jest ogródek przynależny do nieruchomości.,adresowo,05-10-05-2025
https://www.morizon.pl/oferta/sprzedaz-mieszkanie-gdansk-wrzeszcz-partyzantow-103m2-mzn2045363105,Świetna Komunikacja | Wrzeszcz | Wysokie sufity,Wrzeszcz,1 179 000 zł,96 m²," 37 m² • 1 pokój • piętro 1/4 Z ogrodem, na kameralnym osiedlu pod Gd",adresowo,05-10-05-2025
https://www.morizon.pl/oferta/sprzedaz-mieszkanie-gdansk-wrzeszcz-partyzantow-103m2-mzn2045363105,Świetna Komunikacja | Wrzeszcz | Wysokie sufity,Wrzeszcz,1 179 000 zł,96 m²," 37 m² • 1 pokój • piętro 1/4 Z ogrodem, na kameralnym osiedlu pod Gd",adresowo,05-10-05-2025
https://www.morizon.pl/oferta/sprzedaz-mieszkanie-gdansk-wrzeszcz-mlynska-52m2-mzn2045355191,IDEALNY NA WYNAJEM i DO ZAMIESZKANIA bez PCC,Wrzeszcz,629 670 zł,45 m²,45 m² • 2 pokoje • piętro 2/4 Ogród | miejsce naziemne | pracowni,adresowo,05-10-05-2025
https://www.morizon.pl/oferta/sprzedaz-mieszkanie-gdansk-wrzeszcz-mlynska-52m2-mzn2045355191,IDEALNY NA WYNAJEM i DO ZAMIESZKANIA bez PCC,Wrzeszcz,629 670 zł,45 m²,45 m² • 2 pokoje • piętro 2/4 Ogród | miejsce naziemne | pracowni,adresowo,05-10-05-2025
https://www.morizon.pl/oferta/sprzedaz-mieszkanie-gdansk-wrzeszcz-47m2-mzn2045354656,Wygodne mieszkanie na skraju miasta i lasu,Wrzeszcz,775 977 zł,47 m²,je • piętro 2/4 3 sypialnie | Ogród i garaż 118 m² 11 000 zł Wars,adresowo,05-10-05-2025
https://www.morizon.pl/oferta/sprzedaz-mieszkanie-gdansk-wrzeszcz-47m2-mzn2045354656,Wygodne mieszkanie na skraju miasta i lasu,Wrzeszcz,775 977 zł,47 m²,je • piętro 2/4 3 sypialnie | Ogród i garaż 118 m² 11 000 zł Wars,adresowo,05-10-05-2025
https://www.morizon.pl/oferta/sprzedaz-mieszkanie-gdansk-wrzeszcz-66m2-mzn2045294577,Wygodne mieszkanie na skraju miasta i lasu,Wrzeszcz,872 000 zł,74 m²,je • piętro 2/4 3 sypialnie | Ogród i garaż 118 m² 11 000 zł Wars,adresowo,05-10-05-2025
https://www.morizon.pl/oferta/sprzedaz-mieszkanie-gdansk-wrzeszcz-66m2-mzn2045294577,Wygodne mieszkanie na skraju miasta i lasu,Wrzeszcz,872 000 zł,74 m²,je • piętro 2/4 3 sypialnie | Ogród i garaż 118 m² 11 000 zł Wars,adresowo,05-10-05-2025
https://www.morizon.pl/oferta/sprzedaz-mieszkanie-gdansk-wrzeszcz-65m2-mzn2045294576,Wygodne mieszkanie na skraju miasta i lasu,Wrzeszcz,872 000 zł,74 m²,je • piętro 2/4 3 sypialnie | Ogród i garaż 118 m² 11 000 zł Wars,adresowo,05-10-05-2025
https://www.morizon.pl/oferta/sprzedaz-mieszkanie-gdansk-wrzeszcz-65m2-mzn2045294576,Wygodne mieszkanie na skraju miasta i lasu,Wrzeszcz,872 000 zł,74 m²,je • piętro 2/4 3 sypialnie | Ogród i garaż 118 m² 11 000 zł Wars,adresowo,05-10-05-2025
https://www.morizon.pl/oferta/sprzedaz-mieszkanie-gdansk-wrzeszcz-47m2-mzn2045293902,Wygodne mieszkanie na skraju miasta i lasu,Wrzeszcz,775 977 zł,47 m²,je • piętro 2/4 3 sypialnie | Ogród i garaż 118 m² 11 000 zł Wars,adresowo,05-10-05-2025
https://www.morizon.pl/oferta/sprzedaz-mieszkanie-gdansk-wrzeszcz-47m2-mzn2045293902,Wygodne mieszkanie na skraju miasta i lasu,Wrzeszcz,775 977 zł,47 m²,je • piętro 2/4 3 sypialnie | Ogród i garaż 118 m² 11 000 zł Wars,adresowo,05-10-05-2025
https://www.morizon.pl/oferta/sprzedaz-mieszkanie-gdansk-wrzeszcz-66m2-mzn2045293903,Wygodne mieszkanie na skraju miasta i lasu,Wrzeszcz,872 000 zł,74 m²,je • piętro 2/4 3 sypialnie | Ogród i garaż 118 m² 11 000 zł Wars,adresowo,05-10-05-2025
https://www.morizon.pl/oferta/sprzedaz-mieszkanie-gdansk-wrzeszcz-66m2-mzn2045293903,Wygodne mieszkanie na skraju miasta i lasu,Wrzeszcz,872 000 zł,74 m²,je • piętro 2/4 3 sypialnie | Ogród i garaż 118 m² 11 000 zł Wars,adresowo,05-10-05-2025
https://www.morizon.pl/oferta/sprzedaz-mieszkanie-gdansk-wrzeszcz-65m2-mzn2045293900,Wygodne mieszkanie na skraju miasta i lasu,Wrzeszcz,872 000 zł,74 m²,je • piętro 2/4 3 sypialnie | Ogród i garaż 118 m² 11 000 zł Wars,adresowo,05-10-05-2025
https://www.morizon.pl/oferta/sprzedaz-mieszkanie-gdansk-wrzeszcz-65m2-mzn2045293900,Wygodne mieszkanie na skraju miasta i lasu,Wrzeszcz,872 000 zł,74 m²,je • piętro 2/4 3 sypialnie | Ogród i garaż 118 m² 11 000 zł Wars,adresowo,05-10-05-2025
https://www.morizon.pl/oferta/sprzedaz-mieszkanie-gdansk-wrzeszcz-rozy-ostrowskiej-55m2-mzn2045213091,"Ustawne, przestronne, urządzone, 3 pok. Wrzeszcz",Wrzeszcz,775 977 zł,47 m²," parter/5 Mieszkanie 3 pokoje,ogród,parkin,.las,staw 75 m² 1 149 ",adresowo,05-10-05-2025
https://www.morizon.pl/oferta/sprzedaz-mieszkanie-gdansk-wrzeszcz-rozy-ostrowskiej-55m2-mzn2045213091,"Ustawne, przestronne, urządzone, 3 pok. Wrzeszcz",Wrzeszcz,775 977 zł,47 m²," parter/5 Mieszkanie 3 pokoje,ogród,parkin,.las,staw 75 m² 1 149 ",adresowo,05-10-05-2025
https://www.morizon.pl/oferta/sprzedaz-mieszkanie-gdansk-wrzeszcz-juliusza-slowackiego-96m2-mzn2045151617,"4-pokoje, ul. Słowackiego, obok Garnizonu",Wrzeszcz,1 100 000 zł,84 m², 2 pokoje • parter/3 2 pokoje z ogrodem i piwnicą 47 m² 554 000 zł Gd,adresowo,05-10-05-2025
https://www.morizon.pl/oferta/sprzedaz-mieszkanie-gdansk-wrzeszcz-juliusza-slowackiego-96m2-mzn2045151617,"4-pokoje, ul. Słowackiego, obok Garnizonu",Wrzeszcz,1 100 000 zł,84 m², 2 pokoje • parter/3 2 pokoje z ogrodem i piwnicą 47 m² 554 000 zł Gd,adresowo,05-10-05-2025
https://www.morizon.pl/oferta/sprzedaz-mieszkanie-gdansk-wrzeszcz-aleja-grunwaldzka-76m2-mzn2045111114,Wyjątkowe 4-pokojowe mieszkanie we Wrzeszczu,Wrzeszcz,1 308 800 zł,81 m²,"000 zł 621 m² Skrajny szereg, ogród, garaż, cena do negocjacji 13",adresowo,05-10-05-2025
https://www.morizon.pl/oferta/sprzedaz-mieszkanie-gdansk-wrzeszcz-aleja-grunwaldzka-76m2-mzn2045111114,Wyjątkowe 4-pokojowe mieszkanie we Wrzeszczu,Wrzeszcz,1 308 800 zł,81 m²,"000 zł 621 m² Skrajny szereg, ogród, garaż, cena do negocjacji 13",adresowo,05-10-05-2025
https://www.morizon.pl/oferta/sprzedaz-mieszkanie-gdansk-wrzeszcz-aleja-gen-jozefa-hallera-48m2-mzn2045108359,Mieszkanie 2-pokojowe Gdańsk Wrzeszcz,Wrzeszcz,905 000 zł,42 m²,"000 zł 621 m² Skrajny szereg, ogród, garaż, cena do negocjacji 13",adresowo,05-10-05-2025
https://www.morizon.pl/oferta/sprzedaz-mieszkanie-gdansk-wrzeszcz-aleja-gen-jozefa-hallera-48m2-mzn2045108359,Mieszkanie 2-pokojowe Gdańsk Wrzeszcz,Wrzeszcz,905 000 zł,42 m²,"000 zł 621 m² Skrajny szereg, ogród, garaż, cena do negocjacji 13",adresowo,05-10-05-2025
https://www.morizon.pl/oferta/sprzedaz-mieszkanie-gdansk-wrzeszcz-juliusza-slowackiego-50m2-mzn2044876980,Ogród | miejsce naziemne | pracownia/kancelaria,Wrzeszcz,599 000 zł,42 m²,Ogród | miejsce naziemne | pracowni,adresowo,05-10-05-2025
https://www.morizon.pl/oferta/sprzedaz-mieszkanie-gdansk-wrzeszcz-juliusza-slowackiego-50m2-mzn2044876980,Ogród | miejsce naziemne | pracownia/kancelaria,Wrzeszcz,599 000 zł,42 m²,Ogród | miejsce naziemne | pracowni,adresowo,05-10-05-2025
https://www.morizon.pl/oferta/sprzedaz-mieszkanie-gdansk-wrzeszcz-romualda-traugutta-48m2-mzn2044512236,Mieszkanie inwestycyjne ! 3 Pokoje ! ul. Traugutta,Wrzeszcz,599 000 zł,42 m²,45 m² • 2 pokoje • piętro 2/4 Ogród | miejsce naziemne | pracowni,adresowo,05-10-05-2025
https://www.morizon.pl/oferta/sprzedaz-mieszkanie-gdansk-wrzeszcz-romualda-traugutta-48m2-mzn2044512236,Mieszkanie inwestycyjne ! 3 Pokoje ! ul. Traugutta,Wrzeszcz,599 000 zł,42 m²,45 m² • 2 pokoje • piętro 2/4 Ogród | miejsce naziemne | pracowni,adresowo,05-10-05-2025
