https://www.olx.pl/d/oferta/mieszkanie-z-ogrodkiem-w-swietnej-lokalizacji-CID3-ID15FXob.html,Mieszkanie z ogrodkiem w świetnej lokalizacji,Wrzeszcz,630 000 zł,"Powierzchnia: 40,50 m²",rzeszcz - salon z wyjściem na ogródek -funkcjonalny układ pomieszcz,olx,"19, 09 05 2025"
https://www.olx.pl/d/oferta/4-pokojowe-mieszkanie-w-sercu-wrzeszcza-1-pietro-116-m-CID3-ID15w8Jm.html,"4-pokojowe mieszkanie w sercu Wrzeszcza – 1. piętro, 116 m²",Wrzeszcz,1 490 000 zł,Powierzchnia: 116 m²," miejsce na relaks, biuro lub ogród zimowy. Mieszkanie zachowało ",olx,"19, 09 05 2025"
https://www.olx.pl/d/oferta/sprzedam-mieszkanie-gdansk-plocka-dwa-tarasy-CID3-ID15EMFX.html,Sprzedam mieszkanie Gdańsk Płocka Dwa Tarasy,Wrzeszcz,699 000 zł,"Powierzchnia: 47,50 m²","a rodziny lub pary • Prywatny ogród z tarasem, skrzynią ogrodową,",olx,"19, 09 05 2025"
https://www.olx.pl/d/oferta/2-pokojowe-mieszkanie-z-balkonem-gdansk-chelm-CID3-ID158XjA.html,2-pokojowe mieszkanie z balkonem – Gdańsk Chełm,Wrzeszcz,529 000 zł,"Powierzchnia: 49,60 m²",należy piwnica (ok. 3m2) oraz ogródek działkowy o powierzchni ok. 3,olx,"19, 09 05 2025"
https://www.olx.pl/d/oferta/2-pokoje-36m-stan-deweloperski-ogrodek-osiedle-novelo-dostepne-od-reki-CID3-ID15uGlK.html,2 Pokoje 36m Stan Deweloperski Ogródek Osiedle Novelo Dostępne Od Ręki,Wrzeszcz,409 000 zł,Powierzchnia: 36 m², Pokoje 36m Stan Deweloperski Ogródek Osiedle Novelo Dostępne Od Rę,olx,"19, 09 05 2025"
https://www.olx.pl/d/oferta/atrakcyjne-mieszkanie-ogrodekwysoki-standardhala-CID3-ID10wqcT.html,Atrakcyjne mieszkanie *ogrodek*wysoki standard*hala,Wrzeszcz,455 000 zł,Powierzchnia: 35 m²,dzie. Kawalerka z wyjściem na ogród. Możliwość wyodrębnienia dwoc,olx,"19, 09 05 2025"
https://www.olx.pl/d/oferta/mieszkanie-z-ogrodkiem-i-miejscem-w-hali-garazowej-CID3-ID15siNs.html,Mieszkanie z ogródkiem i miejscem w hali garażowej,Wrzeszcz,1 499 000 zł,"Powierzchnia: 55,52 m²","kania przynależy duży narożny ogródek z tarasem, komórka lokatorska",olx,"19, 09 05 2025"
https://www.olx.pl/d/oferta/mieszkanie-z-ogrodkiem-w-swietnej-lokalizacji-CID3-ID15FXob.html,Mieszkanie z ogrodkiem w świetnej lokalizacji,Wrzeszcz,630 000 zł,"Powierzchnia: 40,50 m²",rzeszcz - salon z wyjściem na ogródek -funkcjonalny układ pomieszcz,olx,20-09-05-2025
https://www.olx.pl/d/oferta/4-pokojowe-mieszkanie-w-sercu-wrzeszcza-1-pietro-116-m-CID3-ID15w8Jm.html,"4-pokojowe mieszkanie w sercu Wrzeszcza – 1. piętro, 116 m²",Wrzeszcz,1 490 000 zł,Powierzchnia: 116 m²," miejsce na relaks, biuro lub ogród zimowy. Mieszkanie zachowało ",olx,20-09-05-2025
https://www.olx.pl/d/oferta/sprzedam-mieszkanie-gdansk-plocka-dwa-tarasy-CID3-ID15EMFX.html,Sprzedam mieszkanie Gdańsk Płocka Dwa Tarasy,Wrzeszcz,699 000 zł,"Powierzchnia: 47,50 m²","a rodziny lub pary • Prywatny ogród z tarasem, skrzynią ogrodową,",olx,20-09-05-2025
https://www.olx.pl/d/oferta/2-pokojowe-mieszkanie-z-balkonem-gdansk-chelm-CID3-ID158XjA.html,2-pokojowe mieszkanie z balkonem – Gdańsk Chełm,Wrzeszcz,529 000 zł,"Powierzchnia: 49,60 m²",należy piwnica (ok. 3m2) oraz ogródek działkowy o powierzchni ok. 3,olx,20-09-05-2025
https://www.olx.pl/d/oferta/atrakcyjne-mieszkanie-ogrodekwysoki-standardhala-CID3-ID10wqcT.html,Atrakcyjne mieszkanie *ogrodek*wysoki standard*hala,Wrzeszcz,455 000 zł,Powierzchnia: 35 m²,dzie. Kawalerka z wyjściem na ogród. Możliwość wyodrębnienia dwoc,olx,20-09-05-2025
https://www.olx.pl/d/oferta/2-pokoje-36m-stan-deweloperski-ogrodek-osiedle-novelo-dostepne-od-reki-CID3-ID15uGlK.html,2 Pokoje 36m Stan Deweloperski Ogródek Osiedle Novelo Dostępne Od Ręki,Wrzeszcz,409 000 zł,Powierzchnia: 36 m², Pokoje 36m Stan Deweloperski Ogródek Osiedle Novelo Dostępne Od Rę,olx,20-09-05-2025
https://www.olx.pl/d/oferta/mieszkanie-z-ogrodkiem-i-miejscem-w-hali-garazowej-CID3-ID15siNs.html,Mieszkanie z ogródkiem i miejscem w hali garażowej,Wrzeszcz,1 499 000 zł,"Powierzchnia: 55,52 m²","kania przynależy duży narożny ogródek z tarasem, komórka lokatorska",olx,20-09-05-2025
https://www.olx.pl/d/oferta/mieszkanie-z-ogrodkiem-w-swietnej-lokalizacji-CID3-ID15FXob.html,Mieszkanie z ogrodkiem w świetnej lokalizacji,Wrzeszcz,630 000 zł,"Powierzchnia: 40,50 m²",rzeszcz - salon z wyjściem na ogródek -funkcjonalny układ pomieszcz,olx,21-09-05-2025
https://www.olx.pl/d/oferta/4-pokojowe-mieszkanie-w-sercu-wrzeszcza-1-pietro-116-m-CID3-ID15w8Jm.html,"4-pokojowe mieszkanie w sercu Wrzeszcza – 1. piętro, 116 m²",Wrzeszcz,1 490 000 zł,Powierzchnia: 116 m²," miejsce na relaks, biuro lub ogród zimowy. Mieszkanie zachowało ",olx,21-09-05-2025
https://www.olx.pl/d/oferta/sprzedam-mieszkanie-gdansk-plocka-dwa-tarasy-CID3-ID15EMFX.html,Sprzedam mieszkanie Gdańsk Płocka Dwa Tarasy,Wrzeszcz,699 000 zł,"Powierzchnia: 47,50 m²","a rodziny lub pary • Prywatny ogród z tarasem, skrzynią ogrodową,",olx,21-09-05-2025
https://www.olx.pl/d/oferta/2-pokojowe-mieszkanie-z-balkonem-gdansk-chelm-CID3-ID158XjA.html,2-pokojowe mieszkanie z balkonem – Gdańsk Chełm,Wrzeszcz,529 000 zł,"Powierzchnia: 49,60 m²",należy piwnica (ok. 3m2) oraz ogródek działkowy o powierzchni ok. 3,olx,21-09-05-2025
https://www.olx.pl/d/oferta/atrakcyjne-mieszkanie-ogrodekwysoki-standardhala-CID3-ID10wqcT.html,Atrakcyjne mieszkanie *ogrodek*wysoki standard*hala,Wrzeszcz,455 000 zł,Powierzchnia: 35 m²,dzie. Kawalerka z wyjściem na ogród. Możliwość wyodrębnienia dwoc,olx,21-09-05-2025
https://www.olx.pl/d/oferta/2-pokoje-36m-stan-deweloperski-ogrodek-osiedle-novelo-dostepne-od-reki-CID3-ID15uGlK.html,2 Pokoje 36m Stan Deweloperski Ogródek Osiedle Novelo Dostępne Od Ręki,Wrzeszcz,409 000 zł,Powierzchnia: 36 m², Pokoje 36m Stan Deweloperski Ogródek Osiedle Novelo Dostępne Od Rę,olx,21-09-05-2025
https://www.olx.pl/d/oferta/mieszkanie-z-ogrodkiem-i-miejscem-w-hali-garazowej-CID3-ID15siNs.html,Mieszkanie z ogródkiem i miejscem w hali garażowej,Wrzeszcz,1 499 000 zł,"Powierzchnia: 55,52 m²","kania przynależy duży narożny ogródek z tarasem, komórka lokatorska",olx,21-09-05-2025
https://www.olx.pl/d/oferta/mieszkanie-z-ogrodkiem-w-swietnej-lokalizacji-CID3-ID15FXob.html,Mieszkanie z ogrodkiem w świetnej lokalizacji,Wrzeszcz,630 000 zł,"Powierzchnia: 40,50 m²",rzeszcz - salon z wyjściem na ogródek -funkcjonalny układ pomieszcz,olx,22-09-05-2025
https://www.olx.pl/d/oferta/4-pokojowe-mieszkanie-w-sercu-wrzeszcza-1-pietro-116-m-CID3-ID15w8Jm.html,"4-pokojowe mieszkanie w sercu Wrzeszcza – 1. piętro, 116 m²",Wrzeszcz,1 490 000 zł,Powierzchnia: 116 m²," miejsce na relaks, biuro lub ogród zimowy. Mieszkanie zachowało ",olx,22-09-05-2025
https://www.olx.pl/d/oferta/sprzedam-mieszkanie-gdansk-plocka-dwa-tarasy-CID3-ID15EMFX.html,Sprzedam mieszkanie Gdańsk Płocka Dwa Tarasy,Wrzeszcz,699 000 zł,"Powierzchnia: 47,50 m²","a rodziny lub pary • Prywatny ogród z tarasem, skrzynią ogrodową,",olx,22-09-05-2025
https://www.olx.pl/d/oferta/2-pokojowe-mieszkanie-z-balkonem-gdansk-chelm-CID3-ID158XjA.html,2-pokojowe mieszkanie z balkonem – Gdańsk Chełm,Wrzeszcz,529 000 zł,"Powierzchnia: 49,60 m²",należy piwnica (ok. 3m2) oraz ogródek działkowy o powierzchni ok. 3,olx,22-09-05-2025
https://www.olx.pl/d/oferta/2-pokoje-36m-stan-deweloperski-ogrodek-osiedle-novelo-dostepne-od-reki-CID3-ID15uGlK.html,2 Pokoje 36m Stan Deweloperski Ogródek Osiedle Novelo Dostępne Od Ręki,Wrzeszcz,409 000 zł,Powierzchnia: 36 m², Pokoje 36m Stan Deweloperski Ogródek Osiedle Novelo Dostępne Od Rę,olx,22-09-05-2025
https://www.olx.pl/d/oferta/atrakcyjne-mieszkanie-ogrodekwysoki-standardhala-CID3-ID10wqcT.html,Atrakcyjne mieszkanie *ogrodek*wysoki standard*hala,Wrzeszcz,455 000 zł,Powierzchnia: 35 m²,dzie. Kawalerka z wyjściem na ogród. Możliwość wyodrębnienia dwoc,olx,22-09-05-2025
https://www.olx.pl/d/oferta/mieszkanie-z-ogrodkiem-i-miejscem-w-hali-garazowej-CID3-ID15siNs.html,Mieszkanie z ogródkiem i miejscem w hali garażowej,Wrzeszcz,1 499 000 zł,"Powierzchnia: 55,52 m²","kania przynależy duży narożny ogródek z tarasem, komórka lokatorska",olx,22-09-05-2025
https://www.olx.pl/d/oferta/mieszkanie-z-ogrodkiem-w-swietnej-lokalizacji-CID3-ID15FXob.html,Mieszkanie z ogrodkiem w świetnej lokalizacji,Wrzeszcz,630 000 zł,"Powierzchnia: 40,50 m²",rzeszcz - salon z wyjściem na ogródek -funkcjonalny układ pomieszcz,olx,23-09-05-2025
https://www.olx.pl/d/oferta/4-pokojowe-mieszkanie-w-sercu-wrzeszcza-1-pietro-116-m-CID3-ID15w8Jm.html,"4-pokojowe mieszkanie w sercu Wrzeszcza – 1. piętro, 116 m²",Wrzeszcz,1 490 000 zł,Powierzchnia: 116 m²," miejsce na relaks, biuro lub ogród zimowy. Mieszkanie zachowało ",olx,23-09-05-2025
https://www.olx.pl/d/oferta/sprzedam-mieszkanie-gdansk-plocka-dwa-tarasy-CID3-ID15EMFX.html,Sprzedam mieszkanie Gdańsk Płocka Dwa Tarasy,Wrzeszcz,699 000 zł,"Powierzchnia: 47,50 m²","a rodziny lub pary • Prywatny ogród z tarasem, skrzynią ogrodową,",olx,23-09-05-2025
https://www.olx.pl/d/oferta/2-pokojowe-mieszkanie-z-balkonem-gdansk-chelm-CID3-ID158XjA.html,2-pokojowe mieszkanie z balkonem – Gdańsk Chełm,Wrzeszcz,529 000 zł,"Powierzchnia: 49,60 m²",należy piwnica (ok. 3m2) oraz ogródek działkowy o powierzchni ok. 3,olx,23-09-05-2025
https://www.olx.pl/d/oferta/2-pokoje-36m-stan-deweloperski-ogrodek-osiedle-novelo-dostepne-od-reki-CID3-ID15uGlK.html,2 Pokoje 36m Stan Deweloperski Ogródek Osiedle Novelo Dostępne Od Ręki,Wrzeszcz,409 000 zł,Powierzchnia: 36 m², Pokoje 36m Stan Deweloperski Ogródek Osiedle Novelo Dostępne Od Rę,olx,23-09-05-2025
https://www.olx.pl/d/oferta/atrakcyjne-mieszkanie-ogrodekwysoki-standardhala-CID3-ID10wqcT.html,Atrakcyjne mieszkanie *ogrodek*wysoki standard*hala,Wrzeszcz,455 000 zł,Powierzchnia: 35 m²,dzie. Kawalerka z wyjściem na ogród. Możliwość wyodrębnienia dwoc,olx,23-09-05-2025
https://www.olx.pl/d/oferta/mieszkanie-z-ogrodkiem-i-miejscem-w-hali-garazowej-CID3-ID15siNs.html,Mieszkanie z ogródkiem i miejscem w hali garażowej,Wrzeszcz,1 499 000 zł,"Powierzchnia: 55,52 m²","kania przynależy duży narożny ogródek z tarasem, komórka lokatorska",olx,23-09-05-2025
https://www.olx.pl/d/oferta/mieszkanie-z-ogrodkiem-w-swietnej-lokalizacji-CID3-ID15FXob.html,Mieszkanie z ogrodkiem w świetnej lokalizacji,Wrzeszcz,630 000 zł,"Powierzchnia: 40,50 m²",rzeszcz - salon z wyjściem na ogródek -funkcjonalny układ pomieszcz,olx,01-10-05-2025
https://www.olx.pl/d/oferta/4-pokojowe-mieszkanie-w-sercu-wrzeszcza-1-pietro-116-m-CID3-ID15w8Jm.html,"4-pokojowe mieszkanie w sercu Wrzeszcza – 1. piętro, 116 m²",Wrzeszcz,1 490 000 zł,Powierzchnia: 116 m²," miejsce na relaks, biuro lub ogród zimowy. Mieszkanie zachowało ",olx,01-10-05-2025
https://www.olx.pl/d/oferta/sprzedam-mieszkanie-gdansk-plocka-dwa-tarasy-CID3-ID15EMFX.html,Sprzedam mieszkanie Gdańsk Płocka Dwa Tarasy,Wrzeszcz,699 000 zł,"Powierzchnia: 47,50 m²","a rodziny lub pary • Prywatny ogród z tarasem, skrzynią ogrodową,",olx,01-10-05-2025
https://www.olx.pl/d/oferta/2-pokojowe-mieszkanie-z-balkonem-gdansk-chelm-CID3-ID158XjA.html,2-pokojowe mieszkanie z balkonem – Gdańsk Chełm,Wrzeszcz,529 000 zł,"Powierzchnia: 49,60 m²",należy piwnica (ok. 3m2) oraz ogródek działkowy o powierzchni ok. 3,olx,02-10-05-2025
https://www.olx.pl/d/oferta/2-pokoje-36m-stan-deweloperski-ogrodek-osiedle-novelo-dostepne-od-reki-CID3-ID15uGlK.html,2 Pokoje 36m Stan Deweloperski Ogródek Osiedle Novelo Dostępne Od Ręki,Wrzeszcz,409 000 zł,Powierzchnia: 36 m², Pokoje 36m Stan Deweloperski Ogródek Osiedle Novelo Dostępne Od Rę,olx,02-10-05-2025
https://www.olx.pl/d/oferta/atrakcyjne-mieszkanie-ogrodekwysoki-standardhala-CID3-ID10wqcT.html,Atrakcyjne mieszkanie *ogrodek*wysoki standard*hala,Wrzeszcz,455 000 zł,Powierzchnia: 35 m²,dzie. Kawalerka z wyjściem na ogród. Możliwość wyodrębnienia dwoc,olx,02-10-05-2025
https://www.olx.pl/d/oferta/mieszkanie-z-ogrodkiem-i-miejscem-w-hali-garazowej-CID3-ID15siNs.html,Mieszkanie z ogródkiem i miejscem w hali garażowej,Wrzeszcz,1 499 000 zł,"Powierzchnia: 55,52 m²","kania przynależy duży narożny ogródek z tarasem, komórka lokatorska",olx,02-10-05-2025
