https://www.otodom.pl/pl/oferta/jaskowa-dolina-w-otulinie-lasu-osiedle-premium-ID4vj4z,Jaśkowa Dolina | W otulinie lasu | Osiedle Premium,"ul. Jaśkowa Dolina, Wrzeszcz Górny, Gdańsk, pomorskie",2 000 000 zł,<built-in method strip of str object at 0x7f74f1dad6b0>,omości Informacje dodatkowe : ogródek garaż/miejsce parkingowe pom.,otodom,"19, 09 05 2025"
https://www.otodom.pl/pl/oferta/komfortowe-mieszkanie-w-centrum-wrzeszcza-ID4viyG,Komfortowe mieszkanie W Centrum Wrzeszcza!,"ul. Tadeusza Kościuszki, Wrzeszcz Dolny, Gdańsk, pomorskie",729 000 zł,<built-in method strip of str object at 0x7f74f9fd89f0>,omości Informacje dodatkowe : ogródek garaż/miejsce parkingowe piwn,otodom,"19, 09 05 2025"
https://www.otodom.pl/pl/oferta/2-pokojowe-mieszkanie-z-ogrodkiem-gd-wrzeszcz-ID4vgJG,2 pokojowe mieszkanie z ogródkiem Gd. Wrzeszcz,"ul. Zawiszy Czarnego, Wrzeszcz Dolny, Gdańsk, pomorskie",500 000 zł,<built-in method strip of str object at 0x7f74ea9d5cf0>,omości Informacje dodatkowe : ogródek piwnica Budynek i materiały R,otodom,"19, 09 05 2025"
https://www.otodom.pl/pl/oferta/po-remoncie-3-pokoje-z-ogrodkiem-gdansk-wrzeszcz-ID4vg3k,Po remoncie-3 pokoje z ogródkiem-Gdańsk Wrzeszcz,"ul. Grażyny, Wrzeszcz Dolny, Gdańsk, pomorskie",995 000 zł,<built-in method strip of str object at 0x7f74e9c75ab0>,omości Informacje dodatkowe : ogródek piwnica oddzielna kuchnia Bud,otodom,"19, 09 05 2025"
https://www.otodom.pl/pl/oferta/3-pokojowe-mieszkanie-67m2-2-ogrodki-ID4ulSO,3-pokojowe mieszkanie 67m2 + 2 ogródki,"ul. Jaśkowa Dolina 85, Wrzeszcz Górny, Gdańsk, pomorskie",917 114 zł,<built-in method strip of str object at 0x7f74e388aec0>, Informacje dodatkowe : taras ogródek garaż/miejsce parkingowe Budy,otodom,"19, 09 05 2025"
https://www.otodom.pl/pl/oferta/2-pokoje-z-ogrodem-i-piwnica-ID4v6Pt,2 pokoje z ogrodem i piwnicą!,"ul. Sochaczewska, Wrzeszcz Dolny, Gdańsk, pomorskie",554 000 zł,<built-in method strip of str object at 0x7f74f8171200>,omości Informacje dodatkowe : ogródek piwnica Budynek i materiały R,otodom,"19, 09 05 2025"
https://www.otodom.pl/pl/oferta/apartament-3-pokoje-ogrod-wysoki-standard-skm-ID4v4f8,"Apartament 3 pokoje,ogród,wysoki standard, skm","ul. Jana Kilińskiego, Wrzeszcz Dolny, Gdańsk, pomorskie",1 490 000 zł,<built-in method strip of str object at 0x7f74eb1e7bf0>,"jęcia (6) Apartament 3 pokoje,ogród,wysoki standard, skm 1 490 00",otodom,"19, 09 05 2025"
https://www.otodom.pl/pl/oferta/elegancki-apartament-w-starym-wrzeszczu-ID4v10F,Elegancki APARTAMENT w starym Wrzeszczu,"ul. Marii Konopnickiej, Wrzeszcz Górny, Gdańsk, pomorskie",2 040 000 zł,<built-in method strip of str object at 0x7f74dd9c9ed0>,Informacje dodatkowe : balkon ogródek garaż/miejsce parkingowe piwn,otodom,"19, 09 05 2025"
https://www.otodom.pl/pl/oferta/3-pokojowe-mieszkanie-67m2-2-ogrodki-ID4ulSO,3-pokojowe mieszkanie 67m2 + 2 ogródki,"ul. Jaśkowa Dolina 85, Wrzeszcz Górny, Gdańsk, pomorskie",917 114 zł,<built-in method strip of str object at 0x7f74dcc66740>, Informacje dodatkowe : taras ogródek garaż/miejsce parkingowe Budy,otodom,"19, 09 05 2025"
https://www.otodom.pl/pl/oferta/loft-z-antresola-ogrod-garnizon-wrzeszcz-ID4wKEx,"Loft z antresolą, ogród! Garnizon, Wrzeszcz!","Bolesława Leśmiana, Wrzeszcz Górny, Gdańsk, pomorskie",999 000 zł,<built-in method strip of str object at 0x7f74dceb99b0>,"djęcia (11) Loft z antresolą, ogród! Garnizon, Wrzeszcz! 999 000 ",otodom,"19, 09 05 2025"
https://www.otodom.pl/pl/oferta/wrzeszcz-3-pok-mieszkanie-na-gotowym-osiedlu-ID4wJxc,Wrzeszcz - 3-pok. mieszkanie na GOTOWYM osiedlu!,"ul. Jaśkowa Dolina, Wrzeszcz Górny, Gdańsk, pomorskie",917 114 zł,<built-in method strip of str object at 0x7f74d5575ed0>,ywatny Informacje dodatkowe : ogródek Budynek i materiały Rok budow,otodom,"19, 09 05 2025"
https://www.otodom.pl/pl/oferta/klimatyczne-mieszkanie-w-sercu-wrzeszcza-ID4wIxy,Klimatyczne Mieszkanie W Sercu Wrzeszcza,"ul. Do Studzienki, Wrzeszcz Górny, Gdańsk, pomorskie",599 000 zł,<built-in method strip of str object at 0x7f74d7920330>,omości Informacje dodatkowe : ogródek piwnica oddzielna kuchnia Bud,otodom,"19, 09 05 2025"
https://www.otodom.pl/pl/oferta/kameralne-2-pokojowe-we-wrzeszczu-ID4wDWV,"Kameralne, 2 pokojowe, we Wrzeszczu","ul. Stefana Batorego, Wrzeszcz Górny, Gdańsk, pomorskie",685 000 zł,<built-in method strip of str object at 0x7f74d64bc130>,Informacje dodatkowe : balkon ogródek piwnica Budynek i materiały W,otodom,"19, 09 05 2025"
https://www.otodom.pl/pl/oferta/stylowe-mieszkanie-ogrodek-mila-baltica-ID4wCpi,Stylowe mieszkanie | ogródek | Mila Baltica,"ul. Bolesława Chrobrego, Wrzeszcz Dolny, Gdańsk, pomorskie",1 290 000 zł,<built-in method strip of str object at 0x7f74d7ee9700>,0) Video Stylowe mieszkanie | ogródek | Mila Baltica 1 290 000 zł 2,otodom,"19, 09 05 2025"
https://www.otodom.pl/pl/oferta/gdansk-wrzeszcz-dolny-3-pokoje-na-parterze-ID4wnhc,"Gdańsk Wrzeszcz Dolny, 3 Pokoje Na Parterze","al. Legionów, Wrzeszcz Dolny, Gdańsk, pomorskie",749 000 zł,<built-in method strip of str object at 0x7f74e97f26f0>,omości Informacje dodatkowe : ogródek garaż/miejsce parkingowe piwn,otodom,"19, 09 05 2025"
https://www.otodom.pl/pl/oferta/mieszkanie-w-centrum-wrzeszcza-ID4whai,Mieszkanie w centrum Wrzeszcza,"Wrzeszcz Dolny, Gdańsk, pomorskie",629 900 zł,<built-in method strip of str object at 0x7f74c9c89c00>,omości Informacje dodatkowe : ogródek garaż/miejsce parkingowe piwn,otodom,"19, 09 05 2025"
https://www.otodom.pl/pl/oferta/2-mieszkania-z-piwnicami-garazem-we-wrzeszczu-ID4w1zi,2 mieszkania z piwnicami garażem we Wrzeszczu!,"ul. Bolesława Prusa, Wrzeszcz Dolny, Gdańsk, pomorskie",1 270 000 zł,<built-in method strip of str object at 0x7f74c70042b0>,omości Informacje dodatkowe : ogródek garaż/miejsce parkingowe piwn,otodom,"19, 09 05 2025"
https://www.otodom.pl/pl/oferta/4-pokojowe-mieszkanie-w-kamienicy-ID4uZ5T,4-pokojowe mieszkanie w Kamienicy,"Wrzeszcz Górny, Gdańsk, pomorskie",1 477 000 zł,<built-in method strip of str object at 0x7f74c7b26230>,omości Informacje dodatkowe : ogródek oddzielna kuchnia Budynek i m,otodom,"19, 09 05 2025"
https://www.otodom.pl/pl/oferta/przestronne-2-pokoje-parking-centrum-wrzeszcza-ID4uRAv,Przestronne 2 pokoje - parking - Centrum Wrzeszcza,"Wrzeszcz Górny, Gdańsk, pomorskie",675 000 zł,<built-in method strip of str object at 0x7f74c885d2b0>,omości Informacje dodatkowe : ogródek garaż/miejsce parkingowe piwn,otodom,"19, 09 05 2025"
https://www.otodom.pl/pl/oferta/wyjatkowe-4-pokojowe-mieszkanie-we-wrzeszczu-ID4uMcI,Wyjątkowe 4-Pokojowe Mieszkanie We Wrzeszczu,"Aleja Grunwaldzka, Wrzeszcz Górny, Gdańsk, pomorskie",1 369 000 zł,<built-in method strip of str object at 0x7f74c693b5f0>,omości Informacje dodatkowe : ogródek garaż/miejsce parkingowe piwn,otodom,"19, 09 05 2025"
https://www.otodom.pl/pl/oferta/3-pokojowe-mieszkanie-67m2-2-ogrodki-ID4ulSO,3-pokojowe mieszkanie 67m2 + 2 ogródki,"ul. Jaśkowa Dolina 85, Wrzeszcz Górny, Gdańsk, pomorskie",917 114 zł,<built-in method strip of str object at 0x7f74c43413e0>, Informacje dodatkowe : taras ogródek garaż/miejsce parkingowe Budy,otodom,"19, 09 05 2025"
https://www.otodom.pl/pl/oferta/2pokoje-z-oddzielna-kuchnia-do-wprowadzenia-ID4uwVp,2Pokoje Z Oddzielną Kuchnią Do Wprowadzenia,"ul. Żywiecka, Wrzeszcz Dolny, Gdańsk, pomorskie",609 000 zł,<built-in method strip of str object at 0x7f74bd7d1520>,omości Informacje dodatkowe : ogródek garaż/miejsce parkingowe piwn,otodom,"19, 09 05 2025"
https://www.otodom.pl/pl/oferta/gorny-wrzeszcz-nowe-budownictwo-mozliwe-4-pok-ID4ufIn,"Górny Wrzeszcz - nowe budownictwo, możliwe 4 pok.","ul. Marii Konopnickiej, Wrzeszcz Górny, Gdańsk, pomorskie",1 390 000 zł,<built-in method strip of str object at 0x7f74b9059ac0>,Informacje dodatkowe : balkon ogródek garaż/miejsce parkingowe piwn,otodom,"19, 09 05 2025"
https://www.otodom.pl/pl/oferta/mieszkanie-w-pieknej-historycznej-willi-ID4u8gx,Mieszkanie w pięknej historycznej willi,"ul. Jaśkowa Dolina, Wrzeszcz Górny, Gdańsk, pomorskie",999 999 zł,<built-in method strip of str object at 0x7f74b7275ef0>,omości Informacje dodatkowe : ogródek garaż/miejsce parkingowe piwn,otodom,"19, 09 05 2025"
https://www.otodom.pl/pl/oferta/ogrod-miejsce-naziemne-pracownia-kancelaria-ID4tO7D,Ogród | miejsce naziemne | pracownia/kancelaria,"ul. Juliusza Słowackiego, Wrzeszcz Górny, Gdańsk, pomorskie",579 000 zł,<built-in method strip of str object at 0x7f74b4b31520>,Zapisz Wszystkie zdjęcia (10) Ogród | miejsce naziemne | pracowni,otodom,"19, 09 05 2025"
https://www.otodom.pl/pl/oferta/dwupokojowe-mieszkanie-z-osobna-kuchnia-we-wrzesz-ID4tB89,Dwupokojowe mieszkanie z osobną kuchnią we Wrzesz.,"al. gen. Józefa Hallera, Wrzeszcz Dolny, Gdańsk, pomorskie",730 000 zł,<built-in method strip of str object at 0x7f74c429a270>,ywatny Informacje dodatkowe : ogródek piwnica oddzielna kuchnia Bud,otodom,"19, 09 05 2025"
https://www.otodom.pl/pl/oferta/mieszkanie-z-ogrodem-w-kameralnej-okolicy-ID4tAcD,Mieszkanie Z Ogrodem W Kameralnej Okolicy,"ul. Podleśna, Wrzeszcz Górny, Gdańsk, pomorskie",890 000 zł,<built-in method strip of str object at 0x7f74bb5d29c0>,omości Informacje dodatkowe : ogródek piwnica Budynek i materiały R,otodom,"19, 09 05 2025"
https://www.otodom.pl/pl/oferta/mieszkanie-z-ogrodem-w-nowym-budownictwie-ID4tiVj,Mieszkanie z ogrodem w nowym budownictwie,"ul. Jaśkowa Dolina, Wrzeszcz Górny, Gdańsk, pomorskie",1 149 000 zł,<built-in method strip of str object at 0x7f74b55ad980>,omości Informacje dodatkowe : ogródek taras garaż/miejsce parkingow,otodom,"19, 09 05 2025"
https://www.otodom.pl/pl/oferta/klimatyczne-mieszkanie-we-wrzeszczu-ID4t9qS,Klimatyczne mieszkanie we Wrzeszczu,"ul. Bernarda Chrzanowskiego, Wrzeszcz Górny, Gdańsk, pomorskie",1 550 000 zł,<built-in method strip of str object at 0x7f74b60f7cd0>,omości Informacje dodatkowe : ogródek garaż/miejsce parkingowe pom.,otodom,"19, 09 05 2025"
https://www.otodom.pl/pl/oferta/bezposrednio-umeblowany-z-dzialajacym-biznesem-ID4sxUy,BEZPOŚREDNIO Umeblowany z działającym biznesem,"ul. Bolesława Chrobrego, Wrzeszcz Dolny, Gdańsk, pomorskie",769 999 zł,<built-in method strip of str object at 0x7f74bd389970>,ywatny Informacje dodatkowe : ogródek piwnica oddzielna kuchnia Bud,otodom,"19, 09 05 2025"
https://www.otodom.pl/pl/oferta/wysoki-standard-z-pelnym-wyposazeniem-ID4rc9C,Wysoki Standard Z Pełnym Wyposażeniem !,"ul. Jaśkowa Dolina, Wrzeszcz Górny, Gdańsk, pomorskie",2 799 000 zł,<built-in method strip of str object at 0x7f74b6e2a3d0>,Informacje dodatkowe : balkon ogródek taras garaż/miejsce parkingow,otodom,"19, 09 05 2025"
https://www.otodom.pl/pl/oferta/wrzeszcz-taras-60m2-4m-sufity-ID4r3EJ,Wrzeszcz - Taras 60M2 - 4M Sufity,"ul. Joachima Lelewela, Wrzeszcz Dolny, Gdańsk, pomorskie",1 490 000 zł,<built-in method strip of str object at 0x7f74b67101b0>,omości Informacje dodatkowe : ogródek taras garaż/miejsce parkingow,otodom,"19, 09 05 2025"
https://www.otodom.pl/pl/oferta/90-7-m2-na-poddaszu-w-willi-przy-jaskowej-dolinie-ID4r1rj,"90,7 m2 na poddaszu, w willi przy Jaśkowej Dolinie","ul. Stanisława Pawłowskiego, Wrzeszcz Górny, Gdańsk, pomorskie",1 260 000 zł,<built-in method strip of str object at 0x7f74b45d9ef0>,omości Informacje dodatkowe : ogródek piwnica oddzielna kuchnia Bud,otodom,"19, 09 05 2025"
https://www.otodom.pl/pl/oferta/4-pokoje-samym-w-centrum-gdansk-wrzeszcz-ID4qcvz,4 Pokoje Samym W Centrum Gdańsk Wrzeszcz,"ul. Tadeusza Kościuszki, Wrzeszcz Dolny, Gdańsk, pomorskie",989 000 zł,<built-in method strip of str object at 0x7f74c54218f0>,omości Informacje dodatkowe : ogródek garaż/miejsce parkingowe piwn,otodom,"19, 09 05 2025"
https://www.otodom.pl/pl/oferta/unikalna-oferta-wysokie-sufity-kominek-antresola-ID4pp9K,unikalna oferta|wysokie sufity| kominek|antresola,"ul. Bolesława Chrobrego, Wrzeszcz Dolny, Gdańsk, pomorskie",1 190 000 zł,<built-in method strip of str object at 0x7f74bb59e6b0>,omości Informacje dodatkowe : ogródek piwnica oddzielna kuchnia Bud,otodom,"19, 09 05 2025"
https://www.otodom.pl/pl/oferta/mieszkanie-w-starym-budownictwie-ID4pcLo,Mieszkanie w starym budownictwie,"ul. Czarna, Wrzeszcz Górny, Gdańsk, pomorskie",899 000 zł,<built-in method strip of str object at 0x7f74c3504800>,omości Informacje dodatkowe : ogródek taras garaż/miejsce parkingow,otodom,"19, 09 05 2025"
https://www.otodom.pl/pl/oferta/162-m2-1-lub-2-mieszkania-2-miejsca-w-cenie-ID4osoI,162 M2! 1 Lub 2 Mieszkania! 2 Miejsca W Cenie!,"ul. Jarowa, Wrzeszcz Górny, Gdańsk, pomorskie",2 349 000 zł,<built-in method strip of str object at 0x7f74bea10f80>,Informacje dodatkowe : balkon ogródek garaż/miejsce parkingowe Budy,otodom,"19, 09 05 2025"
https://www.otodom.pl/pl/oferta/jaskowa-dolina-w-otulinie-lasu-osiedle-premium-ID4vj4z,Jaśkowa Dolina | W otulinie lasu | Osiedle Premium,"ul. Jaśkowa Dolina, Wrzeszcz Górny, Gdańsk, pomorskie",2 000 000 zł,<built-in method strip of str object at 0x7ff47c8f6230>,omości Informacje dodatkowe : ogródek garaż/miejsce parkingowe pom.,otodom,20-09-05-2025
https://www.otodom.pl/pl/oferta/komfortowe-mieszkanie-w-centrum-wrzeszcza-ID4viyG,Komfortowe mieszkanie W Centrum Wrzeszcza!,"ul. Tadeusza Kościuszki, Wrzeszcz Dolny, Gdańsk, pomorskie",729 000 zł,<built-in method strip of str object at 0x7ff468c084b0>,omości Informacje dodatkowe : ogródek garaż/miejsce parkingowe piwn,otodom,20-09-05-2025
https://www.otodom.pl/pl/oferta/3-pokojowe-mieszkanie-67m2-2-ogrodki-ID4ulSO,3-pokojowe mieszkanie 67m2 + 2 ogródki,"ul. Jaśkowa Dolina 85, Wrzeszcz Górny, Gdańsk, pomorskie",917 114 zł,<built-in method strip of str object at 0x7ff45f41d1b0>, Informacje dodatkowe : taras ogródek garaż/miejsce parkingowe Budy,otodom,20-09-05-2025
https://www.otodom.pl/pl/oferta/2-pokojowe-mieszkanie-z-ogrodkiem-gd-wrzeszcz-ID4vgJG,2 pokojowe mieszkanie z ogródkiem Gd. Wrzeszcz,"ul. Zawiszy Czarnego, Wrzeszcz Dolny, Gdańsk, pomorskie",500 000 zł,<built-in method strip of str object at 0x7ff45efd6650>,omości Informacje dodatkowe : ogródek piwnica Budynek i materiały R,otodom,20-09-05-2025
https://www.otodom.pl/pl/oferta/po-remoncie-3-pokoje-z-ogrodkiem-gdansk-wrzeszcz-ID4vg3k,Po remoncie-3 pokoje z ogródkiem-Gdańsk Wrzeszcz,"ul. Grażyny, Wrzeszcz Dolny, Gdańsk, pomorskie",995 000 zł,<built-in method strip of str object at 0x7ff45e719fb0>,omości Informacje dodatkowe : ogródek piwnica oddzielna kuchnia Bud,otodom,20-09-05-2025
https://www.otodom.pl/pl/oferta/2-pokoje-z-ogrodem-i-piwnica-ID4v6Pt,2 pokoje z ogrodem i piwnicą!,"ul. Sochaczewska, Wrzeszcz Dolny, Gdańsk, pomorskie",554 000 zł,<built-in method strip of str object at 0x7ff45dcfded0>,omości Informacje dodatkowe : ogródek piwnica Budynek i materiały R,otodom,20-09-05-2025
https://www.otodom.pl/pl/oferta/apartament-3-pokoje-ogrod-wysoki-standard-skm-ID4v4f8,"Apartament 3 pokoje,ogród,wysoki standard, skm","ul. Jana Kilińskiego, Wrzeszcz Dolny, Gdańsk, pomorskie",1 490 000 zł,<built-in method strip of str object at 0x7ff45c570370>,"jęcia (6) Apartament 3 pokoje,ogród,wysoki standard, skm 1 490 00",otodom,20-09-05-2025
https://www.otodom.pl/pl/oferta/elegancki-apartament-w-starym-wrzeszczu-ID4v10F,Elegancki APARTAMENT w starym Wrzeszczu,"ul. Marii Konopnickiej, Wrzeszcz Górny, Gdańsk, pomorskie",2 040 000 zł,<built-in method strip of str object at 0x7ff45d0f0080>,Informacje dodatkowe : balkon ogródek garaż/miejsce parkingowe piwn,otodom,20-09-05-2025
https://www.otodom.pl/pl/oferta/loft-z-antresola-ogrod-garnizon-wrzeszcz-ID4wKEx,"Loft z antresolą, ogród! Garnizon, Wrzeszcz!","Bolesława Leśmiana, Wrzeszcz Górny, Gdańsk, pomorskie",999 000 zł,<built-in method strip of str object at 0x7ff451881ef0>,"djęcia (11) Loft z antresolą, ogród! Garnizon, Wrzeszcz! 999 000 ",otodom,20-09-05-2025
https://www.otodom.pl/pl/oferta/wrzeszcz-3-pok-mieszkanie-na-gotowym-osiedlu-ID4wJxc,Wrzeszcz - 3-pok. mieszkanie na GOTOWYM osiedlu!,"ul. Jaśkowa Dolina, Wrzeszcz Górny, Gdańsk, pomorskie",917 114 zł,<built-in method strip of str object at 0x7ff451db6920>,ywatny Informacje dodatkowe : ogródek Budynek i materiały Rok budow,otodom,20-09-05-2025
https://www.otodom.pl/pl/oferta/klimatyczne-mieszkanie-w-sercu-wrzeszcza-ID4wIxy,Klimatyczne Mieszkanie W Sercu Wrzeszcza,"ul. Do Studzienki, Wrzeszcz Górny, Gdańsk, pomorskie",599 000 zł,<built-in method strip of str object at 0x7ff451cf4af0>,omości Informacje dodatkowe : ogródek piwnica oddzielna kuchnia Bud,otodom,20-09-05-2025
https://www.otodom.pl/pl/oferta/kameralne-2-pokojowe-we-wrzeszczu-ID4wDWV,"Kameralne, 2 pokojowe, we Wrzeszczu","ul. Stefana Batorego, Wrzeszcz Górny, Gdańsk, pomorskie",685 000 zł,<built-in method strip of str object at 0x7ff459ab22b0>,Informacje dodatkowe : balkon ogródek piwnica Budynek i materiały W,otodom,20-09-05-2025
https://www.otodom.pl/pl/oferta/stylowe-mieszkanie-ogrodek-mila-baltica-ID4wCpi,Stylowe mieszkanie | ogródek | Mila Baltica,"ul. Bolesława Chrobrego, Wrzeszcz Dolny, Gdańsk, pomorskie",1 290 000 zł,<built-in method strip of str object at 0x7ff4556317a0>,0) Video Stylowe mieszkanie | ogródek | Mila Baltica 1 290 000 zł 2,otodom,20-09-05-2025
https://www.otodom.pl/pl/oferta/gdansk-wrzeszcz-dolny-3-pokoje-na-parterze-ID4wnhc,"Gdańsk Wrzeszcz Dolny, 3 Pokoje Na Parterze","al. Legionów, Wrzeszcz Dolny, Gdańsk, pomorskie",749 000 zł,<built-in method strip of str object at 0x7ff44e115930>,omości Informacje dodatkowe : ogródek garaż/miejsce parkingowe piwn,otodom,20-09-05-2025
https://www.otodom.pl/hpr/pl/oferta/gdansk-wrzeszcz-dolny-3-pokoje-na-parterze-ID4wnhc,"Gdańsk Wrzeszcz Dolny, 3 Pokoje Na Parterze","al. Legionów, Wrzeszcz Dolny, Gdańsk, pomorskie",749 000 zł,<built-in method strip of str object at 0x7ff453d8cf70>,omości Informacje dodatkowe : ogródek garaż/miejsce parkingowe piwn,otodom,20-09-05-2025
https://www.otodom.pl/pl/oferta/mieszkanie-w-centrum-wrzeszcza-ID4whai,Mieszkanie w centrum Wrzeszcza,"Wrzeszcz Dolny, Gdańsk, pomorskie",629 900 zł,<built-in method strip of str object at 0x7ff449fbab00>,omości Informacje dodatkowe : ogródek garaż/miejsce parkingowe piwn,otodom,20-09-05-2025
https://www.otodom.pl/pl/oferta/2-mieszkania-z-piwnicami-garazem-we-wrzeszczu-ID4w1zi,2 mieszkania z piwnicami garażem we Wrzeszczu!,"ul. Bolesława Prusa, Wrzeszcz Dolny, Gdańsk, pomorskie",1 270 000 zł,<built-in method strip of str object at 0x7ff442272920>,omości Informacje dodatkowe : ogródek garaż/miejsce parkingowe piwn,otodom,20-09-05-2025
https://www.otodom.pl/pl/oferta/4-pokojowe-mieszkanie-w-kamienicy-ID4uZ5T,4-pokojowe mieszkanie w Kamienicy,"Wrzeszcz Górny, Gdańsk, pomorskie",1 477 000 zł,<built-in method strip of str object at 0x7ff44dde98f0>,omości Informacje dodatkowe : ogródek oddzielna kuchnia Budynek i m,otodom,20-09-05-2025
https://www.otodom.pl/pl/oferta/3-pokojowe-mieszkanie-67m2-2-ogrodki-ID4ulSO,3-pokojowe mieszkanie 67m2 + 2 ogródki,"ul. Jaśkowa Dolina 85, Wrzeszcz Górny, Gdańsk, pomorskie",917 114 zł,<built-in method strip of str object at 0x7ff44abfbf50>, Informacje dodatkowe : taras ogródek garaż/miejsce parkingowe Budy,otodom,20-09-05-2025
https://www.otodom.pl/pl/oferta/przestronne-2-pokoje-parking-centrum-wrzeszcza-ID4uRAv,Przestronne 2 pokoje - parking - Centrum Wrzeszcza,"Wrzeszcz Górny, Gdańsk, pomorskie",675 000 zł,<built-in method strip of str object at 0x7ff44ba6f9f0>,omości Informacje dodatkowe : ogródek garaż/miejsce parkingowe piwn,otodom,20-09-05-2025
https://www.otodom.pl/pl/oferta/wyjatkowe-4-pokojowe-mieszkanie-we-wrzeszczu-ID4uMcI,Wyjątkowe 4-Pokojowe Mieszkanie We Wrzeszczu,"Aleja Grunwaldzka, Wrzeszcz Górny, Gdańsk, pomorskie",1 369 000 zł,<built-in method strip of str object at 0x7ff43eaa16b0>,omości Informacje dodatkowe : ogródek garaż/miejsce parkingowe piwn,otodom,20-09-05-2025
https://www.otodom.pl/hpr/pl/oferta/wyjatkowe-4-pokojowe-mieszkanie-we-wrzeszczu-ID4uMcI,Wyjątkowe 4-Pokojowe Mieszkanie We Wrzeszczu,"Aleja Grunwaldzka, Wrzeszcz Górny, Gdańsk, pomorskie",1 369 000 zł,<built-in method strip of str object at 0x7ff44950cf30>,omości Informacje dodatkowe : ogródek garaż/miejsce parkingowe piwn,otodom,20-09-05-2025
https://www.otodom.pl/pl/oferta/3-pokojowe-mieszkanie-67m2-2-ogrodki-ID4ulSO,3-pokojowe mieszkanie 67m2 + 2 ogródki,"ul. Jaśkowa Dolina 85, Wrzeszcz Górny, Gdańsk, pomorskie",917 114 zł,<built-in method strip of str object at 0x7ff44a4864c0>, Informacje dodatkowe : taras ogródek garaż/miejsce parkingowe Budy,otodom,21-09-05-2025
https://www.otodom.pl/pl/oferta/2pokoje-z-oddzielna-kuchnia-do-wprowadzenia-ID4uwVp,2Pokoje Z Oddzielną Kuchnią Do Wprowadzenia,"ul. Żywiecka, Wrzeszcz Dolny, Gdańsk, pomorskie",609 000 zł,<built-in method strip of str object at 0x7ff441abfc30>,omości Informacje dodatkowe : ogródek garaż/miejsce parkingowe piwn,otodom,21-09-05-2025
https://www.otodom.pl/pl/oferta/gorny-wrzeszcz-nowe-budownictwo-mozliwe-4-pok-ID4ufIn,"Górny Wrzeszcz - nowe budownictwo, możliwe 4 pok.","ul. Marii Konopnickiej, Wrzeszcz Górny, Gdańsk, pomorskie",1 390 000 zł,<built-in method strip of str object at 0x7ff4363d6ec0>,Informacje dodatkowe : balkon ogródek garaż/miejsce parkingowe piwn,otodom,21-09-05-2025
https://www.otodom.pl/pl/oferta/mieszkanie-w-pieknej-historycznej-willi-ID4u8gx,Mieszkanie w pięknej historycznej willi,"ul. Jaśkowa Dolina, Wrzeszcz Górny, Gdańsk, pomorskie",999 999 zł,<built-in method strip of str object at 0x7ff4327edeb0>,omości Informacje dodatkowe : ogródek garaż/miejsce parkingowe piwn,otodom,21-09-05-2025
https://www.otodom.pl/pl/oferta/ogrod-miejsce-naziemne-pracownia-kancelaria-ID4tO7D,Ogród | miejsce naziemne | pracownia/kancelaria,"ul. Juliusza Słowackiego, Wrzeszcz Górny, Gdańsk, pomorskie",579 000 zł,<built-in method strip of str object at 0x7ff43e5152a0>,Zapisz Wszystkie zdjęcia (10) Ogród | miejsce naziemne | pracowni,otodom,21-09-05-2025
https://www.otodom.pl/pl/oferta/dwupokojowe-mieszkanie-z-osobna-kuchnia-we-wrzesz-ID4tB89,Dwupokojowe mieszkanie z osobną kuchnią we Wrzesz.,"al. gen. Józefa Hallera, Wrzeszcz Dolny, Gdańsk, pomorskie",730 000 zł,<built-in method strip of str object at 0x7ff4367fea70>,ywatny Informacje dodatkowe : ogródek piwnica oddzielna kuchnia Bud,otodom,21-09-05-2025
https://www.otodom.pl/pl/oferta/mieszkanie-z-ogrodem-w-kameralnej-okolicy-ID4tAcD,Mieszkanie Z Ogrodem W Kameralnej Okolicy,"ul. Podleśna, Wrzeszcz Górny, Gdańsk, pomorskie",890 000 zł,<built-in method strip of str object at 0x7ff4347a5570>,omości Informacje dodatkowe : ogródek piwnica Budynek i materiały R,otodom,21-09-05-2025
https://www.otodom.pl/pl/oferta/mieszkanie-z-ogrodem-w-nowym-budownictwie-ID4tiVj,Mieszkanie z ogrodem w nowym budownictwie,"ul. Jaśkowa Dolina, Wrzeszcz Górny, Gdańsk, pomorskie",1 149 000 zł,<built-in method strip of str object at 0x7ff430f1dc50>,omości Informacje dodatkowe : ogródek taras garaż/miejsce parkingow,otodom,21-09-05-2025
https://www.otodom.pl/pl/oferta/klimatyczne-mieszkanie-we-wrzeszczu-ID4t9qS,Klimatyczne mieszkanie we Wrzeszczu,"ul. Bernarda Chrzanowskiego, Wrzeszcz Górny, Gdańsk, pomorskie",1 550 000 zł,<built-in method strip of str object at 0x7ff43013a1f0>,omości Informacje dodatkowe : ogródek garaż/miejsce parkingowe pom.,otodom,21-09-05-2025
https://www.otodom.pl/pl/oferta/bezposrednio-umeblowany-z-dzialajacym-biznesem-ID4sxUy,BEZPOŚREDNIO Umeblowany z działającym biznesem,"ul. Bolesława Chrobrego, Wrzeszcz Dolny, Gdańsk, pomorskie",769 999 zł,<built-in method strip of str object at 0x7ff43c58beb0>,ywatny Informacje dodatkowe : ogródek piwnica oddzielna kuchnia Bud,otodom,21-09-05-2025
https://www.otodom.pl/pl/oferta/wysoki-standard-z-pelnym-wyposazeniem-ID4rc9C,Wysoki Standard Z Pełnym Wyposażeniem !,"ul. Jaśkowa Dolina, Wrzeszcz Górny, Gdańsk, pomorskie",2 799 000 zł,<built-in method strip of str object at 0x7ff42e073c80>,Informacje dodatkowe : balkon ogródek taras garaż/miejsce parkingow,otodom,21-09-05-2025
https://www.otodom.pl/pl/oferta/wrzeszcz-taras-60m2-4m-sufity-ID4r3EJ,Wrzeszcz - Taras 60M2 - 4M Sufity,"ul. Joachima Lelewela, Wrzeszcz Dolny, Gdańsk, pomorskie",1 490 000 zł,<built-in method strip of str object at 0x7ff43397e930>,omości Informacje dodatkowe : ogródek taras garaż/miejsce parkingow,otodom,21-09-05-2025
https://www.otodom.pl/pl/oferta/90-7-m2-na-poddaszu-w-willi-przy-jaskowej-dolinie-ID4r1rj,"90,7 m2 na poddaszu, w willi przy Jaśkowej Dolinie","ul. Stanisława Pawłowskiego, Wrzeszcz Górny, Gdańsk, pomorskie",1 260 000 zł,<built-in method strip of str object at 0x7ff42f955d30>,omości Informacje dodatkowe : ogródek piwnica oddzielna kuchnia Bud,otodom,21-09-05-2025
https://www.otodom.pl/pl/oferta/4-pokoje-samym-w-centrum-gdansk-wrzeszcz-ID4qcvz,4 Pokoje Samym W Centrum Gdańsk Wrzeszcz,"ul. Tadeusza Kościuszki, Wrzeszcz Dolny, Gdańsk, pomorskie",989 000 zł,<built-in method strip of str object at 0x7ff42ef22030>,omości Informacje dodatkowe : ogródek garaż/miejsce parkingowe piwn,otodom,21-09-05-2025
https://www.otodom.pl/pl/oferta/unikalna-oferta-wysokie-sufity-kominek-antresola-ID4pp9K,unikalna oferta|wysokie sufity| kominek|antresola,"ul. Bolesława Chrobrego, Wrzeszcz Dolny, Gdańsk, pomorskie",1 190 000 zł,<built-in method strip of str object at 0x7ff4332855f0>,omości Informacje dodatkowe : ogródek piwnica oddzielna kuchnia Bud,otodom,21-09-05-2025
https://www.otodom.pl/pl/oferta/mieszkanie-w-starym-budownictwie-ID4pcLo,Mieszkanie w starym budownictwie,"ul. Czarna, Wrzeszcz Górny, Gdańsk, pomorskie",899 000 zł,<built-in method strip of str object at 0x7ff437f7fcd0>,omości Informacje dodatkowe : ogródek taras garaż/miejsce parkingow,otodom,21-09-05-2025
https://www.otodom.pl/pl/oferta/162-m2-1-lub-2-mieszkania-2-miejsca-w-cenie-ID4osoI,162 M2! 1 Lub 2 Mieszkania! 2 Miejsca W Cenie!,"ul. Jarowa, Wrzeszcz Górny, Gdańsk, pomorskie",2 349 000 zł,<built-in method strip of str object at 0x7ff42fb397a0>,Informacje dodatkowe : balkon ogródek garaż/miejsce parkingowe Budy,otodom,21-09-05-2025
https://www.otodom.pl/pl/oferta/jaskowa-dolina-w-otulinie-lasu-osiedle-premium-ID4vj4z,Jaśkowa Dolina | W otulinie lasu | Osiedle Premium,"ul. Jaśkowa Dolina, Wrzeszcz Górny, Gdańsk, pomorskie",2 000 000 zł,<built-in method strip of str object at 0x7f27b8c032b0>,omości Informacje dodatkowe : ogródek garaż/miejsce parkingowe pom.,otodom,21-09-05-2025
https://www.otodom.pl/pl/oferta/komfortowe-mieszkanie-w-centrum-wrzeszcza-ID4viyG,Komfortowe mieszkanie W Centrum Wrzeszcza!,"ul. Tadeusza Kościuszki, Wrzeszcz Dolny, Gdańsk, pomorskie",729 000 zł,<built-in method strip of str object at 0x7f27aff21b30>,omości Informacje dodatkowe : ogródek garaż/miejsce parkingowe piwn,otodom,21-09-05-2025
https://www.otodom.pl/pl/oferta/2-pokojowe-mieszkanie-z-ogrodkiem-gd-wrzeszcz-ID4vgJG,2 pokojowe mieszkanie z ogródkiem Gd. Wrzeszcz,"ul. Zawiszy Czarnego, Wrzeszcz Dolny, Gdańsk, pomorskie",500 000 zł,<built-in method strip of str object at 0x7f27ad8c88a0>,omości Informacje dodatkowe : ogródek piwnica Budynek i materiały R,otodom,21-09-05-2025
https://www.otodom.pl/pl/oferta/po-remoncie-3-pokoje-z-ogrodkiem-gdansk-wrzeszcz-ID4vg3k,Po remoncie-3 pokoje z ogródkiem-Gdańsk Wrzeszcz,"ul. Grażyny, Wrzeszcz Dolny, Gdańsk, pomorskie",995 000 zł,<built-in method strip of str object at 0x7f27a52ccb30>,omości Informacje dodatkowe : ogródek piwnica oddzielna kuchnia Bud,otodom,21-09-05-2025
https://www.otodom.pl/pl/oferta/2-pokoje-z-ogrodem-i-piwnica-ID4v6Pt,2 pokoje z ogrodem i piwnicą!,"ul. Sochaczewska, Wrzeszcz Dolny, Gdańsk, pomorskie",554 000 zł,<built-in method strip of str object at 0x7f27a248e2e0>,omości Informacje dodatkowe : ogródek piwnica Budynek i materiały R,otodom,21-09-05-2025
https://www.otodom.pl/pl/oferta/3-pokojowe-mieszkanie-67m2-2-ogrodki-ID4ulSO,3-pokojowe mieszkanie 67m2 + 2 ogródki,"ul. Jaśkowa Dolina 85, Wrzeszcz Górny, Gdańsk, pomorskie",917 114 zł,<built-in method strip of str object at 0x7f27a2d98530>, Informacje dodatkowe : taras ogródek garaż/miejsce parkingowe Budy,otodom,21-09-05-2025
https://www.otodom.pl/pl/oferta/apartament-3-pokoje-ogrod-wysoki-standard-skm-ID4v4f8,"Apartament 3 pokoje,ogród,wysoki standard, skm","ul. Jana Kilińskiego, Wrzeszcz Dolny, Gdańsk, pomorskie",1 490 000 zł,<built-in method strip of str object at 0x7f27a163a730>,"jęcia (6) Apartament 3 pokoje,ogród,wysoki standard, skm 1 490 00",otodom,21-09-05-2025
https://www.otodom.pl/pl/oferta/elegancki-apartament-w-starym-wrzeszczu-ID4v10F,Elegancki APARTAMENT w starym Wrzeszczu,"ul. Marii Konopnickiej, Wrzeszcz Górny, Gdańsk, pomorskie",2 040 000 zł,<built-in method strip of str object at 0x7f27a0f5dd90>,Informacje dodatkowe : balkon ogródek garaż/miejsce parkingowe piwn,otodom,21-09-05-2025
https://www.otodom.pl/hpr/pl/oferta/elegancki-apartament-w-starym-wrzeszczu-ID4v10F,Elegancki APARTAMENT w starym Wrzeszczu,"ul. Marii Konopnickiej, Wrzeszcz Górny, Gdańsk, pomorskie",2 040 000 zł,<built-in method strip of str object at 0x7f27a06821a0>,Informacje dodatkowe : balkon ogródek garaż/miejsce parkingowe piwn,otodom,21-09-05-2025
https://www.otodom.pl/pl/oferta/loft-z-antresola-ogrod-garnizon-wrzeszcz-ID4wKEx,"Loft z antresolą, ogród! Garnizon, Wrzeszcz!","Bolesława Leśmiana, Wrzeszcz Górny, Gdańsk, pomorskie",999 000 zł,<built-in method strip of str object at 0x7f279e71a230>,"djęcia (11) Loft z antresolą, ogród! Garnizon, Wrzeszcz! 999 000 ",otodom,21-09-05-2025
https://www.otodom.pl/pl/oferta/wrzeszcz-3-pok-mieszkanie-na-gotowym-osiedlu-ID4wJxc,Wrzeszcz - 3-pok. mieszkanie na GOTOWYM osiedlu!,"ul. Jaśkowa Dolina, Wrzeszcz Górny, Gdańsk, pomorskie",917 114 zł,<built-in method strip of str object at 0x7f2799f29930>,ywatny Informacje dodatkowe : ogródek Budynek i materiały Rok budow,otodom,21-09-05-2025
https://www.otodom.pl/pl/oferta/klimatyczne-mieszkanie-w-sercu-wrzeszcza-ID4wIxy,Klimatyczne Mieszkanie W Sercu Wrzeszcza,"ul. Do Studzienki, Wrzeszcz Górny, Gdańsk, pomorskie",599 000 zł,<built-in method strip of str object at 0x7f2796fac4f0>,omości Informacje dodatkowe : ogródek piwnica oddzielna kuchnia Bud,otodom,21-09-05-2025
https://www.otodom.pl/pl/oferta/kameralne-2-pokojowe-we-wrzeszczu-ID4wDWV,"Kameralne, 2 pokojowe, we Wrzeszczu","ul. Stefana Batorego, Wrzeszcz Górny, Gdańsk, pomorskie",685 000 zł,<built-in method strip of str object at 0x7f2795cb6bb0>,Informacje dodatkowe : balkon ogródek piwnica Budynek i materiały W,otodom,21-09-05-2025
https://www.otodom.pl/pl/oferta/stylowe-mieszkanie-ogrodek-mila-baltica-ID4wCpi,Stylowe mieszkanie | ogródek | Mila Baltica,"ul. Bolesława Chrobrego, Wrzeszcz Dolny, Gdańsk, pomorskie",1 290 000 zł,<built-in method strip of str object at 0x7f27953d1f70>,0) Video Stylowe mieszkanie | ogródek | Mila Baltica 1 290 000 zł 2,otodom,21-09-05-2025
https://www.otodom.pl/pl/oferta/gdansk-wrzeszcz-dolny-3-pokoje-na-parterze-ID4wnhc,"Gdańsk Wrzeszcz Dolny, 3 Pokoje Na Parterze","al. Legionów, Wrzeszcz Dolny, Gdańsk, pomorskie",749 000 zł,<built-in method strip of str object at 0x7f279dd49730>,omości Informacje dodatkowe : ogródek garaż/miejsce parkingowe piwn,otodom,21-09-05-2025
https://www.otodom.pl/hpr/pl/oferta/gdansk-wrzeszcz-dolny-3-pokoje-na-parterze-ID4wnhc,"Gdańsk Wrzeszcz Dolny, 3 Pokoje Na Parterze","al. Legionów, Wrzeszcz Dolny, Gdańsk, pomorskie",749 000 zł,<built-in method strip of str object at 0x7f27935faeb0>,omości Informacje dodatkowe : ogródek garaż/miejsce parkingowe piwn,otodom,21-09-05-2025
https://www.otodom.pl/pl/oferta/mieszkanie-w-centrum-wrzeszcza-ID4whai,Mieszkanie w centrum Wrzeszcza,"Wrzeszcz Dolny, Gdańsk, pomorskie",629 900 zł,<built-in method strip of str object at 0x7f278ee8d750>,omości Informacje dodatkowe : ogródek garaż/miejsce parkingowe piwn,otodom,21-09-05-2025
https://www.otodom.pl/pl/oferta/2-mieszkania-z-piwnicami-garazem-we-wrzeszczu-ID4w1zi,2 mieszkania z piwnicami garażem we Wrzeszczu!,"ul. Bolesława Prusa, Wrzeszcz Dolny, Gdańsk, pomorskie",1 270 000 zł,<built-in method strip of str object at 0x7f278d677960>,omości Informacje dodatkowe : ogródek garaż/miejsce parkingowe piwn,otodom,21-09-05-2025
https://www.otodom.pl/pl/oferta/4-pokojowe-mieszkanie-w-kamienicy-ID4uZ5T,4-pokojowe mieszkanie w Kamienicy,"Wrzeszcz Górny, Gdańsk, pomorskie",1 477 000 zł,<built-in method strip of str object at 0x7f27977f28b0>,omości Informacje dodatkowe : ogródek oddzielna kuchnia Budynek i m,otodom,21-09-05-2025
https://www.otodom.pl/pl/oferta/przestronne-2-pokoje-parking-centrum-wrzeszcza-ID4uRAv,Przestronne 2 pokoje - parking - Centrum Wrzeszcza,"Wrzeszcz Górny, Gdańsk, pomorskie",675 000 zł,<built-in method strip of str object at 0x7f27871da530>,omości Informacje dodatkowe : ogródek garaż/miejsce parkingowe piwn,otodom,21-09-05-2025
https://www.otodom.pl/pl/oferta/wyjatkowe-4-pokojowe-mieszkanie-we-wrzeszczu-ID4uMcI,Wyjątkowe 4-Pokojowe Mieszkanie We Wrzeszczu,"Aleja Grunwaldzka, Wrzeszcz Górny, Gdańsk, pomorskie",1 369 000 zł,<built-in method strip of str object at 0x7f2787937970>,omości Informacje dodatkowe : ogródek garaż/miejsce parkingowe piwn,otodom,21-09-05-2025
https://www.otodom.pl/hpr/pl/oferta/wyjatkowe-4-pokojowe-mieszkanie-we-wrzeszczu-ID4uMcI,Wyjątkowe 4-Pokojowe Mieszkanie We Wrzeszczu,"Aleja Grunwaldzka, Wrzeszcz Górny, Gdańsk, pomorskie",1 369 000 zł,<built-in method strip of str object at 0x7f2799863cb0>,omości Informacje dodatkowe : ogródek garaż/miejsce parkingowe piwn,otodom,21-09-05-2025
https://www.otodom.pl/pl/oferta/2pokoje-z-oddzielna-kuchnia-do-wprowadzenia-ID4uwVp,2Pokoje Z Oddzielną Kuchnią Do Wprowadzenia,"ul. Żywiecka, Wrzeszcz Dolny, Gdańsk, pomorskie",609 000 zł,<built-in method strip of str object at 0x7f27850cee20>,omości Informacje dodatkowe : ogródek garaż/miejsce parkingowe piwn,otodom,21-09-05-2025
https://www.otodom.pl/pl/oferta/gorny-wrzeszcz-nowe-budownictwo-mozliwe-4-pok-ID4ufIn,"Górny Wrzeszcz - nowe budownictwo, możliwe 4 pok.","ul. Marii Konopnickiej, Wrzeszcz Górny, Gdańsk, pomorskie",1 390 000 zł,<built-in method strip of str object at 0x7f277e216880>,Informacje dodatkowe : balkon ogródek garaż/miejsce parkingowe piwn,otodom,21-09-05-2025
https://www.otodom.pl/pl/oferta/mieszkanie-w-pieknej-historycznej-willi-ID4u8gx,Mieszkanie w pięknej historycznej willi,"ul. Jaśkowa Dolina, Wrzeszcz Górny, Gdańsk, pomorskie",999 999 zł,<built-in method strip of str object at 0x7f277a3d5c70>,omości Informacje dodatkowe : ogródek garaż/miejsce parkingowe piwn,otodom,21-09-05-2025
https://www.otodom.pl/pl/oferta/3-pokojowe-mieszkanie-67m2-2-ogrodki-ID4ulSO,3-pokojowe mieszkanie 67m2 + 2 ogródki,"ul. Jaśkowa Dolina 85, Wrzeszcz Górny, Gdańsk, pomorskie",917 114 zł,<built-in method strip of str object at 0x7f2782830210>, Informacje dodatkowe : taras ogródek garaż/miejsce parkingowe Budy,otodom,21-09-05-2025
https://www.otodom.pl/pl/oferta/ogrod-miejsce-naziemne-pracownia-kancelaria-ID4tO7D,Ogród | miejsce naziemne | pracownia/kancelaria,"ul. Juliusza Słowackiego, Wrzeszcz Górny, Gdańsk, pomorskie",579 000 zł,<built-in method strip of str object at 0x7f2781f1ac40>,Zapisz Wszystkie zdjęcia (10) Ogród | miejsce naziemne | pracowni,otodom,21-09-05-2025
https://www.otodom.pl/pl/oferta/dwupokojowe-mieszkanie-z-osobna-kuchnia-we-wrzesz-ID4tB89,Dwupokojowe mieszkanie z osobną kuchnią we Wrzesz.,"al. gen. Józefa Hallera, Wrzeszcz Dolny, Gdańsk, pomorskie",730 000 zł,<built-in method strip of str object at 0x7f2779e4eab0>,ywatny Informacje dodatkowe : ogródek piwnica oddzielna kuchnia Bud,otodom,21-09-05-2025
https://www.otodom.pl/pl/oferta/mieszkanie-z-ogrodem-w-kameralnej-okolicy-ID4tAcD,Mieszkanie Z Ogrodem W Kameralnej Okolicy,"ul. Podleśna, Wrzeszcz Górny, Gdańsk, pomorskie",890 000 zł,<built-in method strip of str object at 0x7f277dcc3730>,omości Informacje dodatkowe : ogródek piwnica Budynek i materiały R,otodom,21-09-05-2025
https://www.otodom.pl/pl/oferta/mieszkanie-z-ogrodem-w-nowym-budownictwie-ID4tiVj,Mieszkanie z ogrodem w nowym budownictwie,"ul. Jaśkowa Dolina, Wrzeszcz Górny, Gdańsk, pomorskie",1 149 000 zł,<built-in method strip of str object at 0x7f2776b57f50>,omości Informacje dodatkowe : ogródek taras garaż/miejsce parkingow,otodom,21-09-05-2025
https://www.otodom.pl/pl/oferta/klimatyczne-mieszkanie-we-wrzeszczu-ID4t9qS,Klimatyczne mieszkanie we Wrzeszczu,"ul. Bernarda Chrzanowskiego, Wrzeszcz Górny, Gdańsk, pomorskie",1 550 000 zł,<built-in method strip of str object at 0x7f27761e2740>,omości Informacje dodatkowe : ogródek garaż/miejsce parkingowe pom.,otodom,21-09-05-2025
https://www.otodom.pl/pl/oferta/bezposrednio-umeblowany-z-dzialajacym-biznesem-ID4sxUy,BEZPOŚREDNIO Umeblowany z działającym biznesem,"ul. Bolesława Chrobrego, Wrzeszcz Dolny, Gdańsk, pomorskie",769 999 zł,<built-in method strip of str object at 0x7f277a14bcf0>,ywatny Informacje dodatkowe : ogródek piwnica oddzielna kuchnia Bud,otodom,21-09-05-2025
https://www.otodom.pl/pl/oferta/wysoki-standard-z-pelnym-wyposazeniem-ID4rc9C,Wysoki Standard Z Pełnym Wyposażeniem !,"ul. Jaśkowa Dolina, Wrzeszcz Górny, Gdańsk, pomorskie",2 799 000 zł,<built-in method strip of str object at 0x7f277ff01520>,Informacje dodatkowe : balkon ogródek taras garaż/miejsce parkingow,otodom,21-09-05-2025
https://www.otodom.pl/pl/oferta/wrzeszcz-taras-60m2-4m-sufity-ID4r3EJ,Wrzeszcz - Taras 60M2 - 4M Sufity,"ul. Joachima Lelewela, Wrzeszcz Dolny, Gdańsk, pomorskie",1 490 000 zł,<built-in method strip of str object at 0x7f27760f3ab0>,omości Informacje dodatkowe : ogródek taras garaż/miejsce parkingow,otodom,21-09-05-2025
https://www.otodom.pl/pl/oferta/90-7-m2-na-poddaszu-w-willi-przy-jaskowej-dolinie-ID4r1rj,"90,7 m2 na poddaszu, w willi przy Jaśkowej Dolinie","ul. Stanisława Pawłowskiego, Wrzeszcz Górny, Gdańsk, pomorskie",1 260 000 zł,<built-in method strip of str object at 0x7f2778d3c430>,omości Informacje dodatkowe : ogródek piwnica oddzielna kuchnia Bud,otodom,21-09-05-2025
https://www.otodom.pl/pl/oferta/4-pokoje-samym-w-centrum-gdansk-wrzeszcz-ID4qcvz,4 Pokoje Samym W Centrum Gdańsk Wrzeszcz,"ul. Tadeusza Kościuszki, Wrzeszcz Dolny, Gdańsk, pomorskie",989 000 zł,<built-in method strip of str object at 0x7f277e651030>,omości Informacje dodatkowe : ogródek garaż/miejsce parkingowe piwn,otodom,21-09-05-2025
https://www.otodom.pl/pl/oferta/unikalna-oferta-wysokie-sufity-kominek-antresola-ID4pp9K,unikalna oferta|wysokie sufity| kominek|antresola,"ul. Bolesława Chrobrego, Wrzeszcz Dolny, Gdańsk, pomorskie",1 190 000 zł,<built-in method strip of str object at 0x7f277955ce70>,omości Informacje dodatkowe : ogródek piwnica oddzielna kuchnia Bud,otodom,21-09-05-2025
https://www.otodom.pl/pl/oferta/mieszkanie-w-starym-budownictwie-ID4pcLo,Mieszkanie w starym budownictwie,"ul. Czarna, Wrzeszcz Górny, Gdańsk, pomorskie",899 000 zł,<built-in method strip of str object at 0x7f277995ea60>,omości Informacje dodatkowe : ogródek taras garaż/miejsce parkingow,otodom,21-09-05-2025
https://www.otodom.pl/pl/oferta/162-m2-1-lub-2-mieszkania-2-miejsca-w-cenie-ID4osoI,162 M2! 1 Lub 2 Mieszkania! 2 Miejsca W Cenie!,"ul. Jarowa, Wrzeszcz Górny, Gdańsk, pomorskie",2 349 000 zł,<built-in method strip of str object at 0x7f277825cd00>,Informacje dodatkowe : balkon ogródek garaż/miejsce parkingowe Budy,otodom,21-09-05-2025
https://www.otodom.pl/pl/oferta/jaskowa-dolina-w-otulinie-lasu-osiedle-premium-ID4vj4z,Jaśkowa Dolina | W otulinie lasu | Osiedle Premium,"ul. Jaśkowa Dolina, Wrzeszcz Górny, Gdańsk, pomorskie",2 000 000 zł,<built-in method strip of str object at 0x7fba690afdb0>,omości Informacje dodatkowe : ogródek garaż/miejsce parkingowe pom.,otodom,22-09-05-2025
https://www.otodom.pl/pl/oferta/komfortowe-mieszkanie-w-centrum-wrzeszcza-ID4viyG,Komfortowe mieszkanie W Centrum Wrzeszcza!,"ul. Tadeusza Kościuszki, Wrzeszcz Dolny, Gdańsk, pomorskie",729 000 zł,<built-in method strip of str object at 0x7fba6b8bca70>,omości Informacje dodatkowe : ogródek garaż/miejsce parkingowe piwn,otodom,22-09-05-2025
https://www.otodom.pl/pl/oferta/2-pokojowe-mieszkanie-z-ogrodkiem-gd-wrzeszcz-ID4vgJG,2 pokojowe mieszkanie z ogródkiem Gd. Wrzeszcz,"ul. Zawiszy Czarnego, Wrzeszcz Dolny, Gdańsk, pomorskie",500 000 zł,<built-in method strip of str object at 0x7fba61ba3c80>,omości Informacje dodatkowe : ogródek piwnica Budynek i materiały R,otodom,22-09-05-2025
https://www.otodom.pl/pl/oferta/po-remoncie-3-pokoje-z-ogrodkiem-gdansk-wrzeszcz-ID4vg3k,Po remoncie-3 pokoje z ogródkiem-Gdańsk Wrzeszcz,"ul. Grażyny, Wrzeszcz Dolny, Gdańsk, pomorskie",995 000 zł,<built-in method strip of str object at 0x7fba686ceaf0>,omości Informacje dodatkowe : ogródek piwnica oddzielna kuchnia Bud,otodom,22-09-05-2025
https://www.otodom.pl/pl/oferta/3-pokojowe-mieszkanie-67m2-2-ogrodki-ID4ulSO,3-pokojowe mieszkanie 67m2 + 2 ogródki,"ul. Jaśkowa Dolina 85, Wrzeszcz Górny, Gdańsk, pomorskie",917 114 zł,<built-in method strip of str object at 0x7fba5f007b90>, Informacje dodatkowe : taras ogródek garaż/miejsce parkingowe Budy,otodom,22-09-05-2025
https://www.otodom.pl/pl/oferta/3-pokojowe-mieszkanie-67m2-2-ogrodki-ID4ulSO,3-pokojowe mieszkanie 67m2 + 2 ogródki,"ul. Jaśkowa Dolina 85, Wrzeszcz Górny, Gdańsk, pomorskie",917 114 zł,<built-in method strip of str object at 0x7fba5fa651b0>, Informacje dodatkowe : taras ogródek garaż/miejsce parkingowe Budy,otodom,22-09-05-2025
https://www.otodom.pl/pl/oferta/2-pokoje-z-ogrodem-i-piwnica-ID4v6Pt,2 pokoje z ogrodem i piwnicą!,"ul. Sochaczewska, Wrzeszcz Dolny, Gdańsk, pomorskie",554 000 zł,<built-in method strip of str object at 0x7fba5cca30a0>,omości Informacje dodatkowe : ogródek piwnica Budynek i materiały R,otodom,22-09-05-2025
https://www.otodom.pl/pl/oferta/apartament-3-pokoje-ogrod-wysoki-standard-skm-ID4v4f8,"Apartament 3 pokoje,ogród,wysoki standard, skm","ul. Jana Kilińskiego, Wrzeszcz Dolny, Gdańsk, pomorskie",1 490 000 zł,<built-in method strip of str object at 0x7fba60009f30>,"jęcia (6) Apartament 3 pokoje,ogród,wysoki standard, skm 1 490 00",otodom,22-09-05-2025
https://www.otodom.pl/pl/oferta/elegancki-apartament-w-starym-wrzeszczu-ID4v10F,Elegancki APARTAMENT w starym Wrzeszczu,"ul. Marii Konopnickiej, Wrzeszcz Górny, Gdańsk, pomorskie",2 040 000 zł,<built-in method strip of str object at 0x7fba55ce4530>,Informacje dodatkowe : balkon ogródek garaż/miejsce parkingowe piwn,otodom,22-09-05-2025
https://www.otodom.pl/pl/oferta/loft-z-antresola-ogrod-garnizon-wrzeszcz-ID4wKEx,"Loft z antresolą, ogród! Garnizon, Wrzeszcz!","Bolesława Leśmiana, Wrzeszcz Górny, Gdańsk, pomorskie",999 000 zł,<built-in method strip of str object at 0x7fba4ec10e30>,"djęcia (11) Loft z antresolą, ogród! Garnizon, Wrzeszcz! 999 000 ",otodom,22-09-05-2025
https://www.otodom.pl/pl/oferta/wrzeszcz-3-pok-mieszkanie-na-gotowym-osiedlu-ID4wJxc,Wrzeszcz - 3-pok. mieszkanie na GOTOWYM osiedlu!,"ul. Jaśkowa Dolina, Wrzeszcz Górny, Gdańsk, pomorskie",917 114 zł,<built-in method strip of str object at 0x7fba5087e3d0>,ywatny Informacje dodatkowe : ogródek Budynek i materiały Rok budow,otodom,22-09-05-2025
https://www.otodom.pl/pl/oferta/klimatyczne-mieszkanie-w-sercu-wrzeszcza-ID4wIxy,Klimatyczne Mieszkanie W Sercu Wrzeszcza,"ul. Do Studzienki, Wrzeszcz Górny, Gdańsk, pomorskie",599 000 zł,<built-in method strip of str object at 0x7fba4ee1a1f0>,omości Informacje dodatkowe : ogródek piwnica oddzielna kuchnia Bud,otodom,22-09-05-2025
https://www.otodom.pl/pl/oferta/kameralne-2-pokojowe-we-wrzeszczu-ID4wDWV,"Kameralne, 2 pokojowe, we Wrzeszczu","ul. Stefana Batorego, Wrzeszcz Górny, Gdańsk, pomorskie",685 000 zł,<built-in method strip of str object at 0x7fba4cef5470>,Informacje dodatkowe : balkon ogródek piwnica Budynek i materiały W,otodom,22-09-05-2025
https://www.otodom.pl/pl/oferta/stylowe-mieszkanie-ogrodek-mila-baltica-ID4wCpi,Stylowe mieszkanie | ogródek | Mila Baltica,"ul. Bolesława Chrobrego, Wrzeszcz Dolny, Gdańsk, pomorskie",1 290 000 zł,<built-in method strip of str object at 0x7fba4e72ed30>,0) Video Stylowe mieszkanie | ogródek | Mila Baltica 1 290 000 zł 2,otodom,22-09-05-2025
https://www.otodom.pl/pl/oferta/gdansk-wrzeszcz-dolny-3-pokoje-na-parterze-ID4wnhc,"Gdańsk Wrzeszcz Dolny, 3 Pokoje Na Parterze","al. Legionów, Wrzeszcz Dolny, Gdańsk, pomorskie",749 000 zł,<built-in method strip of str object at 0x7fba4ac7fdf0>,omości Informacje dodatkowe : ogródek garaż/miejsce parkingowe piwn,otodom,22-09-05-2025
https://www.otodom.pl/pl/oferta/mieszkanie-w-centrum-wrzeszcza-ID4whai,Mieszkanie w centrum Wrzeszcza,"Wrzeszcz Dolny, Gdańsk, pomorskie",629 900 zł,<built-in method strip of str object at 0x7fba45fcf780>,omości Informacje dodatkowe : ogródek garaż/miejsce parkingowe piwn,otodom,22-09-05-2025
https://www.otodom.pl/pl/oferta/2-mieszkania-z-piwnicami-garazem-we-wrzeszczu-ID4w1zi,2 mieszkania z piwnicami garażem we Wrzeszczu!,"ul. Bolesława Prusa, Wrzeszcz Dolny, Gdańsk, pomorskie",1 270 000 zł,<built-in method strip of str object at 0x7fba3edf5250>,omości Informacje dodatkowe : ogródek garaż/miejsce parkingowe piwn,otodom,22-09-05-2025
https://www.otodom.pl/pl/oferta/4-pokojowe-mieszkanie-w-kamienicy-ID4uZ5T,4-pokojowe mieszkanie w Kamienicy,"Wrzeszcz Górny, Gdańsk, pomorskie",1 477 000 zł,<built-in method strip of str object at 0x7fba3d0198f0>,omości Informacje dodatkowe : ogródek oddzielna kuchnia Budynek i m,otodom,22-09-05-2025
https://www.otodom.pl/hpr/pl/oferta/4-pokojowe-mieszkanie-w-kamienicy-ID4uZ5T,4-pokojowe mieszkanie w Kamienicy,"Wrzeszcz Górny, Gdańsk, pomorskie",1 477 000 zł,<built-in method strip of str object at 0x7fba3cbb5f70>,omości Informacje dodatkowe : ogródek oddzielna kuchnia Budynek i m,otodom,22-09-05-2025
https://www.otodom.pl/pl/oferta/przestronne-2-pokoje-parking-centrum-wrzeszcza-ID4uRAv,Przestronne 2 pokoje - parking - Centrum Wrzeszcza,"Wrzeszcz Górny, Gdańsk, pomorskie",675 000 zł,<built-in method strip of str object at 0x7fba4a4bb770>,omości Informacje dodatkowe : ogródek garaż/miejsce parkingowe piwn,otodom,22-09-05-2025
https://www.otodom.pl/pl/oferta/wyjatkowe-4-pokojowe-mieszkanie-we-wrzeszczu-ID4uMcI,Wyjątkowe 4-Pokojowe Mieszkanie We Wrzeszczu,"Aleja Grunwaldzka, Wrzeszcz Górny, Gdańsk, pomorskie",1 369 000 zł,<built-in method strip of str object at 0x7fba3f7ed6f0>,omości Informacje dodatkowe : ogródek garaż/miejsce parkingowe piwn,otodom,22-09-05-2025
https://www.otodom.pl/pl/oferta/2pokoje-z-oddzielna-kuchnia-do-wprowadzenia-ID4uwVp,2Pokoje Z Oddzielną Kuchnią Do Wprowadzenia,"ul. Żywiecka, Wrzeszcz Dolny, Gdańsk, pomorskie",609 000 zł,<built-in method strip of str object at 0x7fba4b4a6ec0>,omości Informacje dodatkowe : ogródek garaż/miejsce parkingowe piwn,otodom,22-09-05-2025
https://www.otodom.pl/pl/oferta/3-pokojowe-mieszkanie-67m2-2-ogrodki-ID4ulSO,3-pokojowe mieszkanie 67m2 + 2 ogródki,"ul. Jaśkowa Dolina 85, Wrzeszcz Górny, Gdańsk, pomorskie",917 114 zł,<built-in method strip of str object at 0x7fba3df13d20>, Informacje dodatkowe : taras ogródek garaż/miejsce parkingowe Budy,otodom,22-09-05-2025
https://www.otodom.pl/pl/oferta/gorny-wrzeszcz-nowe-budownictwo-mozliwe-4-pok-ID4ufIn,"Górny Wrzeszcz - nowe budownictwo, możliwe 4 pok.","ul. Marii Konopnickiej, Wrzeszcz Górny, Gdańsk, pomorskie",1 390 000 zł,<built-in method strip of str object at 0x7fba3e0882b0>,Informacje dodatkowe : balkon ogródek garaż/miejsce parkingowe piwn,otodom,22-09-05-2025
https://www.otodom.pl/pl/oferta/mieszkanie-w-pieknej-historycznej-willi-ID4u8gx,Mieszkanie w pięknej historycznej willi,"ul. Jaśkowa Dolina, Wrzeszcz Górny, Gdańsk, pomorskie",999 999 zł,<built-in method strip of str object at 0x7fba364ac8b0>,omości Informacje dodatkowe : ogródek garaż/miejsce parkingowe piwn,otodom,22-09-05-2025
https://www.otodom.pl/pl/oferta/ogrod-miejsce-naziemne-pracownia-kancelaria-ID4tO7D,Ogród | miejsce naziemne | pracownia/kancelaria,"ul. Juliusza Słowackiego, Wrzeszcz Górny, Gdańsk, pomorskie",579 000 zł,<built-in method strip of str object at 0x7fba2f8dff00>,Zapisz Wszystkie zdjęcia (10) Ogród | miejsce naziemne | pracowni,otodom,22-09-05-2025
https://www.otodom.pl/pl/oferta/dwupokojowe-mieszkanie-z-osobna-kuchnia-we-wrzesz-ID4tB89,Dwupokojowe mieszkanie z osobną kuchnią we Wrzesz.,"al. gen. Józefa Hallera, Wrzeszcz Dolny, Gdańsk, pomorskie",730 000 zł,<built-in method strip of str object at 0x7fba2d270af0>,ywatny Informacje dodatkowe : ogródek piwnica oddzielna kuchnia Bud,otodom,22-09-05-2025
https://www.otodom.pl/pl/oferta/mieszkanie-z-ogrodem-w-kameralnej-okolicy-ID4tAcD,Mieszkanie Z Ogrodem W Kameralnej Okolicy,"ul. Podleśna, Wrzeszcz Górny, Gdańsk, pomorskie",890 000 zł,<built-in method strip of str object at 0x7fba2d00bd70>,omości Informacje dodatkowe : ogródek piwnica Budynek i materiały R,otodom,22-09-05-2025
https://www.otodom.pl/hpr/pl/oferta/dwupokojowe-mieszkanie-z-osobna-kuchnia-we-wrzesz-ID4tB89,Dwupokojowe mieszkanie z osobną kuchnią we Wrzesz.,"al. gen. Józefa Hallera, Wrzeszcz Dolny, Gdańsk, pomorskie",730 000 zł,<built-in method strip of str object at 0x7fba2d3fa930>,ywatny Informacje dodatkowe : ogródek piwnica oddzielna kuchnia Bud,otodom,22-09-05-2025
https://www.otodom.pl/pl/oferta/mieszkanie-z-ogrodem-w-nowym-budownictwie-ID4tiVj,Mieszkanie z ogrodem w nowym budownictwie,"ul. Jaśkowa Dolina, Wrzeszcz Górny, Gdańsk, pomorskie",1 149 000 zł,<built-in method strip of str object at 0x7fba2b776fb0>,omości Informacje dodatkowe : ogródek taras garaż/miejsce parkingow,otodom,22-09-05-2025
https://www.otodom.pl/pl/oferta/klimatyczne-mieszkanie-we-wrzeszczu-ID4t9qS,Klimatyczne mieszkanie we Wrzeszczu,"ul. Bernarda Chrzanowskiego, Wrzeszcz Górny, Gdańsk, pomorskie",1 550 000 zł,<built-in method strip of str object at 0x7fba37c0e330>,omości Informacje dodatkowe : ogródek garaż/miejsce parkingowe pom.,otodom,22-09-05-2025
https://www.otodom.pl/pl/oferta/bezposrednio-umeblowany-z-dzialajacym-biznesem-ID4sxUy,BEZPOŚREDNIO Umeblowany z działającym biznesem,"ul. Bolesława Chrobrego, Wrzeszcz Dolny, Gdańsk, pomorskie",769 999 zł,<built-in method strip of str object at 0x7fba2c291370>,ywatny Informacje dodatkowe : ogródek piwnica oddzielna kuchnia Bud,otodom,22-09-05-2025
https://www.otodom.pl/pl/oferta/wysoki-standard-z-pelnym-wyposazeniem-ID4rc9C,Wysoki Standard Z Pełnym Wyposażeniem !,"ul. Jaśkowa Dolina, Wrzeszcz Górny, Gdańsk, pomorskie",2 799 000 zł,<built-in method strip of str object at 0x7fba349312a0>,Informacje dodatkowe : balkon ogródek taras garaż/miejsce parkingow,otodom,22-09-05-2025
https://www.otodom.pl/pl/oferta/wrzeszcz-taras-60m2-4m-sufity-ID4r3EJ,Wrzeszcz - Taras 60M2 - 4M Sufity,"ul. Joachima Lelewela, Wrzeszcz Dolny, Gdańsk, pomorskie",1 490 000 zł,<built-in method strip of str object at 0x7fba34611530>,omości Informacje dodatkowe : ogródek taras garaż/miejsce parkingow,otodom,22-09-05-2025
https://www.otodom.pl/pl/oferta/90-7-m2-na-poddaszu-w-willi-przy-jaskowej-dolinie-ID4r1rj,"90,7 m2 na poddaszu, w willi przy Jaśkowej Dolinie","ul. Stanisława Pawłowskiego, Wrzeszcz Górny, Gdańsk, pomorskie",1 260 000 zł,<built-in method strip of str object at 0x7fba334cacf0>,omości Informacje dodatkowe : ogródek piwnica oddzielna kuchnia Bud,otodom,22-09-05-2025
https://www.otodom.pl/pl/oferta/4-pokoje-samym-w-centrum-gdansk-wrzeszcz-ID4qcvz,4 Pokoje Samym W Centrum Gdańsk Wrzeszcz,"ul. Tadeusza Kościuszki, Wrzeszcz Dolny, Gdańsk, pomorskie",989 000 zł,<built-in method strip of str object at 0x7fba34a2b330>,omości Informacje dodatkowe : ogródek garaż/miejsce parkingowe piwn,otodom,22-09-05-2025
https://www.otodom.pl/pl/oferta/unikalna-oferta-wysokie-sufity-kominek-antresola-ID4pp9K,unikalna oferta|wysokie sufity| kominek|antresola,"ul. Bolesława Chrobrego, Wrzeszcz Dolny, Gdańsk, pomorskie",1 190 000 zł,<built-in method strip of str object at 0x7fba2ebda530>,omości Informacje dodatkowe : ogródek piwnica oddzielna kuchnia Bud,otodom,22-09-05-2025
https://www.otodom.pl/pl/oferta/mieszkanie-w-starym-budownictwie-ID4pcLo,Mieszkanie w starym budownictwie,"ul. Czarna, Wrzeszcz Górny, Gdańsk, pomorskie",899 000 zł,<built-in method strip of str object at 0x7fba2e6992f0>,omości Informacje dodatkowe : ogródek taras garaż/miejsce parkingow,otodom,22-09-05-2025
https://www.otodom.pl/pl/oferta/162-m2-1-lub-2-mieszkania-2-miejsca-w-cenie-ID4osoI,162 M2! 1 Lub 2 Mieszkania! 2 Miejsca W Cenie!,"ul. Jarowa, Wrzeszcz Górny, Gdańsk, pomorskie",2 349 000 zł,<built-in method strip of str object at 0x7fba2d7094d0>,Informacje dodatkowe : balkon ogródek garaż/miejsce parkingowe Budy,otodom,22-09-05-2025
https://www.otodom.pl/pl/oferta/3-pokojowe-mieszkanie-67m2-2-ogrodki-ID4ulSO,3-pokojowe mieszkanie 67m2 + 2 ogródki,"ul. Jaśkowa Dolina 85, Wrzeszcz Górny, Gdańsk, pomorskie",917 114 zł,<built-in method strip of str object at 0x7f0ecc498800>, Informacje dodatkowe : taras ogródek garaż/miejsce parkingowe Budy,otodom,23-09-05-2025
https://www.otodom.pl/pl/oferta/jaskowa-dolina-w-otulinie-lasu-osiedle-premium-ID4vj4z,Jaśkowa Dolina | W otulinie lasu | Osiedle Premium,"ul. Jaśkowa Dolina, Wrzeszcz Górny, Gdańsk, pomorskie",2 000 000 zł,<built-in method strip of str object at 0x7f0ec5c2f3b0>,omości Informacje dodatkowe : ogródek garaż/miejsce parkingowe pom.,otodom,23-09-05-2025
https://www.otodom.pl/pl/oferta/komfortowe-mieszkanie-w-centrum-wrzeszcza-ID4viyG,Komfortowe mieszkanie W Centrum Wrzeszcza!,"ul. Tadeusza Kościuszki, Wrzeszcz Dolny, Gdańsk, pomorskie",729 000 zł,<built-in method strip of str object at 0x7f0ecdd98ab0>,omości Informacje dodatkowe : ogródek garaż/miejsce parkingowe piwn,otodom,23-09-05-2025
https://www.otodom.pl/pl/oferta/2-pokojowe-mieszkanie-z-ogrodkiem-gd-wrzeszcz-ID4vgJG,2 pokojowe mieszkanie z ogródkiem Gd. Wrzeszcz,"ul. Zawiszy Czarnego, Wrzeszcz Dolny, Gdańsk, pomorskie",500 000 zł,<built-in method strip of str object at 0x7f0ecd788e90>,omości Informacje dodatkowe : ogródek piwnica Budynek i materiały R,otodom,23-09-05-2025
https://www.otodom.pl/pl/oferta/po-remoncie-3-pokoje-z-ogrodkiem-gdansk-wrzeszcz-ID4vg3k,Po remoncie-3 pokoje z ogródkiem-Gdańsk Wrzeszcz,"ul. Grażyny, Wrzeszcz Dolny, Gdańsk, pomorskie",995 000 zł,<built-in method strip of str object at 0x7f0ec452f030>,omości Informacje dodatkowe : ogródek piwnica oddzielna kuchnia Bud,otodom,23-09-05-2025
https://www.otodom.pl/pl/oferta/2-pokoje-z-ogrodem-i-piwnica-ID4v6Pt,2 pokoje z ogrodem i piwnicą!,"ul. Sochaczewska, Wrzeszcz Dolny, Gdańsk, pomorskie",554 000 zł,<built-in method strip of str object at 0x7f0ece9321f0>,omości Informacje dodatkowe : ogródek piwnica Budynek i materiały R,otodom,23-09-05-2025
https://www.otodom.pl/pl/oferta/apartament-3-pokoje-ogrod-wysoki-standard-skm-ID4v4f8,"Apartament 3 pokoje,ogród,wysoki standard, skm","ul. Jana Kilińskiego, Wrzeszcz Dolny, Gdańsk, pomorskie",1 490 000 zł,<built-in method strip of str object at 0x7f0ebfc1ef30>,"jęcia (6) Apartament 3 pokoje,ogród,wysoki standard, skm 1 490 00",otodom,23-09-05-2025
https://www.otodom.pl/pl/oferta/elegancki-apartament-w-starym-wrzeszczu-ID4v10F,Elegancki APARTAMENT w starym Wrzeszczu,"ul. Marii Konopnickiej, Wrzeszcz Górny, Gdańsk, pomorskie",2 040 000 zł,<built-in method strip of str object at 0x7f0ec2dab4b0>,Informacje dodatkowe : balkon ogródek garaż/miejsce parkingowe piwn,otodom,23-09-05-2025
https://www.otodom.pl/hpr/pl/oferta/elegancki-apartament-w-starym-wrzeszczu-ID4v10F,Elegancki APARTAMENT w starym Wrzeszczu,"ul. Marii Konopnickiej, Wrzeszcz Górny, Gdańsk, pomorskie",2 040 000 zł,<built-in method strip of str object at 0x7f0ebf1e84e0>,Informacje dodatkowe : balkon ogródek garaż/miejsce parkingowe piwn,otodom,23-09-05-2025
https://www.otodom.pl/pl/oferta/3-pokojowe-mieszkanie-67m2-2-ogrodki-ID4ulSO,3-pokojowe mieszkanie 67m2 + 2 ogródki,"ul. Jaśkowa Dolina 85, Wrzeszcz Górny, Gdańsk, pomorskie",917 114 zł,<built-in method strip of str object at 0x7f0eb72f9f70>, Informacje dodatkowe : taras ogródek garaż/miejsce parkingowe Budy,otodom,23-09-05-2025
https://www.otodom.pl/pl/oferta/loft-z-antresola-ogrod-garnizon-wrzeszcz-ID4wKEx,"Loft z antresolą, ogród! Garnizon, Wrzeszcz!","Bolesława Leśmiana, Wrzeszcz Górny, Gdańsk, pomorskie",999 000 zł,<built-in method strip of str object at 0x7f0eba30ef30>,"djęcia (11) Loft z antresolą, ogród! Garnizon, Wrzeszcz! 999 000 ",otodom,23-09-05-2025
https://www.otodom.pl/pl/oferta/wrzeszcz-3-pok-mieszkanie-na-gotowym-osiedlu-ID4wJxc,Wrzeszcz - 3-pok. mieszkanie na GOTOWYM osiedlu!,"ul. Jaśkowa Dolina, Wrzeszcz Górny, Gdańsk, pomorskie",917 114 zł,<built-in method strip of str object at 0x7f0eb46ed2f0>,ywatny Informacje dodatkowe : ogródek Budynek i materiały Rok budow,otodom,23-09-05-2025
https://www.otodom.pl/pl/oferta/klimatyczne-mieszkanie-w-sercu-wrzeszcza-ID4wIxy,Klimatyczne Mieszkanie W Sercu Wrzeszcza,"ul. Do Studzienki, Wrzeszcz Górny, Gdańsk, pomorskie",599 000 zł,<built-in method strip of str object at 0x7f0eb26153f0>,omości Informacje dodatkowe : ogródek piwnica oddzielna kuchnia Bud,otodom,23-09-05-2025
https://www.otodom.pl/pl/oferta/kameralne-2-pokojowe-we-wrzeszczu-ID4wDWV,"Kameralne, 2 pokojowe, we Wrzeszczu","ul. Stefana Batorego, Wrzeszcz Górny, Gdańsk, pomorskie",685 000 zł,<built-in method strip of str object at 0x7f0eb79314f0>,Informacje dodatkowe : balkon ogródek piwnica Budynek i materiały W,otodom,23-09-05-2025
https://www.otodom.pl/pl/oferta/stylowe-mieszkanie-ogrodek-mila-baltica-ID4wCpi,Stylowe mieszkanie | ogródek | Mila Baltica,"ul. Bolesława Chrobrego, Wrzeszcz Dolny, Gdańsk, pomorskie",1 290 000 zł,<built-in method strip of str object at 0x7f0eb3bdde30>,0) Video Stylowe mieszkanie | ogródek | Mila Baltica 1 290 000 zł 2,otodom,23-09-05-2025
https://www.otodom.pl/pl/oferta/gdansk-wrzeszcz-dolny-3-pokoje-na-parterze-ID4wnhc,"Gdańsk Wrzeszcz Dolny, 3 Pokoje Na Parterze","al. Legionów, Wrzeszcz Dolny, Gdańsk, pomorskie",749 000 zł,<built-in method strip of str object at 0x7f0ebddc63f0>,omości Informacje dodatkowe : ogródek garaż/miejsce parkingowe piwn,otodom,23-09-05-2025
https://www.otodom.pl/pl/oferta/mieszkanie-w-centrum-wrzeszcza-ID4whai,Mieszkanie w centrum Wrzeszcza,"Wrzeszcz Dolny, Gdańsk, pomorskie",629 900 zł,<built-in method strip of str object at 0x7f0eab3f1700>,omości Informacje dodatkowe : ogródek garaż/miejsce parkingowe piwn,otodom,23-09-05-2025
https://www.otodom.pl/pl/oferta/2-mieszkania-z-piwnicami-garazem-we-wrzeszczu-ID4w1zi,2 mieszkania z piwnicami garażem we Wrzeszczu!,"ul. Bolesława Prusa, Wrzeszcz Dolny, Gdańsk, pomorskie",1 270 000 zł,<built-in method strip of str object at 0x7f0ea819cda0>,omości Informacje dodatkowe : ogródek garaż/miejsce parkingowe piwn,otodom,23-09-05-2025
https://www.otodom.pl/pl/oferta/4-pokojowe-mieszkanie-w-kamienicy-ID4uZ5T,4-pokojowe mieszkanie w Kamienicy,"Wrzeszcz Górny, Gdańsk, pomorskie",1 477 000 zł,<built-in method strip of str object at 0x7f0ea2ab28b0>,omości Informacje dodatkowe : ogródek oddzielna kuchnia Budynek i m,otodom,23-09-05-2025
https://www.otodom.pl/pl/oferta/przestronne-2-pokoje-parking-centrum-wrzeszcza-ID4uRAv,Przestronne 2 pokoje - parking - Centrum Wrzeszcza,"Wrzeszcz Górny, Gdańsk, pomorskie",675 000 zł,<built-in method strip of str object at 0x7f0eb053f330>,omości Informacje dodatkowe : ogródek garaż/miejsce parkingowe piwn,otodom,23-09-05-2025
https://www.otodom.pl/pl/oferta/wyjatkowe-4-pokojowe-mieszkanie-we-wrzeszczu-ID4uMcI,Wyjątkowe 4-Pokojowe Mieszkanie We Wrzeszczu,"Aleja Grunwaldzka, Wrzeszcz Górny, Gdańsk, pomorskie",1 369 000 zł,<built-in method strip of str object at 0x7f0ea1be2630>,omości Informacje dodatkowe : ogródek garaż/miejsce parkingowe piwn,otodom,23-09-05-2025
https://www.otodom.pl/pl/oferta/3-pokojowe-mieszkanie-67m2-2-ogrodki-ID4ulSO,3-pokojowe mieszkanie 67m2 + 2 ogródki,"ul. Jaśkowa Dolina 85, Wrzeszcz Górny, Gdańsk, pomorskie",917 114 zł,<built-in method strip of str object at 0x7f0eac129b10>, Informacje dodatkowe : taras ogródek garaż/miejsce parkingowe Budy,otodom,23-09-05-2025
https://www.otodom.pl/pl/oferta/3-pokojowe-mieszkanie-67m2-2-ogrodki-ID4ulSO,3-pokojowe mieszkanie 67m2 + 2 ogródki,"ul. Jaśkowa Dolina 85, Wrzeszcz Górny, Gdańsk, pomorskie",917 114 zł,<built-in method strip of str object at 0x7f0e9dc22560>, Informacje dodatkowe : taras ogródek garaż/miejsce parkingowe Budy,otodom,23-09-05-2025
https://www.otodom.pl/pl/oferta/2pokoje-z-oddzielna-kuchnia-do-wprowadzenia-ID4uwVp,2Pokoje Z Oddzielną Kuchnią Do Wprowadzenia,"ul. Żywiecka, Wrzeszcz Dolny, Gdańsk, pomorskie",609 000 zł,<built-in method strip of str object at 0x7f0ea128cd50>,omości Informacje dodatkowe : ogródek garaż/miejsce parkingowe piwn,otodom,23-09-05-2025
https://www.otodom.pl/pl/oferta/gorny-wrzeszcz-nowe-budownictwo-mozliwe-4-pok-ID4ufIn,"Górny Wrzeszcz - nowe budownictwo, możliwe 4 pok.","ul. Marii Konopnickiej, Wrzeszcz Górny, Gdańsk, pomorskie",1 390 000 zł,<built-in method strip of str object at 0x7f0e9bf173c0>,Informacje dodatkowe : balkon ogródek garaż/miejsce parkingowe piwn,otodom,23-09-05-2025
https://www.otodom.pl/hpr/pl/oferta/gorny-wrzeszcz-nowe-budownictwo-mozliwe-4-pok-ID4ufIn,"Górny Wrzeszcz - nowe budownictwo, możliwe 4 pok.","ul. Marii Konopnickiej, Wrzeszcz Górny, Gdańsk, pomorskie",1 390 000 zł,<built-in method strip of str object at 0x7f0e9805b820>,Informacje dodatkowe : balkon ogródek garaż/miejsce parkingowe piwn,otodom,23-09-05-2025
https://www.otodom.pl/pl/oferta/mieszkanie-w-pieknej-historycznej-willi-ID4u8gx,Mieszkanie w pięknej historycznej willi,"ul. Jaśkowa Dolina, Wrzeszcz Górny, Gdańsk, pomorskie",999 999 zł,<built-in method strip of str object at 0x7f0e96261ab0>,omości Informacje dodatkowe : ogródek garaż/miejsce parkingowe piwn,otodom,23-09-05-2025
https://www.otodom.pl/pl/oferta/ogrod-miejsce-naziemne-pracownia-kancelaria-ID4tO7D,Ogród | miejsce naziemne | pracownia/kancelaria,"ul. Juliusza Słowackiego, Wrzeszcz Górny, Gdańsk, pomorskie",579 000 zł,<built-in method strip of str object at 0x7f0e942f8da0>,Zapisz Wszystkie zdjęcia (10) Ogród | miejsce naziemne | pracowni,otodom,23-09-05-2025
https://www.otodom.pl/pl/oferta/dwupokojowe-mieszkanie-z-osobna-kuchnia-we-wrzesz-ID4tB89,Dwupokojowe mieszkanie z osobną kuchnią we Wrzesz.,"al. gen. Józefa Hallera, Wrzeszcz Dolny, Gdańsk, pomorskie",730 000 zł,<built-in method strip of str object at 0x7f0e9bf209f0>,ywatny Informacje dodatkowe : ogródek piwnica oddzielna kuchnia Bud,otodom,23-09-05-2025
https://www.otodom.pl/pl/oferta/mieszkanie-z-ogrodem-w-kameralnej-okolicy-ID4tAcD,Mieszkanie Z Ogrodem W Kameralnej Okolicy,"ul. Podleśna, Wrzeszcz Górny, Gdańsk, pomorskie",890 000 zł,<built-in method strip of str object at 0x7f0ea012d160>,omości Informacje dodatkowe : ogródek piwnica Budynek i materiały R,otodom,23-09-05-2025
https://www.otodom.pl/pl/oferta/mieszkanie-z-ogrodem-w-nowym-budownictwie-ID4tiVj,Mieszkanie z ogrodem w nowym budownictwie,"ul. Jaśkowa Dolina, Wrzeszcz Górny, Gdańsk, pomorskie",1 149 000 zł,<built-in method strip of str object at 0x7f0e980f3b90>,omości Informacje dodatkowe : ogródek taras garaż/miejsce parkingow,otodom,23-09-05-2025
https://www.otodom.pl/pl/oferta/klimatyczne-mieszkanie-we-wrzeszczu-ID4t9qS,Klimatyczne mieszkanie we Wrzeszczu,"ul. Bernarda Chrzanowskiego, Wrzeszcz Górny, Gdańsk, pomorskie",1 550 000 zł,<built-in method strip of str object at 0x7f0e9ad16560>,omości Informacje dodatkowe : ogródek garaż/miejsce parkingowe pom.,otodom,23-09-05-2025
https://www.otodom.pl/pl/oferta/bezposrednio-umeblowany-z-dzialajacym-biznesem-ID4sxUy,BEZPOŚREDNIO Umeblowany z działającym biznesem,"ul. Bolesława Chrobrego, Wrzeszcz Dolny, Gdańsk, pomorskie",769 999 zł,<built-in method strip of str object at 0x7f0e9cd3c4b0>,ywatny Informacje dodatkowe : ogródek piwnica oddzielna kuchnia Bud,otodom,23-09-05-2025
https://www.otodom.pl/pl/oferta/wysoki-standard-z-pelnym-wyposazeniem-ID4rc9C,Wysoki Standard Z Pełnym Wyposażeniem !,"ul. Jaśkowa Dolina, Wrzeszcz Górny, Gdańsk, pomorskie",2 799 000 zł,<built-in method strip of str object at 0x7f0e93ded110>,Informacje dodatkowe : balkon ogródek taras garaż/miejsce parkingow,otodom,23-09-05-2025
https://www.otodom.pl/pl/oferta/wrzeszcz-taras-60m2-4m-sufity-ID4r3EJ,Wrzeszcz - Taras 60M2 - 4M Sufity,"ul. Joachima Lelewela, Wrzeszcz Dolny, Gdańsk, pomorskie",1 490 000 zł,<built-in method strip of str object at 0x7f0e91b8bc70>,omości Informacje dodatkowe : ogródek taras garaż/miejsce parkingow,otodom,23-09-05-2025
https://www.otodom.pl/pl/oferta/90-7-m2-na-poddaszu-w-willi-przy-jaskowej-dolinie-ID4r1rj,"90,7 m2 na poddaszu, w willi przy Jaśkowej Dolinie","ul. Stanisława Pawłowskiego, Wrzeszcz Górny, Gdańsk, pomorskie",1 260 000 zł,<built-in method strip of str object at 0x7f0e91764b70>,omości Informacje dodatkowe : ogródek piwnica oddzielna kuchnia Bud,otodom,23-09-05-2025
https://www.otodom.pl/pl/oferta/4-pokoje-samym-w-centrum-gdansk-wrzeszcz-ID4qcvz,4 Pokoje Samym W Centrum Gdańsk Wrzeszcz,"ul. Tadeusza Kościuszki, Wrzeszcz Dolny, Gdańsk, pomorskie",989 000 zł,<built-in method strip of str object at 0x7f0e8fc76430>,omości Informacje dodatkowe : ogródek garaż/miejsce parkingowe piwn,otodom,23-09-05-2025
https://www.otodom.pl/pl/oferta/unikalna-oferta-wysokie-sufity-kominek-antresola-ID4pp9K,unikalna oferta|wysokie sufity| kominek|antresola,"ul. Bolesława Chrobrego, Wrzeszcz Dolny, Gdańsk, pomorskie",1 190 000 zł,<built-in method strip of str object at 0x7f0e981a6a70>,omości Informacje dodatkowe : ogródek piwnica oddzielna kuchnia Bud,otodom,23-09-05-2025
https://www.otodom.pl/pl/oferta/mieszkanie-w-starym-budownictwie-ID4pcLo,Mieszkanie w starym budownictwie,"ul. Czarna, Wrzeszcz Górny, Gdańsk, pomorskie",899 000 zł,<built-in method strip of str object at 0x7f0e99e58c60>,omości Informacje dodatkowe : ogródek taras garaż/miejsce parkingow,otodom,23-09-05-2025
https://www.otodom.pl/pl/oferta/162-m2-1-lub-2-mieszkania-2-miejsca-w-cenie-ID4osoI,162 M2! 1 Lub 2 Mieszkania! 2 Miejsca W Cenie!,"ul. Jarowa, Wrzeszcz Górny, Gdańsk, pomorskie",2 349 000 zł,<built-in method strip of str object at 0x7f0e9fc99750>,Informacje dodatkowe : balkon ogródek garaż/miejsce parkingowe Budy,otodom,23-09-05-2025
