url,tytul,dzielnica,cena,powierzchnia,ogrod_fragment,zrodlo,data_dodania
https://www.otodom.pl/pl/oferta/komfortowe-mieszkanie-w-centrum-wrzeszcza-ID4viyG,Komfortowe mieszkanie W Centrum Wrzeszcza!,"ul. Tadeusza Kościuszki, Wrzeszcz Dolny, Gdańsk, pomorskie",729 000 zł,<built-in method strip of str object at 0x12673e2e0>,omości Informacje dodatkowe : ogródek garaż/miejsce parkingowe piwn,otodom,18:51-09-05-2025
https://www.otodom.pl/pl/oferta/stylowe-mieszkanie-ogrodek-mila-baltica-ID4wCpi,Stylowe mieszkanie | ogródek | Mila Baltica,"ul. Bolesława Chrobrego, Wrzeszcz Dolny, Gdańsk, pomorskie",1 290 000 zł,<built-in method strip of str object at 0x1266102d0>,0) Video Stylowe mieszkanie | ogródek | Mila Baltica 1 290 000 zł 2,otodom,18:51-09-05-2025
https://www.otodom.pl/pl/oferta/2-pokojowe-mieszkanie-z-ogrodkiem-gd-wrzeszcz-ID4vgJG,2 pokojowe mieszkanie z ogródkiem Gd. Wrzeszcz,"ul. Zawiszy Czarnego, Wrzeszcz Dolny, Gdańsk, pomorskie",500 000 zł,<built-in method strip of str object at 0x1061cd650>,omości Informacje dodatkowe : ogródek piwnica Budynek i materiały R,otodom,18:51-09-05-2025
https://www.otodom.pl/pl/oferta/po-remoncie-3-pokoje-z-ogrodkiem-gdansk-wrzeszcz-ID4vg3k,Po remoncie-3 pokoje z ogródkiem-Gdańsk Wrzeszcz,"ul. Grażyny, Wrzeszcz Dolny, Gdańsk, pomorskie",995 000 zł,<built-in method strip of str object at 0x1114c3dc0>,omości Informacje dodatkowe : ogródek piwnica oddzielna kuchnia Bud,otodom,18:51-09-05-2025
https://www.otodom.pl/pl/oferta/kameralne-2-pokojowe-we-wrzeszczu-ID4wDWV,"Kameralne, 2 pokojowe, we Wrzeszczu","ul. Stefana Batorego, Wrzeszcz Górny, Gdańsk, pomorskie",685 000 zł,<built-in method strip of str object at 0x12689c9e0>,Informacje dodatkowe : balkon ogródek piwnica Budynek i materiały W,otodom,18:51-09-05-2025
https://www.otodom.pl/pl/oferta/3-pokojowe-mieszkanie-67m2-2-ogrodki-ID4ulSO,3-pokojowe mieszkanie 67m2 + 2 ogródki,"ul. Jaśkowa Dolina 85, Wrzeszcz Górny, Gdańsk, pomorskie",917 114 zł,<built-in method strip of str object at 0x1268060d0>, Informacje dodatkowe : taras ogródek garaż/miejsce parkingowe Budy,otodom,18:51-09-05-2025
https://www.otodom.pl/pl/oferta/mieszkanie-z-ogrodem-w-kameralnej-okolicy-ID4tAcD,Mieszkanie Z Ogrodem W Kameralnej Okolicy,"ul. Podleśna, Wrzeszcz Górny, Gdańsk, pomorskie",890 000 zł,<built-in method strip of str object at 0x11129d410>,omości Informacje dodatkowe : ogródek piwnica Budynek i materiały R,otodom,18:51-09-05-2025
https://www.otodom.pl/pl/oferta/dwupokojowe-mieszkanie-z-osobna-kuchnia-we-wrzesz-ID4tB89,Dwupokojowe mieszkanie z osobną kuchnią we Wrzesz.,"al. gen. Józefa Hallera, Wrzeszcz Dolny, Gdańsk, pomorskie",730 000 zł,<built-in method strip of str object at 0x111109700>,ywatny Informacje dodatkowe : ogródek piwnica oddzielna kuchnia Bud,otodom,18:51-09-05-2025
https://www.otodom.pl/pl/oferta/unikalna-oferta-wysokie-sufity-kominek-antresola-ID4pp9K,unikalna oferta|wysokie sufity| kominek|antresola,"ul. Bolesława Chrobrego, Wrzeszcz Dolny, Gdańsk, pomorskie",1 190 000 zł,<built-in method strip of str object at 0x117176380>,omości Informacje dodatkowe : ogródek piwnica oddzielna kuchnia Bud,otodom,18:51-09-05-2025
https://www.otodom.pl/pl/oferta/elegancki-apartament-w-starym-wrzeszczu-ID4v10F,Elegancki APARTAMENT w starym Wrzeszczu,"ul. Marii Konopnickiej, Wrzeszcz Górny, Gdańsk, pomorskie",2 040 000 zł,<built-in method strip of str object at 0x1268066d0>,Informacje dodatkowe : balkon ogródek garaż/miejsce parkingowe piwn,otodom,18:51-09-05-2025
https://www.otodom.pl/pl/oferta/wrzeszcz-taras-60m2-4m-sufity-ID4r3EJ,Wrzeszcz - Taras 60M2 - 4M Sufity,"ul. Joachima Lelewela, Wrzeszcz Dolny, Gdańsk, pomorskie",1 490 000 zł,<built-in method strip of str object at 0x111210c10>,omości Informacje dodatkowe : ogródek taras garaż/miejsce parkingow,otodom,18:51-09-05-2025
https://www.otodom.pl/pl/oferta/wyjatkowe-4-pokojowe-mieszkanie-we-wrzeszczu-ID4uMcI,Wyjątkowe 4-Pokojowe Mieszkanie We Wrzeszczu,"Aleja Grunwaldzka, Wrzeszcz Górny, Gdańsk, pomorskie",1 369 000 zł,<built-in method strip of str object at 0x1177510c0>,omości Informacje dodatkowe : ogródek garaż/miejsce parkingowe piwn,otodom,18:51-09-05-2025
https://www.otodom.pl/pl/oferta/wrzeszcz-3-pok-mieszkanie-na-gotowym-osiedlu-ID4wJxc,Wrzeszcz - 3-pok. mieszkanie na GOTOWYM osiedlu!,"ul. Jaśkowa Dolina, Wrzeszcz Górny, Gdańsk, pomorskie",917 114 zł,<built-in method strip of str object at 0x11705e9d0>,ywatny Informacje dodatkowe : ogródek Budynek i materiały Rok budow,otodom,18:51-09-05-2025
https://www.otodom.pl/pl/oferta/apartament-3-pokoje-ogrod-wysoki-standard-skm-ID4v4f8,"Apartament 3 pokoje,ogród,wysoki standard, skm","ul. Jana Kilińskiego, Wrzeszcz Dolny, Gdańsk, pomorskie",1 490 000 zł,<built-in method strip of str object at 0x1171029c0>,"jęcia (6) Apartament 3 pokoje,ogród,wysoki standard, skm 1 490 00",otodom,18:51-09-05-2025
https://www.otodom.pl/pl/oferta/przestronne-2-pokoje-parking-centrum-wrzeszcza-ID4uRAv,Przestronne 2 pokoje - parking - Centrum Wrzeszcza,"Wrzeszcz Górny, Gdańsk, pomorskie",675 000 zł,<built-in method strip of str object at 0x1177b8490>,omości Informacje dodatkowe : ogródek garaż/miejsce parkingowe piwn,otodom,18:51-09-05-2025
https://www.otodom.pl/pl/oferta/2-pokoje-z-ogrodem-i-piwnica-ID4v6Pt,2 pokoje z ogrodem i piwnicą!,"ul. Sochaczewska, Wrzeszcz Dolny, Gdańsk, pomorskie",554 000 zł,<built-in method strip of str object at 0x1174a4270>,omości Informacje dodatkowe : ogródek piwnica Budynek i materiały R,otodom,18:51-09-05-2025
https://www.otodom.pl/pl/oferta/klimatyczne-mieszkanie-we-wrzeszczu-ID4t9qS,Klimatyczne mieszkanie we Wrzeszczu,"ul. Bernarda Chrzanowskiego, Wrzeszcz Górny, Gdańsk, pomorskie",1 550 000 zł,<built-in method strip of str object at 0x1061cfc30>,omości Informacje dodatkowe : ogródek garaż/miejsce parkingowe pom.,otodom,18:51-09-05-2025
https://www.otodom.pl/pl/oferta/bezposrednio-umeblowany-z-dzialajacym-biznesem-ID4sxUy,BEZPOŚREDNIO Umeblowany z działającym biznesem,"ul. Bolesława Chrobrego, Wrzeszcz Dolny, Gdańsk, pomorskie",769 999 zł,<built-in method strip of str object at 0x126835c50>,ywatny Informacje dodatkowe : ogródek piwnica oddzielna kuchnia Bud,otodom,18:51-09-05-2025
https://www.otodom.pl/pl/oferta/gorny-wrzeszcz-nowe-budownictwo-mozliwe-4-pok-ID4ufIn,"Górny Wrzeszcz - nowe budownictwo, możliwe 4 pok.","ul. Marii Konopnickiej, Wrzeszcz Górny, Gdańsk, pomorskie",1 390 000 zł,<built-in method strip of str object at 0x111342c10>,Informacje dodatkowe : balkon ogródek garaż/miejsce parkingowe piwn,otodom,18:51-09-05-2025
https://www.otodom.pl/pl/oferta/mieszkanie-w-centrum-wrzeszcza-ID4whai,Mieszkanie w centrum Wrzeszcza,"Wrzeszcz Dolny, Gdańsk, pomorskie",629 900 zł,<built-in method strip of str object at 0x126613690>,omości Informacje dodatkowe : ogródek garaż/miejsce parkingowe piwn,otodom,18:51-09-05-2025
https://www.otodom.pl/pl/oferta/2-mieszkania-z-piwnicami-garazem-we-wrzeszczu-ID4w1zi,2 mieszkania z piwnicami garażem we Wrzeszczu!,"ul. Bolesława Prusa, Wrzeszcz Dolny, Gdańsk, pomorskie",1 270 000 zł,<built-in method strip of str object at 0x11705ed90>,omości Informacje dodatkowe : ogródek garaż/miejsce parkingowe piwn,otodom,18:51-09-05-2025
https://www.otodom.pl/pl/oferta/wysoki-standard-z-pelnym-wyposazeniem-ID4rc9C,Wysoki Standard Z Pełnym Wyposażeniem !,"ul. Jaśkowa Dolina, Wrzeszcz Górny, Gdańsk, pomorskie",2 799 000 zł,<built-in method strip of str object at 0x126610ab0>,Informacje dodatkowe : balkon ogródek taras garaż/miejsce parkingow,otodom,18:51-09-05-2025
https://www.otodom.pl/pl/oferta/4-pokoje-samym-w-centrum-gdansk-wrzeszcz-ID4qcvz,4 Pokoje Samym W Centrum Gdańsk Wrzeszcz,"ul. Tadeusza Kościuszki, Wrzeszcz Dolny, Gdańsk, pomorskie",989 000 zł,<built-in method strip of str object at 0x1269f6740>,omości Informacje dodatkowe : ogródek garaż/miejsce parkingowe piwn,otodom,18:51-09-05-2025
https://www.otodom.pl/pl/oferta/ogrod-miejsce-naziemne-pracownia-kancelaria-ID4tO7D,Ogród | miejsce naziemne | pracownia/kancelaria,"ul. Juliusza Słowackiego, Wrzeszcz Górny, Gdańsk, pomorskie",579 000 zł,<built-in method strip of str object at 0x107d99e90>,Zapisz Wszystkie zdjęcia (10) Ogród | miejsce naziemne | pracowni,otodom,18:51-09-05-2025
https://www.otodom.pl/hpr/pl/oferta/ogrod-miejsce-naziemne-pracownia-kancelaria-ID4tO7D,Ogród | miejsce naziemne | pracownia/kancelaria,"ul. Juliusza Słowackiego, Wrzeszcz Górny, Gdańsk, pomorskie",579 000 zł,<built-in method strip of str object at 0x11705c630>,Zapisz Wszystkie zdjęcia (10) Ogród | miejsce naziemne | pracowni,otodom,18:51-09-05-2025
https://www.otodom.pl/pl/oferta/loft-z-antresola-ogrod-garnizon-wrzeszcz-ID4wKEx,"Loft z antresolą, ogród! Garnizon, Wrzeszcz!","Bolesława Leśmiana, Wrzeszcz Górny, Gdańsk, pomorskie",999 000 zł,<built-in method strip of str object at 0x1266a6c90>,"djęcia (11) Loft z antresolą, ogród! Garnizon, Wrzeszcz! 999 000 ",otodom,18:51-09-05-2025
https://www.otodom.pl/pl/oferta/mieszkanie-w-starym-budownictwie-ID4pcLo,Mieszkanie w starym budownictwie,"ul. Czarna, Wrzeszcz Górny, Gdańsk, pomorskie",899 000 zł,<built-in method strip of str object at 0x1268040f0>,omości Informacje dodatkowe : ogródek taras garaż/miejsce parkingow,otodom,18:51-09-05-2025
https://www.otodom.pl/pl/oferta/klimatyczne-mieszkanie-w-sercu-wrzeszcza-ID4wIxy,Klimatyczne Mieszkanie W Sercu Wrzeszcza,"ul. Do Studzienki, Wrzeszcz Górny, Gdańsk, pomorskie",599 000 zł,<built-in method strip of str object at 0x1116d7cd0>,omości Informacje dodatkowe : ogródek piwnica oddzielna kuchnia Bud,otodom,18:51-09-05-2025
https://www.otodom.pl/pl/oferta/mieszkanie-w-pieknej-historycznej-willi-ID4u8gx,Mieszkanie w pięknej historycznej willi,"ul. Jaśkowa Dolina, Wrzeszcz Górny, Gdańsk, pomorskie",999 999 zł,<built-in method strip of str object at 0x1176c83a0>,omości Informacje dodatkowe : ogródek garaż/miejsce parkingowe piwn,otodom,18:51-09-05-2025
https://www.otodom.pl/hpr/pl/oferta/mieszkanie-w-pieknej-historycznej-willi-ID4u8gx,Mieszkanie w pięknej historycznej willi,"ul. Jaśkowa Dolina, Wrzeszcz Górny, Gdańsk, pomorskie",999 999 zł,<built-in method strip of str object at 0x12656a510>,omości Informacje dodatkowe : ogródek garaż/miejsce parkingowe piwn,otodom,18:51-09-05-2025
https://www.otodom.pl/pl/oferta/2pokoje-z-oddzielna-kuchnia-do-wprowadzenia-ID4uwVp,2Pokoje Z Oddzielną Kuchnią Do Wprowadzenia,"ul. Żywiecka, Wrzeszcz Dolny, Gdańsk, pomorskie",609 000 zł,<built-in method strip of str object at 0x107d9b6f0>,omości Informacje dodatkowe : ogródek garaż/miejsce parkingowe piwn,otodom,18:51-09-05-2025
https://www.otodom.pl/pl/oferta/gdansk-wrzeszcz-dolny-3-pokoje-na-parterze-ID4wnhc,"Gdańsk Wrzeszcz Dolny, 3 Pokoje Na Parterze","al. Legionów, Wrzeszcz Dolny, Gdańsk, pomorskie",749 000 zł,<built-in method strip of str object at 0x111457af0>,omości Informacje dodatkowe : ogródek garaż/miejsce parkingowe piwn,otodom,18:51-09-05-2025
https://www.otodom.pl/pl/oferta/4-pokojowe-mieszkanie-w-kamienicy-ID4uZ5T,4-pokojowe mieszkanie w Kamienicy,"Wrzeszcz Górny, Gdańsk, pomorskie",1 477 000 zł,<built-in method strip of str object at 0x107c92790>,omości Informacje dodatkowe : ogródek oddzielna kuchnia Budynek i m,otodom,18:51-09-05-2025
https://www.otodom.pl/pl/oferta/90-7-m2-na-poddaszu-w-willi-przy-jaskowej-dolinie-ID4r1rj,"90,7 m2 na poddaszu, w willi przy Jaśkowej Dolinie","ul. Stanisława Pawłowskiego, Wrzeszcz Górny, Gdańsk, pomorskie",1 260 000 zł,<built-in method strip of str object at 0x126511020>,omości Informacje dodatkowe : ogródek piwnica oddzielna kuchnia Bud,otodom,18:51-09-05-2025
https://www.otodom.pl/pl/oferta/162-m2-1-lub-2-mieszkania-2-miejsca-w-cenie-ID4osoI,162 M2! 1 Lub 2 Mieszkania! 2 Miejsca W Cenie!,"ul. Jarowa, Wrzeszcz Górny, Gdańsk, pomorskie",2 349 000 zł,<built-in method strip of str object at 0x107992370>,Informacje dodatkowe : balkon ogródek garaż/miejsce parkingowe Budy,otodom,18:51-09-05-2025
https://www.otodom.pl/pl/oferta/mieszkanie-z-ogrodem-w-nowym-budownictwie-ID4tiVj,Mieszkanie z ogrodem w nowym budownictwie,"ul. Jaśkowa Dolina, Wrzeszcz Górny, Gdańsk, pomorskie",1 149 000 zł,<built-in method strip of str object at 0x11705da70>,omości Informacje dodatkowe : ogródek taras garaż/miejsce parkingow,otodom,18:51-09-05-2025
https://www.olx.pl/d/oferta/4-pokojowe-mieszkanie-w-sercu-wrzeszcza-1-pietro-116-m-CID3-ID15w8Jm.html,"4-pokojowe mieszkanie w sercu Wrzeszcza – 1. piętro, 116 m²",Wrzeszcz,1 490 000 zł,Powierzchnia: 116 m²," miejsce na relaks, biuro lub ogród zimowy. Mieszkanie zachowało ",olx,18:51-09-05-2025
https://adresowo.pl/o/mieszkanie-gdansk-wrzeszcz-al-grunwaldzka-4-pokojowe-y9h0f9,"Gdańsk Wrzeszcz, al. Grunwaldzka",Wrzeszcz,1 369 000,77,"ca, garaż/miejsce parkingowe, ogródek, osobna kuchnia Mieszkanie do",adresowo,18:14-09-05-2025
https://adresowo.pl/o/mieszkanie-gdansk-wrzeszcz-al-gen-jozefa-hallera-4-pokojowe-f5a8r7,"Gdańsk Wrzeszcz, al. gen. Józefa Hallera",Wrzeszcz,1 339 000,71,"zystko zostaje. Duża piwnica, ogródek, spokojna, Największy ATUT: c",adresowo,18:14-09-05-2025
https://adresowo.pl/o/mieszkanie-gdansk-wrzeszcz-ul-romana-dmowskiego-4-pokojowe-l2z2z1,"Gdańsk Wrzeszcz, ul. Romana Dmowskiego",Wrzeszcz,725 000,50,"ewnętrzne miejsce parkingowe, ogródek, aneks kuchenny Mieszkanie do",adresowo,18:14-09-05-2025
https://adresowo.pl/o/mieszkanie-gdansk-wrzeszcz-ul-brzozowa-2-pokojowe-k8r3f3,"Gdańsk Wrzeszcz, ul. Brzozowa",Wrzeszcz,585 000,33,"ewnętrzne miejsce parkingowe, ogródek, aneks kuchenny Mieszkanie w ",adresowo,18:14-09-05-2025
https://adresowo.pl/o/mieszkanie-gdansk-wrzeszcz-1-pokoj-25-m2-r6l6h7,"Gdańsk Wrzeszcz, ",Wrzeszcz,421 999,25,"nym, - korytarz, - łazienka + ogródek Nie ma już dostępnych tego ty",adresowo,18:14-09-05-2025
https://www.morizon.pl/oferta/sprzedaz-mieszkanie-gdansk-wrzeszcz-do-studzienki-42m2-mzn2045387996,Klimatyczne mieszkanie w sercu Wrzeszcza,Wrzeszcz,599 999 zł,39 m²,iczny. Dodatkowym atutem jest ogródek przynależny do nieruchomości.,morizon,18:21-09-05-2025
https://www.morizon.pl/oferta/sprzedaz-mieszkanie-gdansk-wrzeszcz-partyzantow-103m2-mzn2045363105,Świetna Komunikacja | Wrzeszcz | Wysokie sufity,Wrzeszcz,1 179 000 zł,96 m²," 37 m² • 1 pokój • piętro 1/4 Z ogrodem, na kameralnym osiedlu pod Gd",morizon,18:21-09-05-2025
https://www.morizon.pl/oferta/sprzedaz-mieszkanie-gdansk-wrzeszcz-mlynska-52m2-mzn2045355191,IDEALNY NA WYNAJEM i DO ZAMIESZKANIA bez PCC,Wrzeszcz,629 670 zł,45 m²,45 m² • 2 pokoje • piętro 2/4 Ogród | miejsce naziemne | pracowni,morizon,18:21-09-05-2025
https://www.morizon.pl/oferta/sprzedaz-mieszkanie-gdansk-wrzeszcz-47m2-mzn2045354656,Wygodne mieszkanie na skraju miasta i lasu,Wrzeszcz,775 977 zł,47 m²,je • piętro 2/4 3 sypialnie | Ogród i garaż 118 m² 11 000 zł Wars,morizon,18:21-09-05-2025
https://www.morizon.pl/oferta/sprzedaz-mieszkanie-gdansk-wrzeszcz-66m2-mzn2045294577,Wygodne mieszkanie na skraju miasta i lasu,Wrzeszcz,872 000 zł,74 m²,je • piętro 2/4 3 sypialnie | Ogród i garaż 118 m² 11 000 zł Wars,morizon,18:21-09-05-2025
https://www.morizon.pl/oferta/sprzedaz-mieszkanie-gdansk-wrzeszcz-65m2-mzn2045294576,Wygodne mieszkanie na skraju miasta i lasu,Wrzeszcz,872 000 zł,74 m²,je • piętro 2/4 3 sypialnie | Ogród i garaż 118 m² 11 000 zł Wars,morizon,18:21-09-05-2025
https://www.morizon.pl/oferta/sprzedaz-mieszkanie-gdansk-wrzeszcz-66m2-mzn2045293903,Wygodne mieszkanie na skraju miasta i lasu,Wrzeszcz,872 000 zł,74 m²,je • piętro 2/4 3 sypialnie | Ogród i garaż 118 m² 11 000 zł Wars,morizon,18:21-09-05-2025
https://www.morizon.pl/oferta/sprzedaz-mieszkanie-gdansk-wrzeszcz-47m2-mzn2045293902,Wygodne mieszkanie na skraju miasta i lasu,Wrzeszcz,775 977 zł,47 m²,je • piętro 2/4 3 sypialnie | Ogród i garaż 118 m² 11 000 zł Wars,morizon,18:21-09-05-2025
https://www.morizon.pl/oferta/sprzedaz-mieszkanie-gdansk-wrzeszcz-65m2-mzn2045293900,Wygodne mieszkanie na skraju miasta i lasu,Wrzeszcz,872 000 zł,74 m²,je • piętro 2/4 3 sypialnie | Ogród i garaż 118 m² 11 000 zł Wars,morizon,18:21-09-05-2025
https://www.morizon.pl/oferta/sprzedaz-mieszkanie-gdansk-wrzeszcz-rozy-ostrowskiej-55m2-mzn2045213091,"Ustawne, przestronne, urządzone, 3 pok. Wrzeszcz",Wrzeszcz,775 977 zł,47 m²," parter/3 Mieszkanie 3 pokoje,ogród,parkin,.las,staw 75 m² 1 149 ",morizon,18:21-09-05-2025
https://www.morizon.pl/oferta/sprzedaz-mieszkanie-gdansk-wrzeszcz-juliusza-slowackiego-96m2-mzn2045151617,"4-pokoje, ul. Słowackiego, obok Garnizonu",Wrzeszcz,1 100 000 zł,84 m²,1 pokój • piętro 4/4 2 pokoje z ogrodem i piwnicą 47 m² 554 000 zł Gd,morizon,18:21-09-05-2025
https://www.morizon.pl/oferta/sprzedaz-mieszkanie-gdansk-wrzeszcz-aleja-grunwaldzka-76m2-mzn2045111114,Wyjątkowe 4-pokojowe mieszkanie we Wrzeszczu,Wrzeszcz,1 308 800 zł,81 m²,"000 zł 621 m² Skrajny szereg, ogród, garaż, cena do negocjacji 13",morizon,18:21-09-05-2025
https://www.morizon.pl/oferta/sprzedaz-mieszkanie-gdansk-wrzeszcz-aleja-gen-jozefa-hallera-48m2-mzn2045108359,Mieszkanie 2-pokojowe Gdańsk Wrzeszcz,Wrzeszcz,905 000 zł,42 m²,"000 zł 621 m² Skrajny szereg, ogród, garaż, cena do negocjacji 13",morizon,18:21-09-05-2025
https://www.morizon.pl/oferta/sprzedaz-mieszkanie-gdansk-wrzeszcz-juliusza-slowackiego-50m2-mzn2044876980,Ogród | miejsce naziemne | pracownia/kancelaria,Wrzeszcz,599 000 zł,42 m²,Ogród | miejsce naziemne | pracowni,morizon,18:21-09-05-2025
https://www.morizon.pl/oferta/sprzedaz-mieszkanie-gdansk-wrzeszcz-romualda-traugutta-48m2-mzn2044512236,Mieszkanie inwestycyjne ! 3 Pokoje ! ul. Traugutta,Wrzeszcz,599 000 zł,42 m²,45 m² • 2 pokoje • piętro 2/4 Ogród | miejsce naziemne | pracowni,morizon,18:21-09-05-2025
https://adresowo.pl/o/mieszkanie-gdansk-wrzeszcz-ul-tadeusza-kosciuszki-3-pokojowe-w8l4a1,"Gdańsk Wrzeszcz, ul. Tadeusza Kościuszki",Wrzeszcz,789 000,67,"a piwnica – 12,2 m2. Strych I ogródek jako części wspólne do dyspoz",adresowo,18:57-09-05-2025
https://gratka.pl/nieruchomosci/mieszkanie-gdansk-wrzeszcz-stefana-batorego/ob/41544675,3 Pokoje przy Jaśkowej Dolinie,Wrzeszcz,635 000 zł,45 m²,ętro 2/7 Stylowe mieszkanie | ogródek | Mila Baltica 59 m² 1 290 00,gratka,19:23-09-05-2025
https://gratka.pl/nieruchomosci/mieszkanie-gdansk-wrzeszcz-tadeusza-kosciuszki/ob/41544091,Komfortowe mieszkanie W CENTRUM WRZESZCZA,Wrzeszcz,700 000 zł,62 m²,Z ogromnym potencjałem 4 pok. ogród piwnica 75 m² 1 050 000 zł Wa,gratka,19:23-09-05-2025
https://gratka.pl/nieruchomosci/mieszkanie-gdansk-wrzeszcz-mariana-hemara/ob/41541581,Gdańsk Garnizon -ustawne 37m2,Wrzeszcz,885 000 zł,37 m²,fortowe 2 pok mieszkanie 33m2 z ogrodem 32 m² 469 900 zł Gdańsk Oruni,gratka,19:23-09-05-2025
https://gratka.pl/nieruchomosci/mieszkanie-gdansk-wrzeszcz-adama-mickiewicza/ob/41540205,Doskonale położone mieszkanie w sercu Wrzeszcza,Wrzeszcz,635 000 zł,45 m²,1 pokój • piętro 4/4 2 pokoje z ogrodem i piwnicą 47 m² 554 000 zł Gd,gratka,19:23-09-05-2025
https://gratka.pl/nieruchomosci/mieszkanie-gdansk-wrzeszcz-stefana-batorego/ob/41514573,Mieszkanie we Wrzeszczu do remontu . Okazja,Wrzeszcz,635 000 zł,45 m², pokoje • piętro 1/2 2 pokoje z ogrodem i piwnicą 47 m² 554 000 zł Gd,gratka,19:23-09-05-2025
https://gratka.pl/nieruchomosci/mieszkanie-gdansk-wrzeszcz-adama-mickiewicza/ob/41512305,Słoneczna przestronna kuchnia i 3 oddzielne pokoje,Wrzeszcz,639 900 zł,46 m²,encji Dwupoziomowy apartament z ogrodem w Mechelinkach 83 m² 1 499 00,gratka,19:23-09-05-2025
https://gratka.pl/nieruchomosci/mieszkanie-gdansk-wrzeszcz-krzysztofa-kamila-baczynskiego/ob/41488771,Mieszkanie w świetnej lokalizacji z garażem,Wrzeszcz,635 000 zł,45 m², pokoje • piętro 1/2 2 pokoje z ogrodem i piwnicą 47 m² 554 000 zł Gd,gratka,19:23-09-05-2025
https://gratka.pl/nieruchomosci/mieszkanie-gdansk-wrzeszcz-wilenska/ob/41485997,Mieszkanie z dużym tarasem od słonecznej strony,Wrzeszcz,1 100 000 zł,84 m²,1 pokój • piętro 4/4 2 pokoje z ogrodem i piwnicą 47 m² 554 000 zł Gd,gratka,19:23-09-05-2025
https://gratka.pl/nieruchomosci/mieszkanie-gdansk-wrzeszcz-saperow/ob/41469155,"Stylowe 85 m²,po remoncie | gotowe do wprowadzenia",Wrzeszcz,Zarezerwowano,86 m²,1 pokój • piętro 4/4 2 pokoje z ogrodem i piwnicą 47 m² 554 000 zł Gd,gratka,19:23-09-05-2025
https://gratka.pl/nieruchomosci/mieszkanie-gdansk-wrzeszcz-krzysztofa-kamila-baczynskiego/ob/41468925,2 pokoje | garderoba | tramwaj | morze,Wrzeszcz,635 000 zł,45 m², pokoje • piętro 1/2 2 pokoje z ogrodem i piwnicą 47 m² 554 000 zł Gd,gratka,19:23-09-05-2025
https://gratka.pl/nieruchomosci/mieszkanie-gdansk-wrzeszcz-bohaterow-getta-warszawskiego/ob/41467141,Gdańsk Wrzeszcz I 2 pokoje I wysoki standard,Wrzeszcz,819 000 zł,53 m²," piętro 4/4 Loft z antresolą, ogród! Garnizon, Wrzeszcz 48 m² 999",gratka,19:23-09-05-2025
https://gratka.pl/nieruchomosci/mieszkanie-gdansk-wrzeszcz-adama-mickiewicza/ob/41401455,Klimatyczne mieszkanie w sercu Dolnego Wrzeszcza,Wrzeszcz,950 000 zł,105 m²,e • piętro 2/9 7-POKOJOWY DOM Z OGRODEM DLA RODZINY - CHOTOMÓW 325 m²,gratka,19:23-09-05-2025
https://gratka.pl/nieruchomosci/mieszkanie-gdansk-wrzeszcz-gen-jozefa-hallera/ob/41377767,Komfortowe 2-pokojowe mieszkanie Gdańsk Wrzeszcz,Wrzeszcz,635 000 zł,45 m²,ętro 1/3 Przytulny apartament z ogrodem Nadmorski Dwór 40 m² 1 360 00,gratka,19:23-09-05-2025
https://gratka.pl/nieruchomosci/mieszkanie-gdansk-wrzeszcz-grunwaldzka/ob/41336155,2 niezależne pokoje w kapitalnej lokalizacji,Wrzeszcz,580 000 zł,35 m²,Z ogromnym potencjałem 4 pok. ogród piwnica 75 m² 1 050 000 zł Wa,gratka,19:23-09-05-2025
https://gratka.pl/nieruchomosci/mieszkanie-gdansk-wrzeszcz-magellana/ob/41335815,"Nowoczesne 2-3 pokoje, widok na park, Wrzeszcz",Wrzeszcz,982 838 zł,48 m²," piętro 5/7 Loft z antresolą, ogród! Garnizon, Wrzeszcz 48 m² 999",gratka,19:23-09-05-2025
https://gratka.pl/nieruchomosci/mieszkanie-gdansk-wrzeszcz-zabytkowa/ob/41335719,3-pokoje idealne dla rodziny,Wrzeszcz,Zarezerwowano,76 m²,Z ogromnym potencjałem 4 pok. ogród piwnica 75 m² 1 050 000 zł Wa,gratka,19:23-09-05-2025
https://gratka.pl/nieruchomosci/mieszkanie-gdansk-wrzeszcz-stanislawa-wyspianskiego/ob/41247929,Urokliwe mieszkanie w sercu Wrzeszcza,Wrzeszcz,550 000 zł,42 m²,tro 1/4 Nowoczesne Mieszkanie z Ogrodem 50 Metrów 38 m² 570 000 zł Gd,gratka,19:23-09-05-2025
https://gratka.pl/nieruchomosci/mieszkanie-gdansk-wrzeszcz-jana-kilinskiego/ob/41228555,"Apartament 3 pokoje,ogród,wysoki standard, skm",Wrzeszcz,1 290 000 zł,59 m²,"Apartament 3 pokoje,ogród,wysoki standard, skm | Gratka",gratka,19:23-09-05-2025
https://gratka.pl/nieruchomosci/mieszkanie-gdansk-wrzeszcz-okrag/ob/41226285,"Gdańsk, Wrzeszcz, 2 pokoje po generalnym remoncie",Wrzeszcz,635 000 zł,45 m²,Z ogromnym potencjałem 4 pok. ogród piwnica 75 m² 1 050 000 zł Wa,gratka,19:23-09-05-2025
https://gratka.pl/nieruchomosci/mieszkanie-gdansk-wrzeszcz-wladyslawa-reymonta/ob/41214309,Atrakcyjne 3 pokoje w doskonałej lokalizacji,Wrzeszcz,635 000 zł,45 m²,Z ogromnym potencjałem 4 pok. ogród piwnica 75 m² 1 050 000 zł Wa,gratka,19:41-09-05-2025
https://gratka.pl/nieruchomosci/mieszkanie-gdansk-wrzeszcz-partyzantow/ob/41196457,Kawalerka we Wrzeszczu,Wrzeszcz,830 000 zł,59 m²,1 pokój • piętro 4/4 2 pokoje z ogrodem i piwnicą 47 m² 554 000 zł Gd,gratka,19:41-09-05-2025
https://gratka.pl/nieruchomosci/mieszkanie-gdansk-wrzeszcz-juliusza-slowackiego/ob/41158761,"Świetna cena, doskonała lokalizacja, bardzo ciepłe",Wrzeszcz,635 000 zł,45 m², pokoje • piętro 1/2 2 pokoje z ogrodem i piwnicą 47 m² 554 000 zł Gd,gratka,19:41-09-05-2025
https://gratka.pl/nieruchomosci/mieszkanie-gdansk-wrzeszcz/ob/41380619,TOP centrum Wrzeszcza blisko skm,Wrzeszcz,635 000 zł,45 m², pokoje • piętro 1/2 2 pokoje z ogrodem i piwnicą 47 m² 554 000 zł Gd,gratka,19:41-09-05-2025
https://gratka.pl/nieruchomosci/mieszkanie-gdansk-wrzeszcz-matki-polki/ob/41114795,Mieszkanie we Wrzeszczu,Wrzeszcz,700 000 zł,62 m²,1 pokój • piętro 4/4 2 pokoje z ogrodem i piwnicą 47 m² 554 000 zł Gd,gratka,19:41-09-05-2025
https://gratka.pl/nieruchomosci/mieszkanie-gdansk-wrzeszcz-wladyslawa-pniewskiego/ob/41100359,Mieszkanie po remoncie w kamienicy! Górny Wrzeszcz,Wrzeszcz,2 070 274 zł,112 m²,Z ogromnym potencjałem 4 pok. ogród piwnica 75 m² 1 050 000 zł Wa,gratka,19:41-09-05-2025
https://gratka.pl/nieruchomosci/mieszkanie-gdansk-wrzeszcz-kochanowskiego-jana/ob/41098533,Klimatyczne dwupokojowe. Opcja antresola,Wrzeszcz,554 000 zł,47 m², 74 m² • 4 pokoje • parter/10 Ogródek 100m2. Taras. Garaż. Zamknięt,gratka,19:41-09-05-2025
https://gratka.pl/nieruchomosci/mieszkanie-gdansk-wrzeszcz-karola-szymanowskiego/ob/41075499,Nowoczesny apartament na Garnizonie,Wrzeszcz,905 000 zł,42 m²," piętro 1/6 Loft z antresolą, ogród! Garnizon, Wrzeszcz 48 m² 999",gratka,19:41-09-05-2025
https://gratka.pl/nieruchomosci/mieszkanie-gdansk-wrzeszcz-aleja-gen-jozefa-hallera/ob/41049779,3 pokojowe mieszkanie na Zajezdni Wrzeszcz,Wrzeszcz,982 838 zł,48 m²," piętro 4/4 Loft z antresolą, ogród! Garnizon, Wrzeszcz 48 m² 999",gratka,19:41-09-05-2025
https://gratka.pl/nieruchomosci/mieszkanie-gdansk-wrzeszcz-zywiecka/ob/40978849,Wygodne 3 pokoje z panoramicznym widokiem,Wrzeszcz,700 000 zł,62 m²,1 pokój • piętro 4/4 2 pokoje z ogrodem i piwnicą 47 m² 554 000 zł Gd,gratka,19:41-09-05-2025
https://gratka.pl/nieruchomosci/mieszkanie-gdansk-wrzeszcz-mariana-hemara/ob/40973651,2-pokojowy apartament na Garnizonie | Gdańsk,Wrzeszcz,982 838 zł,48 m²," piętro 1/6 Loft z antresolą, ogród! Garnizon, Wrzeszcz 48 m² 999",gratka,19:41-09-05-2025
https://gratka.pl/nieruchomosci/mieszkanie-gdansk-wrzeszcz-mariana-smoluchowskiego/ob/40859319,3 Niezależne pokoje I Przy Uniwerystecie Medycznym,Wrzeszcz,905 000 zł,42 m²,"000 zł 621 m² Skrajny szereg, ogród, garaż, cena do negocjacji 13",gratka,19:41-09-05-2025
https://gratka.pl/nieruchomosci/mieszkanie-gdansk-wrzeszcz-stefana-batorego/ob/40835281,Unikatowe mieszkanie I Wysokie sufity | Kamienica,Wrzeszcz,639 900 zł,46 m², pokoje • piętro 1/2 2 pokoje z ogrodem i piwnicą 47 m² 554 000 zł Gd,gratka,19:41-09-05-2025
https://gratka.pl/nieruchomosci/mieszkanie-gdansk-wrzeszcz-boleslawa-lesmiana/ob/40831015,"Loft z antresolą, ogród! Garnizon, Wrzeszcz",Wrzeszcz,905 000 zł,42 m²,"Loft z antresolą, ogród! Garnizon, Wrzeszcz | Gratka.",gratka,19:41-09-05-2025
https://gratka.pl/nieruchomosci/mieszkanie-gdansk-wrzeszcz-do-studzienki/ob/40785557,Klimatyczne mieszkanie w sercu Wrzeszcza,Wrzeszcz,599 999 zł,39 m²,iczny. Dodatkowym atutem jest ogródek przynależny do nieruchomości.,gratka,19:41-09-05-2025
https://gratka.pl/nieruchomosci/mieszkanie-gdansk-wrzeszcz-jana-kochanowskiego/ob/40743755,GDAŃSK WRZESZCZ! piękne 3 pokoje pod klucz,Wrzeszcz,795 000 zł,42 m²,"AŃSK JASIEŃ! 2 pokoje, taras, ogródek 44 m² 569 000 zł Gdańsk Jasie",gratka,19:41-09-05-2025
https://gratka.pl/nieruchomosci/mieszkanie-gdansk-wrzeszcz-stanislawa-wyspianskiego/ob/40972519,2- pokojowe mieszkanie w centrum Wrzeszcza,Wrzeszcz,635 000 zł,45 m², pokoje • piętro 1/2 2 pokoje z ogrodem i piwnicą 47 m² 554 000 zł Gd,gratka,19:41-09-05-2025
https://gratka.pl/nieruchomosci/mieszkanie-gdansk-wrzeszcz-partyzantow/ob/40681217,Świetna Komunikacja | Wrzeszcz | Wysokie sufity,Wrzeszcz,1 179 000 zł,96 m²," 37 m² • 1 pokój • piętro 1/4 Z ogrodem, na kameralnym osiedlu pod Gd",gratka,19:41-09-05-2025
https://gratka.pl/nieruchomosci/mieszkanie-gdansk-wrzeszcz-mlynska/ob/41441499,IDEALNY NA WYNAJEM i DO ZAMIESZKANIA bez PCC,Wrzeszcz,629 670 zł,45 m²,45 m² • 2 pokoje • piętro 2/4 Ogród | miejsce naziemne | pracowni,gratka,19:41-09-05-2025
https://gratka.pl/nieruchomosci/mieszkanie-gdansk-wrzeszcz/ob/40645099,Apartament niedaleko plaży w Brzeźnie,Wrzeszcz,905 000 zł,42 m²," piętro 1/6 Loft z antresolą, ogród! Garnizon, Wrzeszcz 48 m² 999",gratka,19:41-09-05-2025
https://gratka.pl/nieruchomosci/mieszkanie-gdansk-wrzeszcz/ob/40644629,Apartament niedaleko plaży w Brzeźnie,Wrzeszcz,795 000 zł,42 m²,je • piętro 2/4 3 sypialnie | Ogród i garaż 118 m² 11 000 zł Wars,gratka,19:41-09-05-2025
https://gratka.pl/nieruchomosci/mieszkanie-gdansk-wrzeszcz/ob/40644611,Apartament na najwyższym piętrze niedaleko morza,Wrzeszcz,2 655 455 zł,126 m²,je • piętro 2/4 3 sypialnie | Ogród i garaż 118 m² 11 000 zł Wars,gratka,19:41-09-05-2025
https://gratka.pl/nieruchomosci/mieszkanie-gdansk-wrzeszcz/ob/40644617,Nowoczesne mieszkanie niedaleko plaży w Brzeźnie,Wrzeszcz,819 000 zł,53 m²,je • piętro 2/4 3 sypialnie | Ogród i garaż 118 m² 11 000 zł Wars,gratka,19:41-09-05-2025
https://gratka.pl/nieruchomosci/mieszkanie-gdansk-wrzeszcz/ob/40644597,Wygodne mieszkanie na skraju miasta i lasu,Wrzeszcz,775 977 zł,47 m²,je • piętro 2/4 3 sypialnie | Ogród i garaż 118 m² 11 000 zł Wars,gratka,19:41-09-05-2025
https://gratka.pl/nieruchomosci/mieszkanie-gdansk-wrzeszcz/ob/40644619,Nowoczesne mieszkanie niedaleko plaży w Brzeźnie,Wrzeszcz,899 000 zł,63 m²,je • piętro 2/4 3 sypialnie | Ogród i garaż 118 m² 11 000 zł Wars,gratka,19:41-09-05-2025
https://gratka.pl/nieruchomosci/mieszkanie-gdansk-wrzeszcz-grudziadzka/ob/40641635,Zajezdnia Wrzeszcz! 3 pokoje,Wrzeszcz,1 290 000 zł,59 m²,"000 zł 621 m² Skrajny szereg, ogród, garaż, cena do negocjacji 13",gratka,19:41-09-05-2025
https://gratka.pl/nieruchomosci/mieszkanie-gdansk-wrzeszcz-grzegorza-fitelberga/ob/40592963,"Dwupoziomowe mieszkanie, duży balkon z widokiem",Wrzeszcz,1 270 000 zł,96 m²,1 pokój • piętro 4/4 2 pokoje z ogrodem i piwnicą 47 m² 554 000 zł Gd,gratka,19:41-09-05-2025
https://gratka.pl/nieruchomosci/mieszkanie-gdansk-wrzeszcz-tadeusza-kosciuszki/ob/40570125,Unikatowe 2 pok. mieszkanie na Dolnym Wrzeszczu,Wrzeszcz,819 000 zł,53 m²," • parter/4 Loft z antresolą, ogród! Garnizon, Wrzeszcz 48 m² 999",gratka,19:41-09-05-2025
https://gratka.pl/nieruchomosci/mieszkanie-gdansk-wrzeszcz-gen-de-gaulle-a/ob/40504573,Klimatyczne mieszkanie blisko Galerii Bałtyckiej,Wrzeszcz,Zarezerwowano,76 m²,1 pokój • piętro 4/4 2 pokoje z ogrodem i piwnicą 47 m² 554 000 zł Gd,gratka,19:41-09-05-2025
https://gratka.pl/nieruchomosci/mieszkanie-gdansk-wrzeszcz/ob/40420181,Wygodne mieszkanie na skraju miasta i lasu,Wrzeszcz,872 000 zł,74 m²,je • piętro 2/4 3 sypialnie | Ogród i garaż 118 m² 11 000 zł Wars,gratka,19:41-09-05-2025
https://gratka.pl/nieruchomosci/mieszkanie-gdansk-wrzeszcz/ob/40420179,Wygodne mieszkanie na skraju miasta i lasu,Wrzeszcz,872 000 zł,74 m²,je • piętro 2/4 3 sypialnie | Ogród i garaż 118 m² 11 000 zł Wars,gratka,19:41-09-05-2025
https://gratka.pl/nieruchomosci/mieszkanie-gdansk-wrzeszcz-antoniego-slonimskiego/ob/40419713,Garnizon- wyposażone 2 pok. z miejscem parkingowym,Wrzeszcz,905 000 zł,42 m²," piętro 1/6 Loft z antresolą, ogród! Garnizon, Wrzeszcz 48 m² 999",gratka,19:41-09-05-2025
https://gratka.pl/nieruchomosci/mieszkanie-gdansk-wrzeszcz/ob/40418445,Wygodne mieszkanie na skraju miasta i lasu,Wrzeszcz,775 977 zł,47 m²,je • piętro 2/4 3 sypialnie | Ogród i garaż 118 m² 11 000 zł Wars,gratka,19:41-09-05-2025
https://gratka.pl/nieruchomosci/mieszkanie-gdansk-wrzeszcz/ob/40418447,Wygodne mieszkanie na skraju miasta i lasu,Wrzeszcz,872 000 zł,74 m²,je • piętro 2/4 3 sypialnie | Ogród i garaż 118 m² 11 000 zł Wars,gratka,19:41-09-05-2025
https://gratka.pl/nieruchomosci/mieszkanie-gdansk-wrzeszcz/ob/40418439,Wygodne mieszkanie na skraju miasta i lasu,Wrzeszcz,872 000 zł,74 m²,je • piętro 2/4 3 sypialnie | Ogród i garaż 118 m² 11 000 zł Wars,gratka,19:41-09-05-2025
https://gratka.pl/nieruchomosci/mieszkanie-gdansk-wrzeszcz/ob/40260823,Mieszkanie w centrum Wrzeszcza,Wrzeszcz,635 000 zł,45 m², kamienica miejsce parkingowe ogródek Opis nieruchomości Nieruchomo,gratka,19:41-09-05-2025
https://gratka.pl/nieruchomosci/mieszkanie-gdansk-wrzeszcz/ob/41510295,Kawalerka tuż przy Politechnice! - ogromny taras,Wrzeszcz,415 000 zł,25 m²,"nym, - korytarz, - łazienka + ogródek Nie ma już dostępnych tego ty",gratka,19:41-09-05-2025
https://gratka.pl/nieruchomosci/mieszkanie-gdansk-wrzeszcz-ferdynanda-magellana/ob/40244217,Apartament z widokiem na zatokę,Wrzeszcz,982 838 zł,48 m²," piętro 4/4 Loft z antresolą, ogród! Garnizon, Wrzeszcz 48 m² 999",gratka,19:41-09-05-2025
https://gratka.pl/nieruchomosci/mieszkanie-gdansk-wrzeszcz-jesionowa/ob/40239603,Wrzeszcz 2 Pokoje Do Zamieszkania Lub Na Biuro,Wrzeszcz,635 000 zł,45 m²,Z ogromnym potencjałem 4 pok. ogród piwnica 75 m² 1 050 000 zł Wa,gratka,19:41-09-05-2025
https://gratka.pl/nieruchomosci/mieszkanie-gdansk-wrzeszcz/ob/40239471,Nieruchomość w stylu klasycznego Wrzeszcza,Wrzeszcz,Zarezerwowano,86 m²,je • piętro 2/4 3 sypialnie | Ogród i garaż 118 m² 11 000 zł Wars,gratka,19:41-09-05-2025
https://gratka.pl/nieruchomosci/mieszkanie-gdansk-wrzeszcz-antoniego-slonimskiego/ob/40196345,"Garnizon | Komfortowe, wyposażone mieszkanie",Wrzeszcz,905 000 zł,42 m²," piętro 3/6 Loft z antresolą, ogród! Garnizon, Wrzeszcz 48 m² 999",gratka,19:41-09-05-2025
https://gratka.pl/nieruchomosci/mieszkanie-gdansk-wrzeszcz-aleja-grunwaldzka/ob/40193875,"Kawalerka w sercu Wrzeszcza 41,1m",Wrzeszcz,550 000 zł,42 m²,ętro 2/7 Stylowe mieszkanie | ogródek | Mila Baltica 59 m² 1 290 00,gratka,19:41-09-05-2025
https://gratka.pl/nieruchomosci/mieszkanie-gdansk-wrzeszcz-trubadurow/ob/40159073,Kameralne 2 pokojowe mieszkanie-Centrum Wrzeszcza,Wrzeszcz,635 000 zł,45 m², pokoje • piętro 2/7 2 pokoje z ogrodem i piwnicą 47 m² 554 000 zł Gd,gratka,19:41-09-05-2025
https://gratka.pl/nieruchomosci/mieszkanie-gdansk-wrzeszcz-rozy-ostrowskiej/ob/41466699,"Ustawne, przestronne, urządzone, 3 pok. Wrzeszcz",Wrzeszcz,775 977 zł,47 m²," parter/3 Mieszkanie 3 pokoje,ogród,parkin,.las,staw 75 m² 1 149 ",gratka,19:41-09-05-2025
https://gratka.pl/nieruchomosci/mieszkanie-gdansk-wrzeszcz-antoniego-lendziona/ob/40047679,2 Pokoje z Potencjałem na 3 w Sercu Wrzeszcza,Wrzeszcz,625 000 zł,59 m²,ł 54 m² • 2 pokoje • parter/2 Ogród | miejsce naziemne | pracowni,gratka,19:41-09-05-2025
https://gratka.pl/nieruchomosci/mieszkanie-gdansk-wrzeszcz-aleja-gen-jozefa-hallera/ob/40044523,Mieszkanie na sprzedaż - 130 m² - 5 pokoi Gdańsk Wrzeszcz,Wrzeszcz,2 655 455 zł,126 m²,Z ogromnym potencjałem 4 pok. ogród piwnica 75 m² 1 050 000 zł Wa,gratka,19:41-09-05-2025
https://gratka.pl/nieruchomosci/mieszkanie-gdansk-wrzeszcz-aleja-gen-jozefa-hallera/ob/40044527,Mieszkanie na sprzedaż - 126 m² - 5 pokoi Gdańsk Wrzeszcz,Wrzeszcz,2 655 455 zł,126 m²,Z ogromnym potencjałem 4 pok. ogród piwnica 75 m² 1 050 000 zł Wa,gratka,19:41-09-05-2025
https://gratka.pl/nieruchomosci/mieszkanie-gdansk-wrzeszcz-aleja-gen-jozefa-hallera/ob/40044521,Mieszkanie na sprzedaż - 112 m² - 5 pokoi Gdańsk Wrzeszcz,Wrzeszcz,2 070 274 zł,112 m²,Z ogromnym potencjałem 4 pok. ogród piwnica 75 m² 1 050 000 zł Wa,gratka,19:41-09-05-2025
https://gratka.pl/nieruchomosci/mieszkanie-gdansk-wrzeszcz-aleja-gen-jozefa-hallera/ob/40044525,Mieszkanie na sprzedaż - 112 m² - 5 pokoi Gdańsk Wrzeszcz,Wrzeszcz,2 070 274 zł,112 m²,Z ogromnym potencjałem 4 pok. ogród piwnica 75 m² 1 050 000 zł Wa,gratka,19:41-09-05-2025
https://gratka.pl/nieruchomosci/mieszkanie-gdansk-wrzeszcz-aleja-gen-jozefa-hallera/ob/40043803,Mieszkanie na sprzedaż - 61 m² - 3 pokoje Gdańsk Wrzeszcz,Wrzeszcz,899 000 zł,63 m²,Z ogromnym potencjałem 4 pok. ogród piwnica 75 m² 1 050 000 zł Wa,gratka,19:41-09-05-2025
https://gratka.pl/nieruchomosci/mieszkanie-gdansk-wrzeszcz-aleja-gen-jozefa-hallera/ob/40043815,Mieszkanie na sprzedaż - 99 m² - 5 pokoi Gdańsk Wrzeszcz,Wrzeszcz,1 830 051 zł,99 m²,Z ogromnym potencjałem 4 pok. ogród piwnica 75 m² 1 050 000 zł Wa,gratka,19:41-09-05-2025
https://gratka.pl/nieruchomosci/mieszkanie-gdansk-wrzeszcz-aleja-gen-jozefa-hallera/ob/40043811,Mieszkanie na sprzedaż - 69 m² - 3 pokoje Gdańsk Wrzeszcz,Wrzeszcz,1 290 000 zł,59 m²,Z ogromnym potencjałem 4 pok. ogród piwnica 75 m² 1 050 000 zł Wa,gratka,19:41-09-05-2025
https://gratka.pl/nieruchomosci/mieszkanie-gdansk-wrzeszcz-aleja-gen-jozefa-hallera/ob/40043813,Mieszkanie na sprzedaż - 69 m² - 3 pokoje Gdańsk Wrzeszcz,Wrzeszcz,1 290 000 zł,59 m²,Z ogromnym potencjałem 4 pok. ogród piwnica 75 m² 1 050 000 zł Wa,gratka,19:41-09-05-2025
https://gratka.pl/nieruchomosci/mieszkanie-gdansk-wrzeszcz-aleja-gen-jozefa-hallera/ob/40043801,Mieszkanie na sprzedaż - 42 m² - 2 pokoje Gdańsk Wrzeszcz,Wrzeszcz,905 000 zł,42 m²,Z ogromnym potencjałem 4 pok. ogród piwnica 75 m² 1 050 000 zł Wa,gratka,19:41-09-05-2025
https://gratka.pl/nieruchomosci/mieszkanie-gdansk-wrzeszcz-aleja-gen-jozefa-hallera/ob/40043809,Mieszkanie na sprzedaż - 64 m² - 3 pokoje Gdańsk Wrzeszcz,Wrzeszcz,899 000 zł,63 m²,Z ogromnym potencjałem 4 pok. ogród piwnica 75 m² 1 050 000 zł Wa,gratka,19:41-09-05-2025
https://gratka.pl/nieruchomosci/mieszkanie-gdansk-wrzeszcz-aleja-gen-jozefa-hallera/ob/39981987,Mieszkanie na sprzedaż - 48 m² - 2 pokoje Gdańsk Wrzeszcz,Wrzeszcz,905 000 zł,42 m²,Z ogromnym potencjałem 4 pok. ogród piwnica 75 m² 1 050 000 zł Wa,gratka,19:41-09-05-2025
https://gratka.pl/nieruchomosci/mieszkanie-gdansk-wrzeszcz-aleja-gen-jozefa-hallera/ob/39981989,Mieszkanie na sprzedaż - 51 m² - 2 pokoje Gdańsk Wrzeszcz,Wrzeszcz,905 000 zł,42 m²,Z ogromnym potencjałem 4 pok. ogród piwnica 75 m² 1 050 000 zł Wa,gratka,19:41-09-05-2025
https://gratka.pl/nieruchomosci/mieszkanie-gdansk-wrzeszcz-aleja-gen-jozefa-hallera/ob/39981595,Mieszkanie na sprzedaż - 48 m² - 2 pokoje Gdańsk Wrzeszcz,Wrzeszcz,819 000 zł,53 m²,Z ogromnym potencjałem 4 pok. ogród piwnica 75 m² 1 050 000 zł Wa,gratka,19:41-09-05-2025
https://gratka.pl/nieruchomosci/mieszkanie-gdansk-wrzeszcz-aleja-gen-jozefa-hallera/ob/39981593,Mieszkanie na sprzedaż - 48 m² - 2 pokoje Gdańsk Wrzeszcz,Wrzeszcz,905 000 zł,42 m²,Z ogromnym potencjałem 4 pok. ogród piwnica 75 m² 1 050 000 zł Wa,gratka,19:41-09-05-2025
https://gratka.pl/nieruchomosci/mieszkanie-gdansk-wrzeszcz-aleja-gen-jozefa-hallera/ob/39981591,Mieszkanie na sprzedaż - 48 m² - 2 pokoje Gdańsk Wrzeszcz,Wrzeszcz,819 000 zł,53 m²,Z ogromnym potencjałem 4 pok. ogród piwnica 75 m² 1 050 000 zł Wa,gratka,19:41-09-05-2025
https://gratka.pl/nieruchomosci/mieszkanie-gdansk-wrzeszcz-aleja-gen-jozefa-hallera/ob/39980713,Mieszkanie na sprzedaż - 47 m² - 2 pokoje Gdańsk Wrzeszcz,Wrzeszcz,795 000 zł,42 m²,Z ogromnym potencjałem 4 pok. ogród piwnica 75 m² 1 050 000 zł Wa,gratka,19:41-09-05-2025
https://gratka.pl/nieruchomosci/mieszkanie-gdansk-wrzeszcz-aleja-gen-jozefa-hallera/ob/39977605,"Mieszkanie Dwupokojowe z Balkonem, Wrzeszcz",Wrzeszcz,905 000 zł,42 m²,"rter/3 Dwupokojowe Mieszkanie z Ogrodem, Borkowo 43 m² 440 000 zł Gda",gratka,19:41-09-05-2025
https://gratka.pl/nieruchomosci/mieszkanie-gdansk-wrzeszcz-stefana-batorego/ob/39958539,Stefana Batorego | Blisko Komunikacji | Dwustronne,Wrzeszcz,819 000 zł,53 m²,1 pokój • piętro 4/4 2 pokoje z ogrodem i piwnicą 47 m² 554 000 zł Gd,gratka,19:41-09-05-2025
https://gratka.pl/nieruchomosci/mieszkanie-gdansk-wrzeszcz-karola-szymanowskiego/ob/39955823,Garnizon | Wykończone | Założona KW,Wrzeszcz, Zapytaj ,32 m²,1 pokój • piętro 4/4 2 pokoje z ogrodem i piwnicą 47 m² 554 000 zł Gd,gratka,19:41-09-05-2025
https://gratka.pl/nieruchomosci/mieszkanie-gdansk-wrzeszcz-joachima-lelewela/ob/39935843,Wyjątkowy Apartament Z Tarasem W Sercu Wrzeszcza,Wrzeszcz,1 280 000 zł,67 m²,tro 1/4 Nowoczesne Mieszkanie z Ogrodem 50 Metrów 38 m² 570 000 zł Gd,gratka,19:41-09-05-2025
https://gratka.pl/nieruchomosci/mieszkanie-gdansk-wrzeszcz-mariana-hemara/ob/39935027,Apartament w Garnizonie do własnej aranżacji,Wrzeszcz,849 000 zł,33 m²,1 pokój • piętro 4/4 2 pokoje z ogrodem i piwnicą 47 m² 554 000 zł Gd,gratka,19:41-09-05-2025
https://gratka.pl/nieruchomosci/mieszkanie-gdansk-wrzeszcz-romana-dmowskiego/ob/39895375,66.50 m2 w pięknej kamienicy w centrum Wrzeszcza,Wrzeszcz,975 000 zł,70 m²,1 pokój • piętro 4/4 2 pokoje z ogrodem i piwnicą 47 m² 554 000 zł Gd,gratka,19:41-09-05-2025
https://gratka.pl/nieruchomosci/mieszkanie-gdansk-wrzeszcz-aleja-gen-jozefa-hallera/ob/39881369,Trzy pokoje z oddzielną kuchnią przy tramwaju,Wrzeszcz,635 000 zł,45 m²," 37 m² • 1 pokój • piętro 1/4 Z ogrodem, na kameralnym osiedlu pod Gd",gratka,19:41-09-05-2025
https://gratka.pl/nieruchomosci/mieszkanie-gdansk-wrzeszcz-legionow/ob/39845567,Mieszkanie 4-pokojowe w sercu Wrzeszcza,Wrzeszcz,700 000 zł,62 m²,ętro 2/7 Stylowe mieszkanie | ogródek | Mila Baltica 59 m² 1 290 00,gratka,19:41-09-05-2025
https://gratka.pl/nieruchomosci/mieszkanie-gdansk-wrzeszcz-twarda/ob/39844985,Mieszkanie na sprzedaż - 46 m² - 2 pokoje Gdańsk Wrzeszcz,Wrzeszcz,554 000 zł,47 m²,Z ogromnym potencjałem 4 pok. ogród piwnica 75 m² 1 050 000 zł Wa,gratka,19:41-09-05-2025
https://gratka.pl/nieruchomosci/mieszkanie-gdansk-wrzeszcz-twarda/ob/39844993,Mieszkanie na sprzedaż - 53 m² - 3 pokoje Gdańsk Wrzeszcz,Wrzeszcz,635 000 zł,45 m²,Z ogromnym potencjałem 4 pok. ogród piwnica 75 m² 1 050 000 zł Wa,gratka,19:41-09-05-2025
https://gratka.pl/nieruchomosci/mieszkanie-gdansk-wrzeszcz-twarda/ob/39844989,Mieszkanie na sprzedaż - 47 m² - 3 pokoje Gdańsk Wrzeszcz,Wrzeszcz,635 000 zł,45 m²,Z ogromnym potencjałem 4 pok. ogród piwnica 75 m² 1 050 000 zł Wa,gratka,19:41-09-05-2025
https://gratka.pl/nieruchomosci/mieszkanie-gdansk-wrzeszcz-twarda/ob/39844995,Mieszkanie na sprzedaż - 48 m² - 3 pokoje Gdańsk Wrzeszcz,Wrzeszcz,635 000 zł,45 m²,Z ogromnym potencjałem 4 pok. ogród piwnica 75 m² 1 050 000 zł Wa,gratka,19:41-09-05-2025
https://gratka.pl/nieruchomosci/mieszkanie-gdansk-wrzeszcz-twarda/ob/39844991,Mieszkanie na sprzedaż - 48 m² - 3 pokoje Gdańsk Wrzeszcz,Wrzeszcz,635 000 zł,45 m²,Z ogromnym potencjałem 4 pok. ogród piwnica 75 m² 1 050 000 zł Wa,gratka,19:41-09-05-2025
https://gratka.pl/nieruchomosci/mieszkanie-gdansk-wrzeszcz-twarda/ob/39844999,Mieszkanie na sprzedaż - 48 m² - 3 pokoje Gdańsk Wrzeszcz,Wrzeszcz,635 000 zł,45 m²,Z ogromnym potencjałem 4 pok. ogród piwnica 75 m² 1 050 000 zł Wa,gratka,19:41-09-05-2025
https://gratka.pl/nieruchomosci/mieszkanie-gdansk-wrzeszcz-twarda/ob/39844315,Mieszkanie na sprzedaż - 41 m² - 2 pokoje Gdańsk Wrzeszcz,Wrzeszcz,550 000 zł,42 m²,Z ogromnym potencjałem 4 pok. ogród piwnica 75 m² 1 050 000 zł Wa,gratka,19:41-09-05-2025
https://gratka.pl/nieruchomosci/mieszkanie-gdansk-wrzeszcz-twarda/ob/39844299,Mieszkanie na sprzedaż - 27 m² - 1 pokój Gdańsk Wrzeszcz,Wrzeszcz,300 600 zł,24 m²,Z ogromnym potencjałem 4 pok. ogród piwnica 75 m² 1 050 000 zł Wa,gratka,19:41-09-05-2025
https://gratka.pl/nieruchomosci/mieszkanie-gdansk-wrzeszcz-twarda/ob/39844301,Mieszkanie na sprzedaż - 32 m² - 2 pokoje Gdańsk Wrzeszcz,Wrzeszcz,415 000 zł,25 m²,Z ogromnym potencjałem 4 pok. ogród piwnica 75 m² 1 050 000 zł Wa,gratka,19:41-09-05-2025
https://gratka.pl/nieruchomosci/mieszkanie-gdansk-wrzeszcz-twarda/ob/39844323,Mieszkanie na sprzedaż - 36 m² - 2 pokoje Gdańsk Wrzeszcz,Wrzeszcz,519 000 zł,39 m²,Z ogromnym potencjałem 4 pok. ogród piwnica 75 m² 1 050 000 zł Wa,gratka,19:41-09-05-2025
https://gratka.pl/nieruchomosci/mieszkanie-gdansk-wrzeszcz-twarda/ob/39844317,Mieszkanie na sprzedaż - 43 m² - 2 pokoje Gdańsk Wrzeszcz,Wrzeszcz,550 000 zł,42 m²,Z ogromnym potencjałem 4 pok. ogród piwnica 75 m² 1 050 000 zł Wa,gratka,19:41-09-05-2025
https://gratka.pl/nieruchomosci/mieszkanie-gdansk-wrzeszcz-twarda/ob/39844311,Mieszkanie na sprzedaż - 28 m² - 1 pokój Gdańsk Wrzeszcz,Wrzeszcz,415 000 zł,25 m²,Z ogromnym potencjałem 4 pok. ogród piwnica 75 m² 1 050 000 zł Wa,gratka,19:41-09-05-2025
https://gratka.pl/nieruchomosci/mieszkanie-gdansk-wrzeszcz-twarda/ob/39844305,Mieszkanie na sprzedaż - 35 m² - 2 pokoje Gdańsk Wrzeszcz,Wrzeszcz,519 000 zł,39 m²,Z ogromnym potencjałem 4 pok. ogród piwnica 75 m² 1 050 000 zł Wa,gratka,19:41-09-05-2025
https://gratka.pl/nieruchomosci/mieszkanie-gdansk-wrzeszcz-twarda/ob/39844295,Mieszkanie na sprzedaż - 25 m² - 1 pokój Gdańsk Wrzeszcz,Wrzeszcz,300 600 zł,24 m²,Z ogromnym potencjałem 4 pok. ogród piwnica 75 m² 1 050 000 zł Wa,gratka,19:41-09-05-2025
https://gratka.pl/nieruchomosci/mieszkanie-gdansk-wrzeszcz-twarda/ob/39843825,Mieszkanie na sprzedaż - 25 m² - 1 pokój Gdańsk Wrzeszcz,Wrzeszcz,300 600 zł,24 m²,Z ogromnym potencjałem 4 pok. ogród piwnica 75 m² 1 050 000 zł Wa,gratka,19:41-09-05-2025
https://gratka.pl/nieruchomosci/mieszkanie-gdansk-wrzeszcz-twarda/ob/39843929,Mieszkanie na sprzedaż - 24 m² - 1 pokój Gdańsk Wrzeszcz,Wrzeszcz,300 600 zł,24 m²,Z ogromnym potencjałem 4 pok. ogród piwnica 75 m² 1 050 000 zł Wa,gratka,19:41-09-05-2025
https://gratka.pl/nieruchomosci/mieszkanie-gdansk-wrzeszcz-twarda/ob/39843823,Mieszkanie na sprzedaż - 25 m² - 1 pokój Gdańsk Wrzeszcz,Wrzeszcz,300 600 zł,24 m²,Z ogromnym potencjałem 4 pok. ogród piwnica 75 m² 1 050 000 zł Wa,gratka,19:41-09-05-2025
https://gratka.pl/nieruchomosci/mieszkanie-gdansk-wrzeszcz-twarda/ob/39843827,Mieszkanie na sprzedaż - 25 m² - 1 pokój Gdańsk Wrzeszcz,Wrzeszcz,300 600 zł,24 m²,Z ogromnym potencjałem 4 pok. ogród piwnica 75 m² 1 050 000 zł Wa,gratka,19:41-09-05-2025
https://gratka.pl/nieruchomosci/mieszkanie-gdansk-wrzeszcz-twarda/ob/39843811,Mieszkanie na sprzedaż - 24 m² - 1 pokój Gdańsk Wrzeszcz,Wrzeszcz,300 600 zł,24 m²,Z ogromnym potencjałem 4 pok. ogród piwnica 75 m² 1 050 000 zł Wa,gratka,19:41-09-05-2025
https://gratka.pl/nieruchomosci/mieszkanie-gdansk-wrzeszcz-twarda/ob/39843817,Mieszkanie na sprzedaż - 25 m² - 1 pokój Gdańsk Wrzeszcz,Wrzeszcz,300 600 zł,24 m²,Z ogromnym potencjałem 4 pok. ogród piwnica 75 m² 1 050 000 zł Wa,gratka,19:41-09-05-2025
https://gratka.pl/nieruchomosci/mieszkanie-gdansk-wrzeszcz-twarda/ob/39843819,Mieszkanie na sprzedaż - 25 m² - 1 pokój Gdańsk Wrzeszcz,Wrzeszcz,300 600 zł,24 m²,Z ogromnym potencjałem 4 pok. ogród piwnica 75 m² 1 050 000 zł Wa,gratka,19:41-09-05-2025
https://gratka.pl/nieruchomosci/mieszkanie-gdansk-wrzeszcz-krzysztofa-kamila-baczynskiego/ob/41375461,"Centrum Wrzeszcz, Do własnej aranżacji",Wrzeszcz,554 000 zł,47 m²,Pokaż Podobne oferty 2 pokoje z ogrodem i piwnicą 47 m² 554 000 zł Gd,gratka,19:41-09-05-2025
https://gratka.pl/nieruchomosci/mieszkanie-gdansk-wrzeszcz-juliusza-slowackiego/ob/39784567,"4-pokoje, ul. Słowackiego, obok Garnizonu",Wrzeszcz,1 100 000 zł,84 m²,1 pokój • piętro 4/4 2 pokoje z ogrodem i piwnicą 47 m² 554 000 zł Gd,gratka,19:41-09-05-2025
https://gratka.pl/nieruchomosci/mieszkanie-gdansk-wrzeszcz-grazyny/ob/39735939,2-pok. w kamienicy do remontu obok Browaru Gdańsk,Wrzeszcz,1 349 000 zł,197 m²,nia kamienica kuchnia otwarta ogródek Opis nieruchomości homfi ma p,gratka,19:41-09-05-2025
https://gratka.pl/nieruchomosci/mieszkanie-gdansk-wrzeszcz-aleja-romana-dmowskiego/ob/39687887,Inwestycyjna perełka w sercu Wrzeszcza – mieszkanie z potencjałem,Wrzeszcz,975 000 zł,70 m²,a od zaraz – dom wolnostojący z ogrodem 159 m² 1 799 000 zł Oborniki ,gratka,19:41-09-05-2025
https://gratka.pl/nieruchomosci/mieszkanie-gdansk-wrzeszcz-sobotki/ob/39685389,Trzy mieszkania w jednym inwestycyjna perełka,Wrzeszcz,2 070 274 zł,112 m²,Z ogromnym potencjałem 4 pok. ogród piwnica 75 m² 1 050 000 zł Wa,gratka,19:41-09-05-2025
https://gratka.pl/nieruchomosci/mieszkanie-gdansk-wrzeszcz-bohaterow-getta-warszawskiego/ob/39663387,Wrzeszcz Górny - 200m od Politechniki Gdańskiej,Wrzeszcz,Zarezerwowano,76 m²,"000 zł 621 m² Skrajny szereg, ogród, garaż, cena do negocjacji 13",gratka,19:41-09-05-2025
https://gratka.pl/nieruchomosci/mieszkanie-gdansk-wrzeszcz-aleja-romana-dmowskiego/ob/39645277,Klimatyczna okolica! Mieszkanie z potencjałem,Wrzeszcz,975 000 zł,70 m²,a od zaraz – dom wolnostojący z ogrodem 159 m² 1 799 000 zł Oborniki ,gratka,19:41-09-05-2025
https://gratka.pl/nieruchomosci/mieszkanie-gdansk-wrzeszcz-marynarki-polskiej/ob/39643151,"3 duże pokoje (możliwe 4), świetna komunikacja",Wrzeszcz,819 000 zł,53 m²,1 pokój • piętro 4/4 2 pokoje z ogrodem i piwnicą 47 m² 554 000 zł Gd,gratka,19:41-09-05-2025
https://gratka.pl/nieruchomosci/mieszkanie-gdansk-wrzeszcz-boleslawa-prusa/ob/41324899,2 mieszkania z piwnicami garażem we Wrzeszczu,Wrzeszcz,Zarezerwowano,86 m²,uchnia otwarta kuchnia osobna ogródek piwnica wanna widna kuchnia O,gratka,19:41-09-05-2025
https://gratka.pl/nieruchomosci/mieszkanie-gdansk-wrzeszcz-aleja-grunwaldzka/ob/39619667,Wyjątkowe 4-pokojowe mieszkanie we Wrzeszczu,Wrzeszcz,1 308 800 zł,81 m²,"000 zł 621 m² Skrajny szereg, ogród, garaż, cena do negocjacji 13",gratka,19:41-09-05-2025
https://gratka.pl/nieruchomosci/mieszkanie-gdansk-wrzeszcz-aleja-gen-jozefa-hallera/ob/39604493,Mieszkanie 2-pokojowe Gdańsk Wrzeszcz,Wrzeszcz,795 000 zł,42 m²,"000 zł 621 m² Skrajny szereg, ogród, garaż, cena do negocjacji 13",gratka,19:41-09-05-2025
https://gratka.pl/nieruchomosci/mieszkanie-gdansk-wrzeszcz-aleja-gen-jozefa-hallera/ob/39604483,Mieszkanie 3 -pokojowe Gdańsk Wrzeszcz,Wrzeszcz,899 000 zł,63 m²,"000 zł 621 m² Skrajny szereg, ogród, garaż, cena do negocjacji 13",gratka,19:41-09-05-2025
https://gratka.pl/nieruchomosci/mieszkanie-gdansk-wrzeszcz-aleja-gen-jozefa-hallera/ob/39604481,Mieszkanie 2-pokojowe Gdańsk Wrzeszcz,Wrzeszcz,905 000 zł,42 m²,"000 zł 621 m² Skrajny szereg, ogród, garaż, cena do negocjacji 13",gratka,19:41-09-05-2025
https://gratka.pl/nieruchomosci/mieszkanie-gdansk-wrzeszcz-de-gaullea-charlsa/ob/41492887,Mieszkanie z wyjątkowym klimetem w sercu Wrzeszcz,Wrzeszcz,700 000 zł,62 m²,ter/6 Do wprowadzenia. Garaż. Ogródek 80 m² 890 000 zł Gdańsk Ujeśc,gratka,19:41-09-05-2025
https://gratka.pl/nieruchomosci/mieszkanie-gdansk-wrzeszcz-joachima-lelewela/ob/39520009,Mieszkanie na Prestiżowym Osiedlu Browar Gdański,Wrzeszcz,905 000 zł,42 m²,ętro 2/7 Stylowe mieszkanie | ogródek | Mila Baltica 59 m² 1 290 00,gratka,19:41-09-05-2025
https://gratka.pl/nieruchomosci/mieszkanie-gdansk-wrzeszcz/ob/39493609,Apartament na najwyższym piętrze niedaleko morza,Wrzeszcz,1 830 051 zł,99 m²,je • piętro 2/4 3 sypialnie | Ogród i garaż 118 m² 11 000 zł Wars,gratka,19:41-09-05-2025
https://gratka.pl/nieruchomosci/mieszkanie-gdansk-wrzeszcz/ob/39471637,Apartament na najwyższym piętrze niedaleko morza,Wrzeszcz,2 070 274 zł,112 m²,je • piętro 2/4 3 sypialnie | Ogród i garaż 118 m² 11 000 zł Wars,gratka,19:41-09-05-2025
https://gratka.pl/nieruchomosci/mieszkanie-gdansk-wrzeszcz-stanislawa-wyspianskiego/ob/39456943,Atrakcyjne mieszkanie w sercu Wrzeszcza,Wrzeszcz,819 000 zł,53 m²,1 pokój • piętro 4/4 2 pokoje z ogrodem i piwnicą 47 m² 554 000 zł Gd,gratka,19:41-09-05-2025
https://gratka.pl/nieruchomosci/mieszkanie-gdansk-wrzeszcz-jarowa/ob/39455517,162 m2! 1 lub 2 mieszkania! 2 miejsca w cenie,Wrzeszcz,830 000 zł,59 m²,1 pokój • piętro 4/4 2 pokoje z ogrodem i piwnicą 47 m² 554 000 zł Gd,gratka,19:41-09-05-2025
https://gratka.pl/nieruchomosci/mieszkanie-gdansk-wrzeszcz-joachima-lelewela/ob/39414351,"Browar Gdański | Komórka 8,88 m2 | Miejsce w Hali",Wrzeszcz,1 290 000 zł,59 m²,e oferty Stylowe mieszkanie | ogródek | Mila Baltica 59 m² 1 290 00,gratka,19:41-09-05-2025
https://gratka.pl/nieruchomosci/mieszkanie-gdansk-wrzeszcz-stanislawa-pawlowskiego/ob/39389337,"90,7 m2 na poddaszu - w willi przy Jaśkowej Dolinie",Wrzeszcz,1 179 000 zł,96 m²,mienica do remontu dwustronne ogródek piwnica poddasze Opis nieruch,gratka,19:41-09-05-2025
https://gratka.pl/nieruchomosci/mieszkanie-gdansk-wrzeszcz-mariana-smoluchowskiego/ob/39388479,"Po remoncie, nowe mieszkanie na sprzedaż - Gdańsk",Wrzeszcz,819 000 zł,53 m²," piętro 4/4 Loft z antresolą, ogród! Garnizon, Wrzeszcz 48 m² 999",gratka,19:41-09-05-2025
https://gratka.pl/nieruchomosci/mieszkanie-gdansk-wrzeszcz-obywatelska/ob/39336441,Mieszkanie Inwestycyjne | STUDENCI | 3 pokoje,Wrzeszcz,519 000 zł,39 m²,ętro 2/7 Stylowe mieszkanie | ogródek | Mila Baltica 59 m² 1 290 00,gratka,19:41-09-05-2025
https://gratka.pl/nieruchomosci/mieszkanie-gdansk-wrzeszcz-joachima-lelewela/ob/39234797,Apartament 4 pokojowy w Browarze,Wrzeszcz,1 799 000 zł,79 m²,1 pokój • piętro 4/4 2 pokoje z ogrodem i piwnicą 47 m² 554 000 zł Gd,gratka,19:41-09-05-2025
https://gratka.pl/nieruchomosci/mieszkanie-gdansk-wrzeszcz-ks-jozefa-zator-przytockiego/ob/38858619,Nietuzinkowy Loft Wrzeszcz,Wrzeszcz,1 290 000 zł,59 m²,e oferty Stylowe mieszkanie | ogródek | Mila Baltica 59 m² 1 290 00,gratka,19:41-09-05-2025
https://gratka.pl/nieruchomosci/mieszkanie-gdansk-wrzeszcz-bernarda-chrzanowskiego/ob/38851539,Dwupoziomowe mieszkanie Gdańsk Wrzeszcz,Wrzeszcz,1 449 000 zł,117 m²,Z ogromnym potencjałem 4 pok. ogród piwnica 75 m² 1 050 000 zł Wa,gratka,19:41-09-05-2025
https://gratka.pl/nieruchomosci/mieszkanie-gdansk-wrzeszcz-saperow/ob/38835405,Gotowiec inwestycyjny - 2 niezależne mieszkania,Wrzeszcz,919 000 zł,98 m²,1 pokój • piętro 4/4 2 pokoje z ogrodem i piwnicą 47 m² 554 000 zł Gd,gratka,19:41-09-05-2025
https://gratka.pl/nieruchomosci/mieszkanie-gdansk-wrzeszcz-grazyny/ob/41492777,Po remoncie-3 pokoje z ogródkiem-Gdańsk Wrzeszcz,Wrzeszcz,Zarezerwowano,76 m²,ieszkania kamienica antresola ogródek piwnica Opis nieruchomości Of,gratka,19:41-09-05-2025
https://gratka.pl/nieruchomosci/mieszkanie-gdansk-wrzeszcz-saperow/ob/39761011,Apartament w historycznej kamienicy | Wrzeszcz,Wrzeszcz,Zarezerwowano,86 m²,ętro 2/7 Stylowe mieszkanie | ogródek | Mila Baltica 59 m² 1 290 00,gratka,19:41-09-05-2025
https://gratka.pl/nieruchomosci/mieszkanie-gdansk-wrzeszcz-aleja-gen-jozefa-hallera/ob/38606631,"Mieszkanie Trzypokojowe z Loggią, Wrzeszcz",Wrzeszcz,1 290 000 zł,59 m²,e oferty Stylowe mieszkanie | ogródek | Mila Baltica 59 m² 1 290 00,gratka,19:41-09-05-2025
https://gratka.pl/nieruchomosci/mieszkanie-gdansk-wrzeszcz-juliusza-slowackiego/ob/38571975,Ogród | miejsce naziemne | pracownia/kancelaria,Wrzeszcz,599 000 zł,42 m²,Ogród | miejsce naziemne | pracowni,gratka,19:41-09-05-2025
https://gratka.pl/nieruchomosci/mieszkanie-gdansk-wrzeszcz-legionow/ob/38504299,3 pokoje w sercu Wrzeszcza,Wrzeszcz,635 000 zł,45 m²,ętro 2/7 Stylowe mieszkanie | ogródek | Mila Baltica 59 m² 1 290 00,gratka,19:41-09-05-2025
https://gratka.pl/nieruchomosci/mieszkanie-gdansk-wrzeszcz-do-studzienki/ob/38351977,4 pokoje z balkonem w rewelacyjnej lokalizacji,Wrzeszcz,Zarezerwowano,86 m²,1 pokój • piętro 4/4 2 pokoje z ogrodem i piwnicą 47 m² 554 000 zł Gd,gratka,19:41-09-05-2025
https://gratka.pl/nieruchomosci/mieszkanie-gdansk-wrzeszcz-aleja-grunwaldzka/ob/38242685,Przestronna kawalerka z balkonem- wszędzie blisko,Wrzeszcz,415 000 zł,25 m²,8 pokoi Kamienica po remoncie z ogrodem Apartamenty 317 m² 3 495 000 ,gratka,19:41-09-05-2025
https://gratka.pl/nieruchomosci/mieszkanie-gdansk-wrzeszcz-jesionowa-6b/ob/38201851,Mieszkanie na sprzedaż - 58 m² - 3 pokoje Gdańsk Wrzeszcz,Wrzeszcz,635 000 zł,45 m²,ętro 2/7 Stylowe mieszkanie | ogródek | Mila Baltica 59 m² 1 290 00,gratka,19:41-09-05-2025
https://gratka.pl/nieruchomosci/mieszkanie-gdansk-wrzeszcz-jesionowa-6b/ob/38201967,Mieszkanie na sprzedaż - 60 m² - 3 pokoje Gdańsk Wrzeszcz,Wrzeszcz,700 000 zł,62 m²,ętro 2/7 Stylowe mieszkanie | ogródek | Mila Baltica 59 m² 1 290 00,gratka,19:41-09-05-2025
https://gratka.pl/nieruchomosci/mieszkanie-gdansk-wrzeszcz-jesionowa-6b/ob/38201889,Mieszkanie na sprzedaż - 54 m² - 3 pokoje Gdańsk Wrzeszcz,Wrzeszcz,635 000 zł,45 m²,ętro 2/7 Stylowe mieszkanie | ogródek | Mila Baltica 59 m² 1 290 00,gratka,19:41-09-05-2025
https://gratka.pl/nieruchomosci/mieszkanie-gdansk-wrzeszcz-jesionowa-6b/ob/38201981,Mieszkanie na sprzedaż - 61 m² - 3 pokoje Gdańsk Wrzeszcz,Wrzeszcz,700 000 zł,62 m²,ętro 2/7 Stylowe mieszkanie | ogródek | Mila Baltica 59 m² 1 290 00,gratka,19:41-09-05-2025
https://gratka.pl/nieruchomosci/mieszkanie-gdansk-wrzeszcz-jesionowa-6b/ob/38201965,Mieszkanie na sprzedaż - 64 m² - 3 pokoje Gdańsk Wrzeszcz,Wrzeszcz,700 000 zł,62 m²,ętro 3/3 Stylowe mieszkanie | ogródek | Mila Baltica 59 m² 1 290 00,gratka,19:41-09-05-2025
https://gratka.pl/nieruchomosci/mieszkanie-gdansk-wrzeszcz-jesionowa-6b/ob/38201963,Mieszkanie na sprzedaż - 49 m² - 3 pokoje Gdańsk Wrzeszcz,Wrzeszcz,905 000 zł,42 m², pokoje • piętro 2/7 2 pokoje z ogrodem i piwnicą 47 m² 554 000 zł Gd,gratka,19:41-09-05-2025
https://gratka.pl/nieruchomosci/mieszkanie-gdansk-wrzeszcz-jesionowa-6b/ob/38201969,Mieszkanie na sprzedaż - 51 m² - 3 pokoje Gdańsk Wrzeszcz,Wrzeszcz,905 000 zł,42 m², pokoje • piętro 2/7 2 pokoje z ogrodem i piwnicą 47 m² 554 000 zł Gd,gratka,19:41-09-05-2025
https://gratka.pl/nieruchomosci/mieszkanie-gdansk-wrzeszcz-jesionowa-6b/ob/38201919,Mieszkanie na sprzedaż - 56 m² - 3 pokoje Gdańsk Wrzeszcz,Wrzeszcz,635 000 zł,45 m²,ętro 2/7 Stylowe mieszkanie | ogródek | Mila Baltica 59 m² 1 290 00,gratka,19:41-09-05-2025
https://gratka.pl/nieruchomosci/mieszkanie-gdansk-wrzeszcz-jesionowa-6b/ob/38201907,Mieszkanie na sprzedaż - 65 m² - 3 pokoje Gdańsk Wrzeszcz,Wrzeszcz,700 000 zł,62 m²,parter/3 Stylowe mieszkanie | ogródek | Mila Baltica 59 m² 1 290 00,gratka,19:41-09-05-2025
https://gratka.pl/nieruchomosci/mieszkanie-gdansk-wrzeszcz-jesionowa-6b/ob/38201861,Mieszkanie na sprzedaż - 52 m² - 3 pokoje Gdańsk Wrzeszcz,Wrzeszcz,905 000 zł,42 m²,ętro 2/7 Stylowe mieszkanie | ogródek | Mila Baltica 59 m² 1 290 00,gratka,19:41-09-05-2025
https://gratka.pl/nieruchomosci/mieszkanie-gdansk-wrzeszcz-jesionowa-6b/ob/38201879,Mieszkanie na sprzedaż - 65 m² - 3 pokoje Gdańsk Wrzeszcz,Wrzeszcz,700 000 zł,62 m²,parter/3 Stylowe mieszkanie | ogródek | Mila Baltica 59 m² 1 290 00,gratka,19:41-09-05-2025
https://gratka.pl/nieruchomosci/mieszkanie-gdansk-wrzeszcz-jesionowa-6b/ob/38201857,Mieszkanie na sprzedaż - 63 m² - 3 pokoje Gdańsk Wrzeszcz,Wrzeszcz,700 000 zł,62 m²,ętro 2/7 Stylowe mieszkanie | ogródek | Mila Baltica 59 m² 1 290 00,gratka,19:41-09-05-2025
https://gratka.pl/nieruchomosci/mieszkanie-gdansk-wrzeszcz-jesionowa-6b/ob/38201997,Mieszkanie na sprzedaż - 55 m² - 3 pokoje Gdańsk Wrzeszcz,Wrzeszcz,635 000 zł,45 m²,ętro 2/7 Stylowe mieszkanie | ogródek | Mila Baltica 59 m² 1 290 00,gratka,19:41-09-05-2025
https://gratka.pl/nieruchomosci/mieszkanie-gdansk-wrzeszcz-jesionowa-6b/ob/38201983,Mieszkanie na sprzedaż - 60 m² - 3 pokoje Gdańsk Wrzeszcz,Wrzeszcz,700 000 zł,62 m²,ętro 2/7 Stylowe mieszkanie | ogródek | Mila Baltica 59 m² 1 290 00,gratka,19:41-09-05-2025
https://gratka.pl/nieruchomosci/mieszkanie-gdansk-wrzeszcz-jesionowa-6b/ob/38201845,Mieszkanie na sprzedaż - 56 m² - 3 pokoje Gdańsk Wrzeszcz,Wrzeszcz,635 000 zł,45 m²,ętro 2/7 Stylowe mieszkanie | ogródek | Mila Baltica 59 m² 1 290 00,gratka,19:41-09-05-2025
https://gratka.pl/nieruchomosci/mieszkanie-gdansk-wrzeszcz-jesionowa-6b/ob/38201955,Mieszkanie na sprzedaż - 44 m² - 2 pokoje Gdańsk Wrzeszcz,Wrzeszcz,905 000 zł,42 m²,okoje • piętro 10/10 2 pokoje z ogrodem i piwnicą 47 m² 554 000 zł Gd,gratka,19:41-09-05-2025
https://gratka.pl/nieruchomosci/mieszkanie-gdansk-wrzeszcz-jesionowa-6b/ob/38201901,Mieszkanie na sprzedaż - 58 m² - 3 pokoje Gdańsk Wrzeszcz,Wrzeszcz,635 000 zł,45 m²,ętro 2/7 Stylowe mieszkanie | ogródek | Mila Baltica 59 m² 1 290 00,gratka,19:41-09-05-2025
https://gratka.pl/nieruchomosci/mieszkanie-gdansk-wrzeszcz-jesionowa-6b/ob/38201887,Mieszkanie na sprzedaż - 52 m² - 3 pokoje Gdańsk Wrzeszcz,Wrzeszcz,905 000 zł,42 m²,ętro 2/7 Stylowe mieszkanie | ogródek | Mila Baltica 59 m² 1 290 00,gratka,19:41-09-05-2025
https://gratka.pl/nieruchomosci/mieszkanie-gdansk-wrzeszcz-jesionowa-6b/ob/38201855,Mieszkanie na sprzedaż - 65 m² - 3 pokoje Gdańsk Wrzeszcz,Wrzeszcz,700 000 zł,62 m²,parter/3 Stylowe mieszkanie | ogródek | Mila Baltica 59 m² 1 290 00,gratka,19:41-09-05-2025
https://gratka.pl/nieruchomosci/mieszkanie-gdansk-wrzeszcz-jesionowa-6b/ob/38201881,Mieszkanie na sprzedaż - 63 m² - 3 pokoje Gdańsk Wrzeszcz,Wrzeszcz,700 000 zł,62 m²,ętro 2/7 Stylowe mieszkanie | ogródek | Mila Baltica 59 m² 1 290 00,gratka,19:41-09-05-2025
https://gratka.pl/nieruchomosci/mieszkanie-gdansk-wrzeszcz-jesionowa-6b/ob/38201937,Mieszkanie na sprzedaż - 54 m² - 3 pokoje Gdańsk Wrzeszcz,Wrzeszcz,635 000 zł,45 m²,ętro 2/7 Stylowe mieszkanie | ogródek | Mila Baltica 59 m² 1 290 00,gratka,19:41-09-05-2025
https://gratka.pl/nieruchomosci/mieszkanie-gdansk-wrzeszcz-jesionowa-6b/ob/38201847,Mieszkanie na sprzedaż - 46 m² - 1 pokój Gdańsk Wrzeszcz,Wrzeszcz,905 000 zł,42 m²,okoje • piętro 10/10 2 pokoje z ogrodem i piwnicą 47 m² 554 000 zł Gd,gratka,19:41-09-05-2025
https://gratka.pl/nieruchomosci/mieszkanie-gdansk-wrzeszcz-jesionowa-6b/ob/38201975,Mieszkanie na sprzedaż - 51 m² - 3 pokoje Gdańsk Wrzeszcz,Wrzeszcz,905 000 zł,42 m², pokoje • piętro 2/7 2 pokoje z ogrodem i piwnicą 47 m² 554 000 zł Gd,gratka,19:41-09-05-2025
https://gratka.pl/nieruchomosci/mieszkanie-gdansk-wrzeszcz-jesionowa-6b/ob/38201993,Mieszkanie na sprzedaż - 46 m² - 3 pokoje Gdańsk Wrzeszcz,Wrzeszcz,905 000 zł,42 m²,okoje • piętro 10/10 2 pokoje z ogrodem i piwnicą 47 m² 554 000 zł Gd,gratka,19:41-09-05-2025
https://gratka.pl/nieruchomosci/mieszkanie-gdansk-wrzeszcz-jesionowa-6b/ob/38201869,Mieszkanie na sprzedaż - 56 m² - 3 pokoje Gdańsk Wrzeszcz,Wrzeszcz,635 000 zł,45 m²,ętro 2/7 Stylowe mieszkanie | ogródek | Mila Baltica 59 m² 1 290 00,gratka,19:41-09-05-2025
https://gratka.pl/nieruchomosci/mieszkanie-gdansk-wrzeszcz-jesionowa-6b/ob/38201927,Mieszkanie na sprzedaż - 58 m² - 3 pokoje Gdańsk Wrzeszcz,Wrzeszcz,635 000 zł,45 m²,ętro 2/7 Stylowe mieszkanie | ogródek | Mila Baltica 59 m² 1 290 00,gratka,19:41-09-05-2025
https://gratka.pl/nieruchomosci/mieszkanie-gdansk-wrzeszcz-jesionowa-6b/ob/38201917,Mieszkanie na sprzedaż - 54 m² - 3 pokoje Gdańsk Wrzeszcz,Wrzeszcz,635 000 zł,45 m²,ętro 2/7 Stylowe mieszkanie | ogródek | Mila Baltica 59 m² 1 290 00,gratka,19:41-09-05-2025
https://gratka.pl/nieruchomosci/mieszkanie-gdansk-wrzeszcz-jesionowa-6b/ob/38201951,Mieszkanie na sprzedaż - 58 m² - 3 pokoje Gdańsk Wrzeszcz,Wrzeszcz,635 000 zł,45 m²,ętro 2/7 Stylowe mieszkanie | ogródek | Mila Baltica 59 m² 1 290 00,gratka,19:41-09-05-2025
https://gratka.pl/nieruchomosci/mieszkanie-gdansk-wrzeszcz-jesionowa-6b/ob/38201883,Mieszkanie na sprzedaż - 49 m² - 2 pokoje Gdańsk Wrzeszcz,Wrzeszcz,905 000 zł,42 m², pokoje • piętro 2/7 2 pokoje z ogrodem i piwnicą 47 m² 554 000 zł Gd,gratka,19:41-09-05-2025
https://gratka.pl/nieruchomosci/mieszkanie-gdansk-wrzeszcz-jesionowa-6b/ob/38201905,Mieszkanie na sprzedaż - 49 m² - 2 pokoje Gdańsk Wrzeszcz,Wrzeszcz,905 000 zł,42 m², pokoje • piętro 2/7 2 pokoje z ogrodem i piwnicą 47 m² 554 000 zł Gd,gratka,19:41-09-05-2025
https://gratka.pl/nieruchomosci/mieszkanie-gdansk-wrzeszcz-jesionowa-6b/ob/38201957,Mieszkanie na sprzedaż - 51 m² - 3 pokoje Gdańsk Wrzeszcz,Wrzeszcz,905 000 zł,42 m², pokoje • piętro 2/7 2 pokoje z ogrodem i piwnicą 47 m² 554 000 zł Gd,gratka,19:41-09-05-2025
https://gratka.pl/nieruchomosci/mieszkanie-gdansk-wrzeszcz-jesionowa-6b/ob/38201947,Mieszkanie na sprzedaż - 55 m² - 3 pokoje Gdańsk Wrzeszcz,Wrzeszcz,635 000 zł,45 m²,ętro 2/7 Stylowe mieszkanie | ogródek | Mila Baltica 59 m² 1 290 00,gratka,19:41-09-05-2025
https://gratka.pl/nieruchomosci/mieszkanie-gdansk-wrzeszcz-jesionowa-6b/ob/38201995,Mieszkanie na sprzedaż - 51 m² - 3 pokoje Gdańsk Wrzeszcz,Wrzeszcz,905 000 zł,42 m², pokoje • piętro 2/7 2 pokoje z ogrodem i piwnicą 47 m² 554 000 zł Gd,gratka,19:41-09-05-2025
https://gratka.pl/nieruchomosci/mieszkanie-gdansk-wrzeszcz-jesionowa-6b/ob/38201909,Mieszkanie na sprzedaż - 52 m² - 3 pokoje Gdańsk Wrzeszcz,Wrzeszcz,905 000 zł,42 m²,ętro 2/7 Stylowe mieszkanie | ogródek | Mila Baltica 59 m² 1 290 00,gratka,19:41-09-05-2025
https://gratka.pl/nieruchomosci/mieszkanie-gdansk-wrzeszcz-jesionowa-6b/ob/38201903,Mieszkanie na sprzedaż - 63 m² - 3 pokoje Gdańsk Wrzeszcz,Wrzeszcz,700 000 zł,62 m²,ętro 2/7 Stylowe mieszkanie | ogródek | Mila Baltica 59 m² 1 290 00,gratka,19:41-09-05-2025
https://gratka.pl/nieruchomosci/mieszkanie-gdansk-wrzeszcz-jesionowa-6b/ob/38201933,Mieszkanie na sprzedaż - 63 m² - 3 pokoje Gdańsk Wrzeszcz,Wrzeszcz,700 000 zł,62 m²,ętro 2/7 Stylowe mieszkanie | ogródek | Mila Baltica 59 m² 1 290 00,gratka,19:41-09-05-2025
https://gratka.pl/nieruchomosci/mieszkanie-gdansk-wrzeszcz-jesionowa-6b/ob/38201961,Mieszkanie na sprzedaż - 55 m² - 3 pokoje Gdańsk Wrzeszcz,Wrzeszcz,635 000 zł,45 m²,ętro 2/7 Stylowe mieszkanie | ogródek | Mila Baltica 59 m² 1 290 00,gratka,19:41-09-05-2025
https://gratka.pl/nieruchomosci/mieszkanie-gdansk-wrzeszcz-jesionowa-6b/ob/38201953,Mieszkanie na sprzedaż - 62 m² - 3 pokoje Gdańsk Wrzeszcz,Wrzeszcz,700 000 zł,62 m²,ętro 2/7 Stylowe mieszkanie | ogródek | Mila Baltica 59 m² 1 290 00,gratka,19:41-09-05-2025
https://gratka.pl/nieruchomosci/mieszkanie-gdansk-wrzeszcz-jesionowa-6b/ob/38201929,Mieszkanie na sprzedaż - 49 m² - 2 pokoje Gdańsk Wrzeszcz,Wrzeszcz,905 000 zł,42 m², pokoje • piętro 2/7 2 pokoje z ogrodem i piwnicą 47 m² 554 000 zł Gd,gratka,19:41-09-05-2025
https://gratka.pl/nieruchomosci/mieszkanie-gdansk-wrzeszcz-jesionowa-6b/ob/38201895,Mieszkanie na sprzedaż - 56 m² - 3 pokoje Gdańsk Wrzeszcz,Wrzeszcz,635 000 zł,45 m²,ętro 2/7 Stylowe mieszkanie | ogródek | Mila Baltica 59 m² 1 290 00,gratka,19:41-09-05-2025
https://gratka.pl/nieruchomosci/mieszkanie-gdansk-wrzeszcz-stanislawa-wyspianskiego/ob/38097771,3 pokoje w kamienicy dolny wrzeszcz,Wrzeszcz,950 000 zł,105 m²," pokoje • piętro 2/4 4 pokoje z ogrodem przy lesie, idealne dla rodzi",gratka,19:41-09-05-2025
https://gratka.pl/nieruchomosci/mieszkanie-gdansk-wrzeszcz-stanislawa-wyspianskiego/ob/38029999,Doskonała lokalizacja we Wrzeszczu - z parkingiem,Wrzeszcz,888 000 zł,96 m²,encji Dwupoziomowy apartament z ogrodem w Mechelinkach 83 m² 1 499 00,gratka,19:41-09-05-2025
https://gratka.pl/nieruchomosci/mieszkanie-gdansk-wrzeszcz-biala/ob/37994513,Świetna inwestycja w centrum Wrzeszcza,Wrzeszcz,Zarezerwowano,86 m²,1 pokój • piętro 4/4 2 pokoje z ogrodem i piwnicą 47 m² 554 000 zł Gd,gratka,19:41-09-05-2025
https://gratka.pl/nieruchomosci/mieszkanie-gdansk-wrzeszcz-partyzantow/ob/40101465,2 pokoje w Quattro Towers,Wrzeszcz,905 000 zł,42 m²," 37 m² • 1 pokój • piętro 1/4 Z ogrodem, na kameralnym osiedlu pod Gd",gratka,19:41-09-05-2025
https://gratka.pl/nieruchomosci/mieszkanie-gdansk-wrzeszcz-krzysztofa-kamila-baczynskiego/ob/41023889,2 pokoje po remoncie z pięknym widokiem,Wrzeszcz,550 000 zł,42 m²,Z ogromnym potencjałem 4 pok. ogród piwnica 75 m² 1 050 000 zł Wa,gratka,19:41-09-05-2025
https://gratka.pl/nieruchomosci/mieszkanie-gdansk-wrzeszcz-jana-kochanowskiego/ob/37839573,3 pokoje w sercu Wrzeszcza,Wrzeszcz,554 000 zł,47 m²,49 m² • 2 pokoje • piętro 2/3 Ogród | miejsce naziemne | pracowni,gratka,19:41-09-05-2025
https://gratka.pl/nieruchomosci/mieszkanie-gdansk-wrzeszcz-bernarda-chrzanowskiego/ob/37837843,Klimatyczne mieszkanie we Wrzeszczu,Wrzeszcz,1 615 202 zł,86 m²,1 pokój • piętro 4/4 2 pokoje z ogrodem i piwnicą 47 m² 554 000 zł Gd,gratka,19:41-09-05-2025
https://gratka.pl/nieruchomosci/mieszkanie-gdansk-wrzeszcz-ludwika-warynskiego/ob/41466683,"Przestronne, odnowione, 3-pok. we Wrzeszczu",Wrzeszcz,899 000 zł,63 m²," parter/3 Mieszkanie 3 pokoje,ogród,parkin,.las,staw 75 m² 1 149 ",gratka,19:41-09-05-2025
https://gratka.pl/nieruchomosci/mieszkanie-gdansk-wrzeszcz-aleja-grunwaldzka/ob/37709457,Nieruchomość inwestycyjna,Wrzeszcz,700 000 zł,62 m²,1 pokój • piętro 4/4 2 pokoje z ogrodem i piwnicą 47 m² 554 000 zł Gd,gratka,19:41-09-05-2025
https://gratka.pl/nieruchomosci/mieszkanie-gdansk-wrzeszcz-boleslawa-lesmiana/ob/40138085,Przestronny apartament na osiedlu Garnizon,Wrzeszcz,2 070 274 zł,112 m²,je • piętro 2/4 3 sypialnie | Ogród i garaż 118 m² 11 000 zł Wars,gratka,19:41-09-05-2025
https://gratka.pl/nieruchomosci/mieszkanie-gdansk-wrzeszcz-jana-kochanowskiego/ob/37612333,4 - pokoje Gdańsk Wrzeszcz,Wrzeszcz,1 299 000 zł,62 m²,"ętro 1/12 Apartament 3 pokoje,ogród,wysoki standard, skm 60 m² 1 ",gratka,19:41-09-05-2025
https://gratka.pl/nieruchomosci/mieszkanie-gdansk-wrzeszcz-aleja-zwyciestwa/ob/41225017,Duże mieszkanie działką w centrum Gdańska,Wrzeszcz,830 000 zł,59 m²,1 pokój • piętro 4/4 2 pokoje z ogrodem i piwnicą 47 m² 554 000 zł Gd,gratka,19:41-09-05-2025
https://gratka.pl/nieruchomosci/mieszkanie-gdansk-wrzeszcz-romualda-traugutta/ob/38125027,"GDAŃSK WRZESZCZ! dwa pokoje, blisko uczelni",Wrzeszcz,519 000 zł,39 m²,"AŃSK JASIEŃ! 2 pokoje, taras, ogródek 44 m² 569 000 zł Gdańsk Jasie",gratka,19:41-09-05-2025
https://gratka.pl/nieruchomosci/mieszkanie-gdansk-wrzeszcz-gen-jozefa-hallera/ob/38502067,Apartament 2 pokoje z pięknym widokiem,Wrzeszcz,905 000 zł,42 m²," piętro 1/6 Loft z antresolą, ogród! Garnizon, Wrzeszcz 48 m² 999",gratka,19:41-09-05-2025
https://gratka.pl/nieruchomosci/mieszkanie-gdansk-wrzeszcz-gen-jozefa-hallera/ob/38502069,Apartament 3 pokoje | Blisko morza,Wrzeszcz,899 000 zł,63 m²,ent Gdańsk Oliwa | 2 pokoje | ogródek 50 m² 1 272 261 zł Gdańsk Oli,gratka,19:41-09-05-2025
https://gratka.pl/nieruchomosci/mieszkanie-gdansk-wrzeszcz-gen-jozefa-hallera/ob/41380705,Apartament 4 pokojowy,Wrzeszcz,1 170 000 zł,77 m²,ent Gdańsk Oliwa | 2 pokoje | ogródek 50 m² 1 272 261 zł Gdańsk Oli,gratka,19:41-09-05-2025
https://gratka.pl/nieruchomosci/mieszkanie-gdansk-wrzeszcz-aleja-gen-jozefa-hallera/ob/37424827,Mieszkanie 4-pokojowe Gdańsk Wrzeszcz,Wrzeszcz,999 000 zł,91 m²,"000 zł 621 m² Skrajny szereg, ogród, garaż, cena do negocjacji 13",gratka,19:41-09-05-2025
https://gratka.pl/nieruchomosci/mieszkanie-gdansk-wrzeszcz-aleja-gen-jozefa-hallera/ob/37424821,Mieszkanie 2-pokojowe Gdańsk Wrzeszcz,Wrzeszcz,905 000 zł,42 m²,"000 zł 621 m² Skrajny szereg, ogród, garaż, cena do negocjacji 13",gratka,19:41-09-05-2025
https://gratka.pl/nieruchomosci/mieszkanie-gdansk-wrzeszcz-romualda-traugutta/ob/37265055,Mieszkanie inwestycyjne ! 3 Pokoje ! ul. Traugutta,Wrzeszcz,599 000 zł,42 m²,45 m² • 2 pokoje • piętro 2/4 Ogród | miejsce naziemne | pracowni,gratka,19:41-09-05-2025
https://gratka.pl/nieruchomosci/mieszkanie-gdansk-wrzeszcz-jaskowa-dolina/ob/37091531,Mieszkanie na Sprzedaż w Prestiżowej Inwestycji,Wrzeszcz,982 838 zł,48 m²," piętro 5/7 Loft z antresolą, ogród! Garnizon, Wrzeszcz 48 m² 999",gratka,19:41-09-05-2025
https://gratka.pl/nieruchomosci/mieszkanie-gdansk-wrzeszcz-tadeusza-kosciuszki/ob/37076301,Gotowa inwestycja w sercu Gdańska,Wrzeszcz,1 170 000 zł,77 m²,8 pokoi Kamienica po remoncie z ogrodem Apartamenty 317 m² 3 495 000 ,gratka,19:41-09-05-2025
https://gratka.pl/nieruchomosci/mieszkanie-gdansk-wrzeszcz-konrada-leczkowa/ob/36680769,Powiększone mieszkanie z garderobą,Wrzeszcz,635 000 zł,45 m², pokoje • piętro 1/2 2 pokoje z ogrodem i piwnicą 47 m² 554 000 zł Gd,gratka,19:41-09-05-2025
https://gratka.pl/nieruchomosci/mieszkanie-gdansk-wrzeszcz-jaskowa-dolina/ob/39454859,Piękne mieszkanie w sercu Wrzeszcza,Wrzeszcz,2 070 274 zł,112 m²,Z ogromnym potencjałem 4 pok. ogród piwnica 75 m² 1 050 000 zł Wa,gratka,19:41-09-05-2025
https://gratka.pl/nieruchomosci/mieszkanie-gdansk-wrzeszcz-adama-mickiewicza/ob/36582525,4-POKOJOWE MIESZKANIE WE WRZESZCZU,Wrzeszcz,949 000 zł,107 m²,1 pokój • piętro 4/4 2 pokoje z ogrodem i piwnicą 47 m² 554 000 zł Gd,gratka,19:41-09-05-2025
https://gratka.pl/nieruchomosci/mieszkanie-gdansk-wrzeszcz-sochaczewska/ob/37007719,Mieszkanie po remoncie we Wrzeszczu z ogródkiem,Wrzeszcz,635 000 zł,45 m², pokoje • piętro 1/2 2 pokoje z ogrodem i piwnicą 47 m² 554 000 zł Gd,gratka,19:41-09-05-2025
https://gratka.pl/nieruchomosci/mieszkanie-gdansk-wrzeszcz-partyzantow/ob/36972191,Obejrzyj i zaproponuj swoją cenę,Wrzeszcz,635 000 zł,45 m², pokoje • piętro 1/2 2 pokoje z ogrodem i piwnicą 47 m² 554 000 zł Gd,gratka,19:41-09-05-2025
https://gratka.pl/nieruchomosci/mieszkanie-gdansk-wrzeszcz/ob/39092503,"Promocja! 2 pokoje, wysoki standard - Wrzeszcz",Wrzeszcz,635 000 zł,45 m²,liźniak w wysokim standardzie z ogrodem 128 m² 699 000 zł Kartuzy Kie,gratka,19:41-09-05-2025
https://gratka.pl/nieruchomosci/mieszkanie-gdansk-wrzeszcz-bernarda-chrzanowskiego/ob/38058295,Nieruchomość w obrębie Garnizonu,Wrzeszcz,1 100 000 zł,84 m²,Z ogromnym potencjałem 4 pok. ogród piwnica 75 m² 1 050 000 zł Wa,gratka,19:41-09-05-2025
https://gratka.pl/nieruchomosci/mieszkanie-gdansk-wrzeszcz-konrada-wallenroda/ob/39167449,2 pokoje w klimatycznej Kamienicy we Wrzeszczu,Wrzeszcz,519 000 zł,39 m²,raz suszarnia a także wspólny ogród wykupiony od miasta. Prywatne,gratka,19:41-09-05-2025
https://gratka.pl/nieruchomosci/mieszkanie-gdansk-wrzeszcz-jaskowa-dolina/ob/34973877,Wysoki standard z pełnym wyposażeniem,Wrzeszcz,2 380 000 zł,103 m²,eksem kuchennym z wyjściem na ogród (ok 80 m/2) od strony południ,gratka,19:41-09-05-2025
https://gratka.pl/nieruchomosci/mieszkanie-gdansk-wrzeszcz-joachima-lelewela/ob/34880553,Wrzeszcz - Taras 60m2 - 4m Sufity,Wrzeszcz,1 290 000 zł,59 m²," parter/6 Apartament 3 pokoje,ogród,wysoki standard, skm 60 m² 1 ",gratka,19:41-09-05-2025
https://gratka.pl/nieruchomosci/mieszkanie-gdansk-wrzeszcz-aleja-gen-jozefa-hallera/ob/34878499,"Inwestycja Premium, 2 Loggie, Wrzeszcz",Wrzeszcz,2 655 455 zł,126 m²,"rter/3 Dwupokojowe Mieszkanie z Ogrodem, Borkowo 43 m² 440 000 zł Gda",gratka,19:41-09-05-2025
https://gratka.pl/nieruchomosci/mieszkanie-gdansk-wrzeszcz-aleja-gen-jozefa-hallera/ob/34877735,"Nowa Osiedle Premium, Bliska odległość od Morza",Wrzeszcz,1 550 000 zł,84 m²,"rter/3 Dwupokojowe Mieszkanie z Ogrodem, Borkowo 43 m² 440 000 zł Gda",gratka,19:41-09-05-2025
https://gratka.pl/nieruchomosci/mieszkanie-gdansk-wrzeszcz-aleja-gen-jozefa-hallera/ob/34877731,"Nowa Inwestycja, Trzy Pokoje z Balkonem, Wrzeszcz",Wrzeszcz,899 000 zł,63 m²,"rter/3 Dwupokojowe Mieszkanie z Ogrodem, Borkowo 43 m² 440 000 zł Gda",gratka,19:41-09-05-2025
https://gratka.pl/nieruchomosci/mieszkanie-gdansk-wrzeszcz-aleja-gen-jozefa-hallera/ob/34877243,"Inwestycja Dwupokojowa z Tarasem, Wrzeszcz",Wrzeszcz,795 000 zł,42 m²,"rter/3 Dwupokojowe Mieszkanie z Ogrodem, Borkowo 43 m² 440 000 zł Gda",gratka,19:41-09-05-2025
https://gratka.pl/nieruchomosci/mieszkanie-gdansk-wrzeszcz-kosciuszki-tadeusza/ob/41139047,"20 minut specerem do morza, balkon, po remoncie",Wrzeszcz,899 000 zł,63 m²,ter/6 Do wprowadzenia. Garaż. Ogródek 80 m² 890 000 zł Gdańsk Ujeśc,gratka,19:41-09-05-2025
https://gratka.pl/nieruchomosci/mieszkanie-gdansk-wrzeszcz-tadeusza-kosciuszki/ob/36697891,"Inwestycyjny strzał w 10, Gdańsk Wrzeszcz, 58 m2",Wrzeszcz,635 000 zł,45 m², pokoje • piętro 2/7 2 pokoje z ogrodem i piwnicą 47 m² 554 000 zł Gd,gratka,19:41-09-05-2025
https://gratka.pl/nieruchomosci/mieszkanie-gdansk-wrzeszcz-jaskowa-dolina/ob/34411233,KOMFORTOWE 2 pokoje na Jaśkowej Dolinie,Wrzeszcz,795 000 zł,42 m²,1 pokój • piętro 4/4 2 pokoje z ogrodem i piwnicą 47 m² 554 000 zł Gd,gratka,19:41-09-05-2025
https://gratka.pl/nieruchomosci/mieszkanie-gdansk-wrzeszcz-jaskowa-dolina/ob/34371797,2 pokoje na Jaśkowej Dolinie,Wrzeszcz,795 000 zł,42 m²,1 pokój • piętro 4/4 2 pokoje z ogrodem i piwnicą 47 m² 554 000 zł Gd,gratka,19:41-09-05-2025
https://gratka.pl/nieruchomosci/mieszkanie-gdansk-wrzeszcz-jaskowa-dolina/ob/34370893,2 pokoje na Jaśkowej Dolinie,Wrzeszcz,795 000 zł,42 m²,1 pokój • piętro 4/4 2 pokoje z ogrodem i piwnicą 47 m² 554 000 zł Gd,gratka,19:41-09-05-2025
https://gratka.pl/nieruchomosci/mieszkanie-gdansk-wrzeszcz-jaskowa-dolina/ob/34370889,2 pokoje na Jaśkowej Dolinie,Wrzeszcz,635 000 zł,45 m²,1 pokój • piętro 4/4 2 pokoje z ogrodem i piwnicą 47 m² 554 000 zł Gd,gratka,19:41-09-05-2025
https://gratka.pl/nieruchomosci/mieszkanie-gdansk-wrzeszcz-aleja-grunwaldzka/ob/38810155,"Wygodne 2pokoje 66,6m2 Gdańsk Wrzeszcz",Wrzeszcz,700 000 zł,62 m²,ętro 3/4 2 pokoje + gabinet | ogródek 37 m² | os. Wilno 49 m² 749 0,gratka,19:41-09-05-2025
https://gratka.pl/nieruchomosci/mieszkanie-gdansk-wrzeszcz-tadeusza-kosciuszki/ob/34340761,4 pokoje samym w centrum Gdańsk Wrzeszcz,Wrzeszcz,Zarezerwowano,76 m²,dwustronne miejsce parkingowe ogródek piwnica Opis nieruchomości Sp,gratka,19:41-09-05-2025
https://gratka.pl/nieruchomosci/mieszkanie-gdansk-wrzeszcz-prof-zygmunta-czubinskiego/ob/34340763,Komfortowy apartament na granicy Wrzeszcza/Moreny,Wrzeszcz,2 070 274 zł,112 m²,1 pokój • piętro 4/4 2 pokoje z ogrodem i piwnicą 47 m² 554 000 zł Gd,gratka,19:41-09-05-2025
https://gratka.pl/nieruchomosci/mieszkanie-gdansk-wrzeszcz/ob/34055011,Apartament na najwyższym piętrze niedaleko morza,Wrzeszcz,2 655 455 zł,126 m²,je • piętro 2/4 3 sypialnie | Ogród i garaż 118 m² 11 000 zł Wars,gratka,19:41-09-05-2025
https://gratka.pl/nieruchomosci/mieszkanie-gdansk-wrzeszcz-jaskowa-dolina/ob/33048873,Mieszkanie na sprzedaż - 76 m² - 4 pokoje Gdańsk Wrzeszcz,Wrzeszcz,700 000 zł,62 m²,ością stacja ładowania balkon ogródek Opis nieruchomości Lokal zare,gratka,19:41-09-05-2025
https://gratka.pl/nieruchomosci/mieszkanie-gdansk-wrzeszcz-jaskowa-dolina/ob/33048849,Mieszkanie na sprzedaż - 66 m² - 1 pokój Gdańsk Wrzeszcz,Wrzeszcz,700 000 zł,62 m²,parter/3 Stylowe mieszkanie | ogródek | Mila Baltica 59 m² 1 290 00,gratka,19:41-09-05-2025
https://gratka.pl/nieruchomosci/mieszkanie-gdansk-wrzeszcz-jaskowa-dolina/ob/33048847,Mieszkanie na sprzedaż - 62 m² - 1 pokój Gdańsk Wrzeszcz,Wrzeszcz,700 000 zł,62 m²,ością stacja ładowania balkon ogródek Opis nieruchomości Lokal zare,gratka,19:41-09-05-2025
https://gratka.pl/nieruchomosci/mieszkanie-gdansk-wrzeszcz-jaskowa-dolina/ob/33048833,Mieszkanie na sprzedaż - 79 m² - 3 pokoje Gdańsk Wrzeszcz,Wrzeszcz,Zarezerwowano,76 m²,ością stacja ładowania balkon ogródek Opis nieruchomości Lokal zare,gratka,19:41-09-05-2025
https://gratka.pl/nieruchomosci/mieszkanie-gdansk-wrzeszcz-jaskowa-dolina/ob/33048837,Mieszkanie na sprzedaż - 45 m² - 2 pokoje Gdańsk Wrzeszcz,Wrzeszcz,905 000 zł,42 m²,ością stacja ładowania balkon ogródek Opis nieruchomości Najważniej,gratka,19:41-09-05-2025
https://gratka.pl/nieruchomosci/mieszkanie-gdansk-wrzeszcz-jaskowa-dolina/ob/33048843,Mieszkanie na sprzedaż - 66 m² - 3 pokoje Gdańsk Wrzeszcz,Wrzeszcz,700 000 zł,62 m²,ością stacja ładowania balkon ogródek Opis nieruchomości Najważniej,gratka,19:41-09-05-2025
https://gratka.pl/nieruchomosci/mieszkanie-gdansk-wrzeszcz-jaskowa-dolina/ob/33048825,Mieszkanie na sprzedaż - 66 m² - 3 pokoje Gdańsk Wrzeszcz,Wrzeszcz,700 000 zł,62 m²,ością stacja ładowania balkon ogródek Opis nieruchomości Najważniej,gratka,19:41-09-05-2025
https://gratka.pl/nieruchomosci/mieszkanie-gdansk-wrzeszcz-jaskowa-dolina/ob/33048821,Mieszkanie na sprzedaż - 90 m² - 4 pokoje Gdańsk Wrzeszcz,Wrzeszcz,Zarezerwowano,76 m²,ością stacja ładowania balkon ogródek Opis nieruchomości Najważniej,gratka,19:41-09-05-2025
https://gratka.pl/nieruchomosci/mieszkanie-gdansk-wrzeszcz-jaskowa-dolina/ob/33048813,Mieszkanie na sprzedaż - 47 m² - 2 pokoje Gdańsk Wrzeszcz,Wrzeszcz,905 000 zł,42 m²," piętro 1/6 Loft z antresolą, ogród! Garnizon, Wrzeszcz 48 m² 999",gratka,19:41-09-05-2025
https://gratka.pl/nieruchomosci/mieszkanie-gdansk-wrzeszcz-jaskowa-dolina/ob/33048795,Mieszkanie na sprzedaż - 68 m² - 3 pokoje Gdańsk Wrzeszcz,Wrzeszcz,700 000 zł,62 m²,ością stacja ładowania balkon ogródek Opis nieruchomości Lokal zare,gratka,19:41-09-05-2025
https://gratka.pl/nieruchomosci/mieszkanie-gdansk-wrzeszcz/ob/32740707,Nowoczesne mieszkanie niedaleko plaży w Brzeźnie,Wrzeszcz,819 000 zł,53 m²,je • piętro 2/4 3 sypialnie | Ogród i garaż 118 m² 11 000 zł Wars,gratka,19:41-09-05-2025
https://gratka.pl/nieruchomosci/mieszkanie-gdansk-wrzeszcz/ob/32740709,Nowoczesne mieszkanie niedaleko plaży w Brzeźnie,Wrzeszcz,899 000 zł,63 m²,je • piętro 2/4 3 sypialnie | Ogród i garaż 118 m² 11 000 zł Wars,gratka,19:41-09-05-2025
https://gratka.pl/nieruchomosci/mieszkanie-gdansk-wrzeszcz/ob/31904389,Apartament niedaleko plaży w Brzeźnie,Wrzeszcz,795 000 zł,42 m²,je • piętro 2/4 3 sypialnie | Ogród i garaż 118 m² 11 000 zł Wars,gratka,19:41-09-05-2025
https://gratka.pl/nieruchomosci/mieszkanie-gdansk-wrzeszcz-jana-kochanowskiego/ob/38968987,Mieszkanie na sprzedaż - 59 m² - 2 pokoje Gdańsk Wrzeszcz Wrzeszcz Dolny,Wrzeszcz,700 000 zł,62 m²,eszkania kamienica dwustronne ogródek piwnica Opis nieruchomości Ja,gratka,19:41-09-05-2025
https://gratka.pl/nieruchomosci/mieszkanie-gdansk-wrzeszcz-jana-kilinskiego/ob/29979205,Gdańsk | Wrzeszcz | 2 pokoje | Centrum,Wrzeszcz,905 000 zł,42 m²," piętro 3/6 Loft z antresolą, ogród! Garnizon, Wrzeszcz 48 m² 999",gratka,19:41-09-05-2025
https://gratka.pl/nieruchomosci/mieszkanie-gdansk-wrzeszcz-twarda/ob/39844307,Mieszkanie na sprzedaż - 32 m² - 2 pokoje Gdańsk Wrzeszcz,Wrzeszcz,415 000 zł,25 m²,Z ogromnym potencjałem 4 pok. ogród piwnica 75 m² 1 050 000 zł Wa,gratka,19:38-09-05-2025
https://gratka.pl/nieruchomosci/mieszkanie-gdansk-wrzeszcz-twarda/ob/39844313,Mieszkanie na sprzedaż - 36 m² - 2 pokoje Gdańsk Wrzeszcz,Wrzeszcz,519 000 zł,39 m²,Z ogromnym potencjałem 4 pok. ogród piwnica 75 m² 1 050 000 zł Wa,gratka,19:38-09-05-2025
https://www.otodom.pl/pl/oferta/jaskowa-dolina-w-otulinie-lasu-osiedle-premium-ID4vj4z,Jaśkowa Dolina | W otulinie lasu | Osiedle Premium,"ul. Jaśkowa Dolina, Wrzeszcz Górny, Gdańsk, pomorskie",2 000 000 zł,<built-in method strip of str object at 0x7f74f1dad6b0>,omości Informacje dodatkowe : ogródek garaż/miejsce parkingowe pom.,otodom,19:38-09-05-2025
https://www.olx.pl/d/oferta/mieszkanie-z-ogrodkiem-w-swietnej-lokalizacji-CID3-ID15FXob.html,Mieszkanie z ogrodkiem w świetnej lokalizacji,Wrzeszcz,630 000 zł,"Powierzchnia: 40,50 m²",rzeszcz - salon z wyjściem na ogródek -funkcjonalny układ pomieszcz,olx,22-09-05-2025
https://www.olx.pl/d/oferta/4-pokojowe-mieszkanie-w-sercu-wrzeszcza-1-pietro-116-m-CID3-ID15w8Jm.html,"4-pokojowe mieszkanie w sercu Wrzeszcza – 1. piętro, 116 m²",Wrzeszcz,1 490 000 zł,Powierzchnia: 116 m²," miejsce na relaks, biuro lub ogród zimowy. Mieszkanie zachowało ",olx,22-09-05-2025
https://www.olx.pl/d/oferta/sprzedam-mieszkanie-gdansk-plocka-dwa-tarasy-CID3-ID15EMFX.html,Sprzedam mieszkanie Gdańsk Płocka Dwa Tarasy,Wrzeszcz,699 000 zł,"Powierzchnia: 47,50 m²","a rodziny lub pary • Prywatny ogród z tarasem, skrzynią ogrodową,",olx,22-09-05-2025
https://www.olx.pl/d/oferta/2-pokojowe-mieszkanie-z-balkonem-gdansk-chelm-CID3-ID158XjA.html,2-pokojowe mieszkanie z balkonem – Gdańsk Chełm,Wrzeszcz,529 000 zł,"Powierzchnia: 49,60 m²",należy piwnica (ok. 3m2) oraz ogródek działkowy o powierzchni ok. 3,olx,22-09-05-2025
https://www.olx.pl/d/oferta/atrakcyjne-mieszkanie-ogrodekwysoki-standardhala-CID3-ID10wqcT.html,Atrakcyjne mieszkanie *ogrodek*wysoki standard*hala,Wrzeszcz,455 000 zł,Powierzchnia: 35 m²,dzie. Kawalerka z wyjściem na ogród. Możliwość wyodrębnienia dwoc,olx,22-09-05-2025
https://www.olx.pl/d/oferta/2-pokoje-36m-stan-deweloperski-ogrodek-osiedle-novelo-dostepne-od-reki-CID3-ID15uGlK.html,2 Pokoje 36m Stan Deweloperski Ogródek Osiedle Novelo Dostępne Od Ręki,Wrzeszcz,409 000 zł,Powierzchnia: 36 m², Pokoje 36m Stan Deweloperski Ogródek Osiedle Novelo Dostępne Od Rę,olx,22-09-05-2025
https://www.olx.pl/d/oferta/mieszkanie-z-ogrodkiem-i-miejscem-w-hali-garazowej-CID3-ID15siNs.html,Mieszkanie z ogródkiem i miejscem w hali garażowej,Wrzeszcz,1 499 000 zł,"Powierzchnia: 55,52 m²","kania przynależy duży narożny ogródek z tarasem, komórka lokatorska",olx,22-09-05-2025
https://gratka.pl/nieruchomosci/mieszkanie-gdansk-wrzeszcz/ob/41571039,Gdańsk Garnizon 2 pokoje 48m2 Sprzedam,Wrzeszcz,905 000 zł,42 m²," piętro 1/6 Loft z antresolą, ogród! Garnizon, Wrzeszcz 48 m² 999",gratka,21:04-09-05-2025
https://gratka.pl/nieruchomosci/mieszkanie-gdansk-wrzeszcz-twarda/ob/39844297,Mieszkanie na sprzedaż - 25 m² - 1 pokój Gdańsk Wrzeszcz,Wrzeszcz,300 600 zł,24 m²,Z ogromnym potencjałem 4 pok. ogród piwnica 75 m² 1 050 000 zł Wa,gratka,21:04-09-05-2025
https://www.otodom.pl/hpr/pl/oferta/gdansk-wrzeszcz-dolny-3-pokoje-na-parterze-ID4wnhc,"Gdańsk Wrzeszcz Dolny, 3 Pokoje Na Parterze","al. Legionów, Wrzeszcz Dolny, Gdańsk, pomorskie",749 000 zł,<built-in method strip of str object at 0x7ff453d8cf70>,omości Informacje dodatkowe : ogródek garaż/miejsce parkingowe piwn,otodom,21:04-09-05-2025
https://www.otodom.pl/hpr/pl/oferta/wyjatkowe-4-pokojowe-mieszkanie-we-wrzeszczu-ID4uMcI,Wyjątkowe 4-Pokojowe Mieszkanie We Wrzeszczu,"Aleja Grunwaldzka, Wrzeszcz Górny, Gdańsk, pomorskie",1 369 000 zł,<built-in method strip of str object at 0x7ff44950cf30>,omości Informacje dodatkowe : ogródek garaż/miejsce parkingowe piwn,otodom,21:04-09-05-2025
https://www.otodom.pl/hpr/pl/oferta/elegancki-apartament-w-starym-wrzeszczu-ID4v10F,Elegancki APARTAMENT w starym Wrzeszczu,"ul. Marii Konopnickiej, Wrzeszcz Górny, Gdańsk, pomorskie",2 040 000 zł,<built-in method strip of str object at 0x7f27a06821a0>,Informacje dodatkowe : balkon ogródek garaż/miejsce parkingowe piwn,otodom,21:33-09-05-2025
https://www.otodom.pl/hpr/pl/oferta/4-pokojowe-mieszkanie-w-kamienicy-ID4uZ5T,4-pokojowe mieszkanie w Kamienicy,"Wrzeszcz Górny, Gdańsk, pomorskie",1 477 000 zł,<built-in method strip of str object at 0x7fba3cbb5f70>,omości Informacje dodatkowe : ogródek oddzielna kuchnia Budynek i m,otodom,22:35-09-05-2025
https://www.otodom.pl/hpr/pl/oferta/dwupokojowe-mieszkanie-z-osobna-kuchnia-we-wrzesz-ID4tB89,Dwupokojowe mieszkanie z osobną kuchnią we Wrzesz.,"al. gen. Józefa Hallera, Wrzeszcz Dolny, Gdańsk, pomorskie",730 000 zł,<built-in method strip of str object at 0x7fba2d3fa930>,ywatny Informacje dodatkowe : ogródek piwnica oddzielna kuchnia Bud,otodom,22:35-09-05-2025
https://www.otodom.pl/hpr/pl/oferta/gorny-wrzeszcz-nowe-budownictwo-mozliwe-4-pok-ID4ufIn,"Górny Wrzeszcz - nowe budownictwo, możliwe 4 pok.","ul. Marii Konopnickiej, Wrzeszcz Górny, Gdańsk, pomorskie",1 390 000 zł,<built-in method strip of str object at 0x7f0e9805b820>,Informacje dodatkowe : balkon ogródek garaż/miejsce parkingowe piwn,otodom,23:35-09-05-2025
https://gratka.pl/nieruchomosci/mieszkanie-gdansk-wrzeszcz-chwaszczynska/ob/41355567,Kawalerka po remoncie Gdańsk Wrzeszcz,Wrzeszcz,1 019 000 zł,62 m²,arter/2 Miłe 2 pokoje 45.99m2 z ogrodem Gdańsk Kowale 45 m² 620 000 z,gratka,02:10-10-05-2025
